neuron_label,root_id,cell_type,subtype,branch_idx,branch_order,mean_diameter_nm,total_length_nm,electrotonic_length,soma_distance_nm,synapse_count,exc_count,inh_count,exc_fraction
exc_23P,864691135848859998,excitatory,23P,0,0,2591.8571428571427,25636.3903823545,0.02758112479670322,12818.19519117725,21,0,21,0.0
exc_23P,864691135848859998,excitatory,23P,1,1,7612.0,14778.011774254343,0.009277420592108544,7389.005887127171,17,0,17,0.0
exc_23P,864691135848859998,excitatory,23P,2,1,3637.2,17370.50202110955,0.01577572787411854,8685.251010554775,14,1,13,0.07142857142857142
exc_23P,864691135848859998,excitatory,23P,3,1,7540.0,13192.846546519064,0.008321727019288386,6596.423273259532,9,5,4,0.5555555555555556
exc_23P,864691135848859998,excitatory,23P,4,1,4181.5,15863.12266838469,0.013436410369229787,7931.561334192345,23,4,19,0.17391304347826086
exc_23P,864691135848859998,excitatory,23P,5,1,3052.285714285714,20248.236039785235,0.020074060569776533,10124.118019892618,14,2,12,0.14285714285714285
exc_23P,864691135848859998,excitatory,23P,6,8,895.8666666666667,20984.127671450446,0.038399879225164434,149010.76447000282,1,0,1,0.0
exc_23P,864691135848859998,excitatory,23P,7,8,877.9487179487179,55710.03014445101,0.1029815552437722,166373.7157065031,0,0,0,
exc_23P,864691135848859998,excitatory,23P,8,1,1993.090909090909,14696.158995328473,0.01803021540088359,32984.46988001874,5,0,5,0.0
exc_23P,864691135848859998,excitatory,23P,9,1,1330.888888888889,10661.96451138462,0.016007627156902828,30967.37263804681,7,0,7,0.0
exc_23P,864691135848859998,excitatory,23P,10,9,724.3157894736842,54562.270688754965,0.11104246318694215,186783.96365010552,2,0,2,0.0
exc_23P,864691135848859998,excitatory,23P,11,9,698.2608695652174,30806.720294010785,0.06385534275121053,174906.18845273342,3,1,2,0.3333333333333333
exc_23P,864691135848859998,excitatory,23P,12,2,1715.4285714285713,9048.011465985077,0.011965406295087008,44856.555110675516,7,2,5,0.2857142857142857
exc_23P,864691135848859998,excitatory,23P,13,2,1394.0,6490.13853506084,0.009521014084194182,43577.6186452134,0,0,0,
exc_23P,864691135848859998,excitatory,23P,14,3,1641.7142857142858,19617.006669411683,0.026518232771758292,59189.06417837389,16,2,14,0.125
exc_23P,864691135848859998,excitatory,23P,15,3,944.2285714285714,102614.82669174546,0.1829077782799817,100687.97418954078,13,3,10,0.23076923076923078
exc_23P,864691135848859998,excitatory,23P,16,3,1028.0,17362.232225027186,0.02965989647090336,55503.80402525741,7,0,7,0.0
exc_23P,864691135848859998,excitatory,23P,17,3,1022.5714285714286,7508.993051948084,0.012861614927746682,50577.18443871786,0,0,0,
exc_23P,864691135848859998,excitatory,23P,18,4,1011.6190476190476,30157.100238980882,0.051932796332055,58363.50969348831,11,0,11,0.0
exc_23P,864691135848859998,excitatory,23P,19,4,476.0,9664.940061334753,0.02426366024191842,48117.429604665245,1,0,1,0.0
exc_23P,864691135848859998,excitatory,23P,20,4,572.5714285714286,8281.620369229528,0.018956628949339874,47425.76975861263,1,1,0,1.0
exc_23P,864691135848859998,excitatory,23P,21,4,1734.5,10448.073207147758,0.013740726083999802,74221.60411665362,4,1,3,0.25
exc_23P,864691135848859998,excitatory,23P,22,4,935.3529411764706,98085.28568153972,0.17566155810701622,118040.2103538496,5,0,5,0.0
exc_23P,864691135848859998,excitatory,23P,23,4,815.7777777777778,92392.5863635499,0.1771788247244765,110381.21331954595,15,0,15,0.0
exc_23P,864691135848859998,excitatory,23P,24,4,879.0,56486.238223831024,0.10435393810596306,92428.03924968651,12,1,11,0.08333333333333333
exc_23P,864691135848859998,excitatory,23P,25,5,1490.6,13482.141485100807,0.019126651699343016,86186.7114627779,2,1,1,0.5
exc_23P,864691135848859998,excitatory,23P,26,5,964.3636363636364,29925.355466717825,0.05278123310810057,94408.3184535864,2,0,2,0.0
exc_23P,864691135848859998,excitatory,23P,27,5,819.2888888888889,65621.44916947863,0.1255705833627676,106252.78439771806,10,3,7,0.3
exc_23P,864691135848859998,excitatory,23P,28,5,760.2105263157895,53638.25778733565,0.106553654921822,100261.18870664659,10,4,6,0.4
exc_23P,864691135848859998,excitatory,23P,29,6,1595.3333333333333,7442.326414433755,0.010205719352768882,96648.94541254516,0,0,0,
exc_23P,864691135848859998,excitatory,23P,30,6,1246.6666666666667,20068.677398455537,0.031131798111667865,102962.12090455605,3,0,3,0.0
exc_23P,864691135848859998,excitatory,23P,31,7,1266.888888888889,25437.103355678166,0.03914344258928762,113088.66029760113,3,1,2,0.3333333333333333
exc_23P,864691135848859998,excitatory,23P,32,7,1143.3488372093022,61608.46986092731,0.09979566413517665,131174.3435502257,9,1,8,0.1111111111111111
exc_23P,864691135848859998,excitatory,23P,33,8,1100.8387096774193,45143.83252227908,0.0745241801746828,148379.12823657974,4,0,4,0.0
exc_23P,864691135848859998,excitatory,23P,34,8,777.52,109791.9183641147,0.2156627884800358,180703.17115749756,8,2,6,0.25
exc_23P,864691135848859998,excitatory,23P,35,4,961.1428571428571,19624.616614820527,0.034671117284982525,66065.67912250932,1,1,0,1.0
exc_23P,864691135848859998,excitatory,23P,36,4,812.8,63716.19993237492,0.12241049277722274,88111.47078128651,15,6,9,0.4
exc_23P,864691135848859998,excitatory,23P,37,9,741.7142857142857,18747.746163031472,0.037704342357355494,203602.60386024436,0,0,0,
exc_23P,864691135848859998,excitatory,23P,38,9,695.5,8359.26206271777,0.017361210417885242,198408.3618100875,0,0,0,
exc_23P,864691135848859998,excitatory,23P,39,5,732.5,46611.0320761457,0.09432906553979814,99183.50346799243,19,5,14,0.2631578947368421
exc_23P,864691135848859998,excitatory,23P,40,5,594.0,9188.216291865469,0.020648980534194065,80472.09557585232,0,0,0,
exc_23P,864691135848859998,excitatory,23P,41,5,590.25,9187.990304008847,0.02071396116570625,80471.982581924,1,0,1,0.0
exc_23P,864691135848859998,excitatory,23P,42,5,547.0,8731.296576065812,0.020447758364093908,80243.63571795248,0,0,0,
exc_23P,864691135848859998,excitatory,23P,43,5,581.1428571428571,7674.513275057443,0.017436929710982527,79715.24406744831,0,0,0,
exc_23P,864691135848859998,excitatory,23P,44,5,666.0,7669.716169950133,0.01627806600942454,79712.84551489465,0,0,0,
exc_23P,864691135848859998,excitatory,23P,45,5,565.7142857142857,7370.064682102336,0.01697201292343327,79563.01977097074,1,0,1,0.0
exc_23P,864691135848859998,excitatory,23P,46,9,977.6,5978.660869591797,0.010473309804928558,173940.3749325152,0,0,0,
exc_23P,864691135848859998,excitatory,23P,47,9,731.5151515151515,46100.29988893955,0.09335825272969135,194001.19444218907,0,0,0,
exc_23P,864691135848859998,excitatory,23P,48,10,744.6315789473684,140760.0194392451,0.28253302567590566,247309.71508693363,3,0,3,0.0
exc_23P,864691135848859998,excitatory,23P,49,10,745.8709677419355,42928.97972486033,0.0860952799941607,198394.19522974125,2,0,2,0.0
exc_23P,864691135848859998,excitatory,23P,50,2,1053.6,6013.01100562053,0.010146464614507078,20377.007523919816,0,0,0,
exc_23P,864691135848859998,excitatory,23P,51,2,987.2727272727273,14020.517938422261,0.024440276489503487,24380.760990320683,8,0,8,0.0
exc_23P,864691135848859998,excitatory,23P,52,2,1464.857142857143,8993.277525764612,0.012870072293921982,24744.874802667542,2,1,1,0.5
exc_23P,864691135848859998,excitatory,23P,53,2,1058.8,4299.414451497862,0.007237073326533911,22397.943265534166,4,0,4,0.0
exc_23P,864691135848859998,excitatory,23P,54,3,909.9545454545455,129748.31779103499,0.2355876466146213,88257.67192224758,32,9,23,0.28125
exc_23P,864691135848859998,excitatory,23P,55,3,1078.1142857142856,49525.04680116231,0.08261389942401648,48146.036427311235,14,1,13,0.07142857142857142
exc_23P,864691135848859998,excitatory,23P,56,3,884.875,117566.30301576937,0.2164723970914399,88024.66507343453,24,9,15,0.375
exc_23P,864691135848859998,excitatory,23P,57,3,1420.6666666666667,1561.4254892252825,0.0022690067961182924,30022.226310162485,0,0,0,
exc_23P,864691135848859998,excitatory,23P,58,3,1152.5,27011.85724954921,0.043580740599012485,42747.44219032445,5,0,5,0.0
exc_23P,864691135848859998,excitatory,23P,59,9,678.0,13548.784281349812,0.02850008193611508,202026.86243857883,0,0,0,
exc_23P,864691135848859998,excitatory,23P,60,9,704.1818181818181,12502.82047856719,0.02580632836533483,201503.88053718754,0,0,0,
exc_23P,864691135848859998,excitatory,23P,61,4,1066.0,31582.04401998225,0.05298125720346356,41054.5708300903,14,1,13,0.07142857142857142
exc_23P,864691135848859998,excitatory,23P,62,4,843.830985915493,102964.61620136996,0.19414262523329687,76745.85692078415,20,2,18,0.1
exc_23P,864691135848859998,excitatory,23P,63,5,850.4,72359.35948534982,0.13590759129575347,93025.27258275633,12,3,9,0.25
exc_23P,864691135848859998,excitatory,23P,64,5,827.1111111111111,64046.26624443063,0.12197547450386474,88868.72596229674,7,4,3,0.5714285714285714
exc_23P,864691135848859998,excitatory,23P,65,5,770.4878048780488,59814.252229882986,0.11802728593156164,105820.89140399655,9,4,5,0.4444444444444444
exc_23P,864691135848859998,excitatory,23P,66,5,830.9230769230769,53618.9175179654,0.10188218702486472,102723.22404803775,4,0,4,0.0
exc_23P,864691135848859998,excitatory,23P,67,5,656.0,7866.384892810725,0.01682224290847784,79846.95773546041,1,1,0,1.0
exc_23P,864691135848859998,excitatory,23P,68,4,1026.8,5914.069228445391,0.010108904676367093,57288.71557891459,3,0,3,0.0
exc_23P,864691135848859998,excitatory,23P,69,4,820.4705882352941,73506.43889292986,0.14055765469779322,91084.90041115682,22,8,14,0.36363636363636365
exc_23P,864691135848859998,excitatory,23P,70,3,1174.3333333333333,7510.857987821855,0.012004787688818316,35146.44895344274,5,1,4,0.2
exc_23P,864691135848859998,excitatory,23P,71,3,886.56,70777.32878237955,0.13019692548997464,66779.6843507216,14,3,11,0.21428571428571427
exc_23P,864691135848859998,excitatory,23P,72,5,850.4444444444445,92684.8411075522,0.17407899185078268,106588.17074691338,18,3,15,0.16666666666666666
exc_23P,864691135848859998,excitatory,23P,73,5,827.1481481481482,78162.00554815536,0.14885542630382376,99326.75296721497,13,3,10,0.23076923076923078
exc_23P,864691135848859998,excitatory,23P,74,4,887.0958904109589,107371.98252694271,0.19745417262772622,92587.86921082503,14,2,12,0.14285714285714285
exc_23P,864691135848859998,excitatory,23P,75,4,891.65625,93123.48302632256,0.17081307442261043,85463.61946051495,21,2,19,0.09523809523809523
exc_23P,864691135848859998,excitatory,23P,76,3,978.8571428571429,8981.242952695406,0.015723072425319753,28276.51655665946,2,0,2,0.0
exc_23P,864691135848859998,excitatory,23P,77,3,1123.3333333333333,1477.653739787415,0.002414787847386216,24524.72195020546,0,0,0,
exc_23P,864691135848859998,excitatory,23P,78,4,835.8507462686567,97891.8471691893,0.18545680926359986,79748.86263936978,29,5,24,0.1724137931034483
exc_23P,864691135848859998,excitatory,23P,79,4,992.2222222222222,23881.49553384097,0.04152576795663489,42743.68682169561,8,2,6,0.25
exc_23P,864691135848859998,excitatory,23P,80,4,956.9333333333333,20820.145239804566,0.03686409195535463,43177.210652909445,7,1,6,0.14285714285714285
exc_23P,864691135848859998,excitatory,23P,81,4,823.8823529411765,47931.565988526556,0.09146388517176446,56732.92102727044,7,2,5,0.2857142857142857
exc_23P,864691135848859998,excitatory,23P,82,8,901.2903225806451,44797.78840020013,0.08173063016276502,184377.47268078942,2,0,2,0.0
exc_23P,864691135848859998,excitatory,23P,83,8,912.8333333333334,33273.891817214586,0.060320993014654364,178615.52438929665,1,0,1,0.0
exc_23P,864691135848859998,excitatory,23P,84,5,810.6785714285714,81530.95886442182,0.15684072117626882,94352.76270502264,12,5,7,0.4166666666666667
exc_23P,864691135848859998,excitatory,23P,85,5,808.2608695652174,31180.620071411508,0.060071655121506556,69177.59330851748,5,1,4,0.2
exc_23P,864691135848859998,excitatory,23P,86,9,676.7777777777778,52081.564980311836,0.10965327520725145,232817.1493710454,2,1,1,0.5
exc_23P,864691135848859998,excitatory,23P,87,9,588.5142857142857,48922.97243857982,0.11045743613615741,231237.8531001794,4,2,2,0.5
exc_23P,864691135848859998,excitatory,23P,88,3,839.9240506329114,116416.8149243763,0.22001704725748797,82756.05795347125,22,6,16,0.2727272727272727
exc_23P,864691135848859998,excitatory,23P,89,3,857.52,71367.45795566161,0.13348692422388378,60231.379469113905,23,1,22,0.043478260869565216
exc_23P,864691135848859998,excitatory,23P,90,2,1540.4,5243.187821784118,0.007317105008805793,15814.440457411123,0,0,0,
exc_23P,864691135848859998,excitatory,23P,91,2,411.0,14841.036629256956,0.040096268118295114,20613.364861147544,0,0,0,
exc_23P,864691135848859998,excitatory,23P,92,2,349.0,11612.336331988396,0.034046111713568104,18999.01471251326,0,0,0,
exc_23P,864691135848859998,excitatory,23P,93,3,1040.2857142857142,19342.614277929817,0.032847285210945994,28107.34150726809,9,0,9,0.0
exc_23P,864691135848859998,excitatory,23P,94,3,1306.8,12158.047490859462,0.018421284077059792,24515.058113732914,6,0,6,0.0
exc_23P,864691135848859998,excitatory,23P,95,3,1333.888888888889,24848.92520569469,0.037265624945225825,30860.496971150525,2,0,2,0.0
exc_23P,864691135848859998,excitatory,23P,96,3,915.5882352941177,98666.7148371269,0.1785998928119802,67769.39178686663,12,1,11,0.08333333333333333
exc_23P,864691135848859998,excitatory,23P,97,3,1167.2727272727273,13631.033245498302,0.021852605977847495,25251.550991052332,0,0,0,
exc_23P,864691135848859998,excitatory,23P,98,3,1266.8,12776.950218268234,0.019662276664984397,24824.5094774373,0,0,0,
exc_23P,864691135848859998,excitatory,23P,99,3,1274.8,12776.934027788018,0.019600459479482264,24824.50138219719,0,0,0,
exc_23P,864691135848859998,excitatory,23P,100,3,1201.5555555555557,11266.636536872447,0.017802581539612252,24069.352636739408,0,0,0,
exc_23P,864691135848859998,excitatory,23P,101,3,1222.0,10936.786790666598,0.017136209781928452,23904.427763636482,0,0,0,
exc_23P,864691135848859998,excitatory,23P,102,3,1243.4285714285713,8246.451623224124,0.012809061822844183,22559.260179915243,0,0,0,
exc_23P,864691135848859998,excitatory,23P,103,2,991.8181818181819,14995.476960148559,0.026079837349804312,22275.75025432862,7,1,6,0.14285714285714285
exc_23P,864691135848859998,excitatory,23P,104,2,1071.5,9007.883306057412,0.015072569361118369,19281.95342728305,2,0,2,0.0
exc_23P,864691135848859998,excitatory,23P,105,4,881.012987012987,113583.78772773327,0.20959736540611326,94570.54251009964,20,5,15,0.25
exc_23P,864691135848859998,excitatory,23P,106,4,884.3030303030303,95652.48077864599,0.176179879584047,85604.889035556,19,7,12,0.3684210526315789
exc_23P,864691135848859998,excitatory,23P,107,3,1029.9130434782608,33083.38649907875,0.05646382653659206,46315.181983942275,11,4,7,0.36363636363636365
exc_23P,864691135848859998,excitatory,23P,108,3,1043.3793103448277,39521.958317180404,0.06701591827582543,49534.4678929931,19,1,18,0.05263157894736842
exc_23P,864691135848859998,excitatory,23P,109,4,863.28,110333.7451445993,0.20568051337177712,85760.9544314623,29,4,25,0.13793103448275862
exc_23P,864691135848859998,excitatory,23P,110,4,1106.0,45319.68342989241,0.07463970794631988,53253.92357410885,19,1,18,0.05263157894736842
exc_23P,864691135848859998,excitatory,23P,111,4,860.5970149253732,98769.22311882851,0.1844090996514285,112241.48679289591,10,0,10,0.0
exc_23P,864691135848859998,excitatory,23P,112,4,834.5833333333334,68785.99069326882,0.13041446682259272,97249.87058011605,16,2,14,0.125
exc_23P,864691135848859998,excitatory,23P,113,5,797.6744186046511,61614.14559095785,0.11948908227577697,85491.50738409502,12,6,6,0.5
exc_23P,864691135848859998,excitatory,23P,114,5,727.7777777777778,50816.64248536022,0.10317327095131175,80092.7558312962,11,3,8,0.2727272727272727
exc_23P,864691135848859998,excitatory,23P,115,4,793.8636363636364,63884.2646913741,0.12418855481208958,101237.57939727035,16,6,10,0.375
exc_23P,864691135848859998,excitatory,23P,116,4,752.0,63166.124632562976,0.1261641424052109,100878.5093678648,9,4,5,0.4444444444444444
exc_23P,864691135848859998,excitatory,23P,117,2,1132.0,12030.006776378836,0.01958408502196796,21878.12605657411,5,0,5,0.0
exc_23P,864691135848859998,excitatory,23P,118,2,899.2444444444444,131521.2406954154,0.2402246906269438,81623.7430160924,24,2,22,0.08333333333333333
exc_23P,864691135848859998,excitatory,23P,119,3,875.1325301204819,120324.30901115626,0.22278045668876692,88055.28395034166,21,6,15,0.2857142857142857
exc_23P,864691135848859998,excitatory,23P,120,3,1012.1052631578947,26128.71352704618,0.04498480197678845,40957.48620828662,9,2,7,0.2222222222222222
exc_23P,864691135848859998,excitatory,23P,121,2,1024.6666666666667,7511.562068274646,0.012852854267959448,40054.13592787644,4,1,3,0.25
exc_23P,864691135848859998,excitatory,23P,122,2,1004.2608695652174,66105.76414155812,0.11425538725276373,69351.23696451818,7,0,7,0.0
exc_23P,864691135848859998,excitatory,23P,123,3,898.3116883116883,113966.34918742956,0.20826857155529274,100793.09155572855,12,2,10,0.16666666666666666
exc_23P,864691135848859998,excitatory,23P,124,3,891.1636363636363,78467.08433741683,0.14396914131779634,83043.45913072219,15,3,12,0.2
exc_23P,864691135848859998,excitatory,23P,125,4,829.04,72686.76718305457,0.13827008772794905,90365.226563337,9,5,4,0.5555555555555556
exc_23P,864691135848859998,excitatory,23P,126,4,790.64,71817.21179068324,0.13989422168682444,89930.44886715132,14,3,11,0.21428571428571427
exc_23P,864691135848859998,excitatory,23P,127,4,833.4347826086956,66361.15065911895,0.12590376706510858,106089.13515745186,7,1,6,0.14285714285714285
exc_23P,864691135848859998,excitatory,23P,128,4,823.4,56861.523902022,0.10853596969545239,101339.3217789034,8,0,8,0.0
exc_23P,864691135848859998,excitatory,23P,129,7,1074.3333333333333,25522.24103049378,0.04264910361771069,125757.58011903071,1,0,1,0.0
exc_23P,864691135848859998,excitatory,23P,130,7,831.8125,91825.16199892006,0.17438519421582374,158909.04060324386,4,1,3,0.25
exc_23P,864691135848859998,excitatory,23P,131,7,798.1632653061224,70062.56810477132,0.13583159846507123,148027.74365616948,3,0,3,0.0
exc_23P_2,864691135866483845,excitatory,23P,0,0,2438.3636363636365,21123.473472259655,0.023430239316020465,10561.736736129827,18,8,10,0.4444444444444444
exc_23P_2,864691135866483845,excitatory,23P,1,1,2608.8571428571427,19749.09909772009,0.02117789385100037,9874.549548860045,7,0,7,0.0
exc_23P_2,864691135866483845,excitatory,23P,2,1,6929.0,15886.521582775758,0.010453318037262889,7943.260791387879,5,0,5,0.0
exc_23P_2,864691135866483845,excitatory,23P,3,1,6718.0,12057.794159795563,0.00805765174922688,6028.897079897782,4,3,1,0.75
exc_23P_2,864691135866483845,excitatory,23P,4,1,2323.5,21558.749893057862,0.024496997798993177,10779.374946528931,5,0,5,0.0
exc_23P_2,864691135866483845,excitatory,23P,5,1,936.0,143896.42562217414,0.2576159267728696,71948.21281108707,43,10,33,0.23255813953488372
exc_23P_2,864691135866483845,excitatory,23P,6,1,1511.4,40304.48025921746,0.05678377269900804,20152.24012960873,16,1,15,0.0625
exc_23P_2,864691135866483845,excitatory,23P,7,1,2528.5,21824.871193529718,0.02377282742223599,10912.435596764859,17,4,13,0.23529411764705882
exc_23P_2,864691135866483845,excitatory,23P,8,1,1660.0,4501.400345445569,0.0060513771811973455,23374.17364498244,0,0,0,
exc_23P_2,864691135866483845,excitatory,23P,9,1,1025.3846153846155,16764.448626298155,0.028675203133007896,29505.69778540873,3,0,3,0.0
exc_23P_2,864691135866483845,excitatory,23P,10,2,1668.0,7547.241223444503,0.010121638804811801,29398.494429427472,5,0,5,0.0
exc_23P_2,864691135866483845,excitatory,23P,11,2,884.9230769230769,16806.15639669936,0.0309439868417194,34027.9520160549,3,0,3,0.0
exc_23P_2,864691135866483845,excitatory,23P,12,4,695.2666666666667,87766.90671671942,0.1823121930975373,83306.70697097885,20,4,16,0.2
exc_23P_2,864691135866483845,excitatory,23P,13,4,886.5714285714286,7648.719740267387,0.014069948564986962,43247.61348275283,1,0,1,0.0
exc_23P_2,864691135866483845,excitatory,23P,14,3,1520.8,6025.591275272786,0.008462998130408256,36184.91067878612,5,0,5,0.0
exc_23P_2,864691135866483845,excitatory,23P,15,3,1146.5,9170.231938782585,0.014833851193852094,37757.231010541014,1,0,1,0.0
exc_23P_2,864691135866483845,excitatory,23P,16,4,1420.1666666666667,16593.76233644905,0.024117697049077073,47494.58748464704,8,1,7,0.125
exc_23P_2,864691135866483845,excitatory,23P,17,4,825.4857142857143,101730.8768756409,0.1939360895328068,90063.14475424297,16,1,15,0.0625
exc_23P_2,864691135866483845,excitatory,23P,18,5,804.3333333333334,7515.0725057677155,0.014513620693011167,70827.06773388972,2,0,2,0.0
exc_23P_2,864691135866483845,excitatory,23P,19,5,627.3333333333334,1630.7023417522155,0.0035660394229567248,67884.88265188197,0,0,0,
exc_23P_2,864691135866483845,excitatory,23P,20,8,481.2307692307692,17455.28240134558,0.04358236694529921,204370.70760322546,1,0,1,0.0
exc_23P_2,864691135866483845,excitatory,23P,21,8,1002.6666666666666,1982.5157970134876,0.003429248799666001,196634.32430105942,1,1,0,1.0
exc_23P_2,864691135866483845,excitatory,23P,22,6,746.0,20945.530276180853,0.04200321888040626,85057.36912486401,7,2,5,0.2857142857142857
exc_23P_2,864691135866483845,excitatory,23P,23,6,610.6666666666666,2253.444915787263,0.004994654669839919,75711.32644466721,0,0,0,
exc_23P_2,864691135866483845,excitatory,23P,24,3,907.0909090909091,15051.900790775377,0.02737326282359078,49888.22550545396,0,0,0,
exc_23P_2,864691135866483845,excitatory,23P,25,3,1039.7142857142858,7960.185424627964,0.01352156020051185,46342.367822380256,1,0,1,0.0
exc_23P_2,864691135866483845,excitatory,23P,26,2,889.0,22282.859357197194,0.0409336683021757,23199.22383839416,3,1,2,0.3333333333333333
exc_23P_2,864691135866483845,excitatory,23P,27,2,974.0,7528.000178955043,0.013211762853734849,15821.794249273085,0,0,0,
exc_23P_2,864691135866483845,excitatory,23P,28,5,1302.0,13472.857622411473,0.02045101444836452,62527.897464077294,4,1,3,0.25
exc_23P_2,864691135866483845,excitatory,23P,29,5,1476.857142857143,7826.356764587551,0.01115452355148102,59704.64703516533,5,2,3,0.4
exc_23P_2,864691135866483845,excitatory,23P,30,9,608.3636363636364,14795.921013661842,0.03285647799634711,205023.54270639707,4,4,0,1.0
exc_23P_2,864691135866483845,excitatory,23P,31,9,566.5,8335.746457108315,0.01918249822860733,201793.4554281203,0,0,0,
exc_23P_2,864691135866483845,excitatory,23P,32,4,974.9230769230769,17937.22149145808,0.03146520916195289,66382.78664657069,4,2,2,0.5
exc_23P_2,864691135866483845,excitatory,23P,33,4,820.0392156862745,73150.73166858568,0.13991426357589878,93989.5417351345,10,5,5,0.5
exc_23P_2,864691135866483845,excitatory,23P,34,6,1299.7931034482758,42062.50548460598,0.06390261806496096,90295.57901758602,6,0,6,0.0
exc_23P_2,864691135866483845,excitatory,23P,35,6,994.9433962264151,76688.25247429291,0.1331650577917077,107608.45251242949,5,0,5,0.0
exc_23P_2,864691135866483845,excitatory,23P,36,3,819.0526315789474,26125.753424846193,0.05000040775113533,47403.530229415854,7,1,6,0.14285714285714285
exc_23P_2,864691135866483845,excitatory,23P,37,3,853.6811594202899,99294.04871462134,0.18613840938773896,83987.67787430342,26,3,23,0.11538461538461539
exc_23P_2,864691135866483845,excitatory,23P,38,5,787.6842105263158,82684.7151870112,0.161365167150063,116693.75498580532,9,1,8,0.1111111111111111
exc_23P_2,864691135866483845,excitatory,23P,39,5,800.578947368421,53717.58997197443,0.10398604595511064,102210.19237828694,8,3,5,0.375
exc_23P_2,864691135866483845,excitatory,23P,40,4,729.4098360655738,90004.89967990249,0.18253282353674868,105468.85678179021,16,5,11,0.3125
exc_23P_2,864691135866483845,excitatory,23P,41,4,750.1212121212121,46102.91097797986,0.09219837188347506,83517.86243082889,11,7,4,0.6363636363636364
exc_23P_2,864691135866483845,excitatory,23P,42,4,815.3333333333334,6603.124539166908,0.012666088459317399,63767.96921142241,0,0,0,
exc_23P_2,864691135866483845,excitatory,23P,43,7,1098.0,10338.047166261038,0.017088264852253406,116495.85534301953,0,0,0,
exc_23P_2,864691135866483845,excitatory,23P,44,7,1098.4285714285713,39529.22638947636,0.0653270477313637,131091.4449546272,6,1,5,0.16666666666666666
exc_23P_2,864691135866483845,excitatory,23P,45,8,1106.3333333333333,79218.66108910089,0.13045031328840812,161274.2094707005,5,2,3,0.4
exc_23P_2,864691135866483845,excitatory,23P,46,8,726.9268292682926,59088.79328220598,0.1200384556023192,151209.27556725303,3,1,2,0.3333333333333333
exc_23P_2,864691135866483845,excitatory,23P,47,3,932.1818181818181,14956.568874854136,0.026831335431304074,27064.078776177674,4,1,3,0.25
exc_23P_2,864691135866483845,excitatory,23P,48,3,929.4666666666667,19837.459273868528,0.035639349277055504,29504.523975684868,6,0,6,0.0
exc_23P_2,864691135866483845,excitatory,23P,49,4,797.1428571428571,19336.24573315288,0.0375115236299153,44210.486080181174,10,5,5,0.5
exc_23P_2,864691135866483845,excitatory,23P,50,4,826.7368421052631,82143.6246010478,0.1564771198463244,75614.17551412864,17,3,14,0.17647058823529413
exc_23P_2,864691135866483845,excitatory,23P,51,5,779.9649122807018,83817.02613631365,0.1643824095980384,95787.12201491444,14,2,12,0.14285714285714285
exc_23P_2,864691135866483845,excitatory,23P,52,5,723.1636363636363,79758.12106403822,0.16244907835813346,93757.66947877672,10,2,8,0.2
exc_23P_2,864691135866483845,excitatory,23P,53,2,958.0,12048.118657934257,0.021320486428111945,43911.981427524945,3,2,1,0.6666666666666666
exc_23P_2,864691135866483845,excitatory,23P,54,2,709.448275862069,83223.98265690896,0.17113890682295904,79499.9134270123,12,4,8,0.3333333333333333
exc_23P_2,864691135866483845,excitatory,23P,55,3,862.0,4488.566268907281,0.008373646751570605,52180.323890945714,0,0,0,
exc_23P_2,864691135866483845,excitatory,23P,56,3,781.6875,92261.35042149734,0.18074398397789293,96066.71596724074,13,5,8,0.38461538461538464
exc_23P_2,864691135866483845,excitatory,23P,57,9,657.0196078431372,74411.99358067352,0.15900632565758188,238089.5368055877,5,2,3,0.4
exc_23P_2,864691135866483845,excitatory,23P,58,9,967.4285714285714,18501.99218177408,0.03258139430202096,210134.53610613797,2,1,1,0.5
exc_23P_2,864691135866483845,excitatory,23P,59,4,757.0,4009.5885464787425,0.007982014205344438,56429.401298638724,1,0,1,0.0
exc_23P_2,864691135866483845,excitatory,23P,60,4,648.3636363636364,94936.69986286314,0.20421396311831047,101892.95695683092,6,3,3,0.5
exc_23P_2,864691135866483845,excitatory,23P,61,2,891.5,4496.232591739933,0.008248001342365332,23806.86618892783,1,0,1,0.0
exc_23P_2,864691135866483845,excitatory,23P,62,2,835.7777777777778,37622.63848521741,0.07127947084792073,40370.06913566656,9,1,8,0.1111111111111111
exc_23P_2,864691135866483845,excitatory,23P,63,5,814.0,96947.38704753926,0.18611635275862293,106907.88909564773,24,8,16,0.3333333333333333
exc_23P_2,864691135866483845,excitatory,23P,64,5,883.5294117647059,47224.3427948832,0.08701939196955487,82046.3669693197,12,0,12,0.0
exc_23P_2,864691135866483845,excitatory,23P,65,3,763.0117647058823,124075.47891480406,0.24602597999310596,88092.72194219983,16,4,12,0.25
exc_23P_2,864691135866483845,excitatory,23P,66,3,888.0,10612.66039696236,0.019506457757906503,31361.312683278975,1,0,1,0.0
exc_23P_2,864691135866483845,excitatory,23P,67,5,772.6153846153846,76438.84518603365,0.15062361575866415,85291.39594590335,10,6,4,0.6
exc_23P_2,864691135866483845,excitatory,23P,68,5,712.4905660377359,75464.16680241852,0.15485022815698574,84804.05675409577,18,9,9,0.5
exc_23P_2,864691135866483845,excitatory,23P,69,5,335.0,9065.316510285977,0.027128213561342783,51604.63160802951,0,0,0,
exc_23P_2,864691135866483845,excitatory,23P,70,8,831.4285714285714,80828.57630308377,0.15353701194249186,135322.4288831308,8,1,7,0.125
exc_23P_2,864691135866483845,excitatory,23P,71,8,733.0769230769231,34314.572304816276,0.0694167766462965,112065.42688399706,2,1,1,0.5
exc_23P_2,864691135866483845,excitatory,23P,72,10,734.4516129032259,44282.97702605962,0.08949851771745547,241527.02071005484,1,0,1,0.0
exc_23P_2,864691135866483845,excitatory,23P,73,10,699.7142857142857,28798.218688095963,0.059630147321044574,233784.641541073,1,1,0,1.0
exc_23P_2,864691135866483845,excitatory,23P,74,4,815.0140845070423,105025.90912052877,0.20149975383535296,102835.41509495862,16,3,13,0.1875
exc_23P_2,864691135866483845,excitatory,23P,75,4,876.1724137931035,84156.09089081698,0.15572250944312563,92400.50598010272,7,0,7,0.0
exc_23P_2,864691135866483845,excitatory,23P,76,4,934.88,73492.2482375558,0.13165101936737972,79088.4710987102,10,3,7,0.3
exc_23P_2,864691135866483845,excitatory,23P,77,4,800.0327868852459,88639.61168339147,0.1716463526247799,86662.15282162804,11,5,6,0.45454545454545453
exc_23P_2,864691135866483845,excitatory,23P,78,6,1222.842105263158,26763.373971436773,0.04191951969641893,76999.5124031775,5,2,3,0.4
exc_23P_2,864691135866483845,excitatory,23P,79,6,836.9473684210526,82352.13115951559,0.15591446034764544,104793.8909972169,8,3,5,0.375
exc_23P_2,864691135866483845,excitatory,23P,80,7,959.6,20840.36453968703,0.03684858530946916,100801.3816587394,2,0,2,0.0
exc_23P_2,864691135866483845,excitatory,23P,81,7,1160.0,4526.941342693037,0.007280085836964963,92644.6700602424,0,0,0,
exc_23P_2,864691135866483845,excitatory,23P,82,5,707.6585365853658,59521.75567293886,0.12255315189622755,145595.47305395754,4,0,4,0.0
exc_23P_2,864691135866483845,excitatory,23P,83,5,675.2380952380952,28536.066457970453,0.060148703011189804,130102.62844647333,2,1,1,0.5
exc_23P_2,864691135866483845,excitatory,23P,84,8,727.9607843137255,150966.3952444987,0.30646926048783185,186704.76155083225,5,2,3,0.4
exc_23P_2,864691135866483845,excitatory,23P,85,8,637.2,56931.14118530367,0.12353005453017024,139687.13452123475,3,3,0,1.0
exc_23P_2,864691135866483845,excitatory,23P,86,2,848.0,7520.9160472502435,0.014145993105979953,19646.97960640088,1,0,1,0.0
exc_23P_2,864691135866483845,excitatory,23P,87,2,959.2,19536.134004977554,0.03454973080424912,25654.588585264537,2,0,2,0.0
exc_23P_2,864691135866483845,excitatory,23P,88,3,803.6179775280899,131299.93003862578,0.2536882193911669,89057.4026493389,28,6,22,0.21428571428571427
exc_23P_2,864691135866483845,excitatory,23P,89,3,817.1764705882352,123559.47533470155,0.2367438774063009,85187.17529737677,23,5,18,0.21739130434782608
exc_23P_2,864691135866483845,excitatory,23P,90,2,931.0769230769231,37262.19665221586,0.06688616556237519,40455.96951963765,4,2,2,0.5
exc_23P_2,864691135866483845,excitatory,23P,91,2,1053.5,8476.794694371965,0.014304577077445958,26063.2685407157,2,0,2,0.0
exc_23P_2,864691135866483845,excitatory,23P,92,3,729.8032786885246,88647.06873699665,0.17973063214271973,103504.92274677359,13,5,8,0.38461538461538464
exc_23P_2,864691135866483845,excitatory,23P,93,3,814.08,34177.95933301431,0.06561047975506268,76270.36804478243,5,0,5,0.0
exc_23P_2,864691135866483845,excitatory,23P,94,3,779.2682926829268,58734.19975297671,0.11524130838898117,88454.16772223393,14,8,6,0.5714285714285714
exc_23P_2,864691135866483845,excitatory,23P,95,3,754.2352941176471,48015.19633216322,0.09576039102594554,83094.66601182718,6,2,4,0.3333333333333333
exc_23P_2,864691135866483845,excitatory,23P,96,3,753.35,58505.76607545545,0.11675107859115125,71683.9132521323,13,9,4,0.6923076923076923
exc_23P_2,864691135866483845,excitatory,23P,97,3,749.0,8640.442066966069,0.01729241625675979,46751.251247887616,2,0,2,0.0
exc_23P_2,864691135866483845,excitatory,23P,98,4,796.2933333333333,110321.78933343927,0.21413387918360782,91828.5375484798,15,4,11,0.26666666666666666
exc_23P_2,864691135866483845,excitatory,23P,99,4,757.4520547945206,106167.87478041652,0.2112886543820649,89751.58027196841,23,6,17,0.2608695652173913
exc_23P_2,864691135866483845,excitatory,23P,100,4,629.2,5449.914568796709,0.011900246704048153,103661.75357425839,2,0,2,0.0
exc_23P_2,864691135866483845,excitatory,23P,101,4,629.925925925926,37186.16224468718,0.08115162966924405,119529.87741220363,4,0,4,0.0
exc_23P_2,864691135866483845,excitatory,23P,102,5,633.3333333333334,16340.987396252649,0.035564994777985005,114557.20455678308,3,0,3,0.0
exc_23P_2,864691135866483845,excitatory,23P,103,5,551.5,9126.6853320993,0.021286337624242785,110950.0535247064,3,1,2,0.3333333333333333
exc_23P_2,864691135866483845,excitatory,23P,104,6,669.2727272727273,15038.585314279106,0.03183948594179946,130246.99091204895,2,1,1,0.5
exc_23P_2,864691135866483845,excitatory,23P,105,6,454.0,5551.806691546671,0.014271415056372274,125503.60160068273,1,0,1,0.0
exc_23P_2,864691135866483845,excitatory,23P,106,8,826.5454545454545,64694.521860976514,0.12325222380645773,183203.31907985362,8,1,7,0.125
exc_23P_2,864691135866483845,excitatory,23P,107,8,745.2,26439.528565181874,0.053049086691749715,164075.8224319563,1,0,1,0.0
exc_23P_2,864691135866483845,excitatory,23P,108,7,725.0,4518.574038809455,0.009191640432375523,140025.57058859323,1,0,1,0.0
exc_23P_2,864691135866483845,excitatory,23P,109,7,540.0,1769.7644238863068,0.004171374750775703,138651.16578113165,0,0,0,
exc_23P_2,864691135866483845,excitatory,23P,110,8,788.0,16534.319033433283,0.03226144619796737,150552.0171247146,7,2,5,0.2857142857142857
exc_23P_2,864691135866483845,excitatory,23P,111,8,498.0,3262.2790357590998,0.008006948980154872,143915.9971258775,0,0,0,
exc_23P_2,864691135866483845,excitatory,23P,112,2,799.4202898550725,101059.6535818324,0.19577212243102576,90834.30705013366,30,6,24,0.2
exc_23P_2,864691135866483845,excitatory,23P,113,2,822.9655172413793,83470.37376056782,0.15936838305897028,82039.66713950137,22,4,18,0.18181818181818182
exc_23P_2,864691135866483845,excitatory,23P,114,2,948.0,12037.710558221304,0.021414126081488842,25767.95437683074,0,0,0,
exc_23P_2,864691135866483845,excitatory,23P,115,2,1053.5294117647059,22613.17601234618,0.038159164592714685,31055.68710389318,8,0,8,0.0
exc_23P_2,864691135866483845,excitatory,23P,116,3,785.9767441860465,126842.84491890315,0.24781166942982147,95208.23211539297,27,4,23,0.14814814814814814
exc_23P_2,864691135866483845,excitatory,23P,117,3,815.4216867469879,121323.50418363333,0.23270967737669182,92448.56174775805,18,6,12,0.3333333333333333
exc_23P_2,864691135866483845,excitatory,23P,118,3,922.9620253164557,116481.48078471239,0.21000304602218678,93663.3959801095,23,4,19,0.17391304347826086
exc_23P_2,864691135866483845,excitatory,23P,119,3,862.4324324324324,108499.35432442477,0.20236026572378568,89672.33274996569,25,4,21,0.16
exc_23P_2,864691135866483845,excitatory,23P,120,7,827.7647058823529,49690.48765297673,0.09459766871186266,170797.8225760643,1,0,1,0.0
exc_23P_2,864691135866483845,excitatory,23P,121,7,740.1379310344828,40765.12796201366,0.08207163897483252,166335.14273058277,0,0,0,
exc_4P,864691135738528881,excitatory,4P,0,0,2272.6666666666665,18052.385931375473,0.020740888927482992,9026.192965687736,20,1,19,0.05
exc_4P,864691135738528881,excitatory,4P,1,1,3139.6666666666665,16618.10228798052,0.01624427316789409,8309.05114399026,22,0,22,0.0
exc_4P,864691135738528881,excitatory,4P,2,1,3747.5,15650.298089271651,0.01400272050999026,7825.149044635826,13,0,13,0.0
exc_4P,864691135738528881,excitatory,4P,3,1,2224.25,26726.682729389428,0.031039440617481553,13363.341364694714,5,0,5,0.0
exc_4P,864691135738528881,excitatory,4P,4,1,6541.0,15316.993960957221,0.010373184296721679,7658.496980478611,6,0,6,0.0
exc_4P,864691135738528881,excitatory,4P,5,1,2395.1428571428573,20936.153665519385,0.023431053394530228,10468.076832759692,9,0,9,0.0
exc_4P,864691135738528881,excitatory,4P,6,1,875.0681818181819,142351.9830110076,0.2635743852962888,71175.9915055038,42,2,40,0.047619047619047616
exc_4P,864691135738528881,excitatory,4P,7,1,909.7297297297297,120643.12675612689,0.2190821619697579,60321.563378063445,24,1,23,0.041666666666666664
exc_4P,864691135738528881,excitatory,4P,8,1,2571.3333333333335,20606.955320336758,0.022258467866795868,10303.477660168379,13,1,12,0.07692307692307693
exc_4P,864691135738528881,excitatory,4P,9,8,877.0,10143.98574859129,0.018761582225925076,98851.20952950658,2,0,2,0.0
exc_4P,864691135738528881,excitatory,4P,10,8,591.0,2819.3641800081077,0.00635211079650937,95188.89874521499,0,0,0,
exc_4P,864691135738528881,excitatory,4P,11,1,978.6666666666666,7529.084447365099,0.013182124145307051,21816.928155058024,5,0,5,0.0
exc_4P,864691135738528881,excitatory,4P,12,1,990.5,8989.44006638052,0.015644656378990908,22547.105964565733,1,0,1,0.0
exc_4P,864691135738528881,excitatory,4P,13,3,723.9344262295082,89896.3538151552,0.18300084272065437,101885.78083223745,13,2,11,0.15384615384615385
exc_4P,864691135738528881,excitatory,4P,14,3,1438.6666666666667,1824.6416132404893,0.0026348634431362533,57849.92473128008,0,0,0,
exc_4P,864691135738528881,excitatory,4P,15,2,955.1428571428571,19452.5128264754,0.03447483304026361,35307.72679197827,7,1,6,0.14285714285714285
exc_4P,864691135738528881,excitatory,4P,16,2,805.3968253968254,90896.91834977841,0.1754303906074926,71029.92955362977,28,5,23,0.17857142857142858
exc_4P,864691135738528881,excitatory,4P,17,6,862.0434782608696,67590.67432554196,0.12609063193989095,100211.0155138263,16,7,9,0.4375
exc_4P,864691135738528881,excitatory,4P,18,6,759.4222222222222,65016.22025315085,0.1292232604810772,98923.78847763076,4,2,2,0.5
exc_4P,864691135738528881,excitatory,4P,19,5,810.75,46006.05028589058,0.08849772336782061,79253.99911408871,14,2,12,0.14285714285714285
exc_4P,864691135738528881,excitatory,4P,20,5,707.4285714285714,8042.444647615022,0.016561795198580184,60272.19629495093,1,1,0,1.0
exc_4P,864691135738528881,excitatory,4P,21,3,607.4526315789474,140042.20233548904,0.3112170275328364,115055.0843729605,22,4,18,0.18181818181818182
exc_4P,864691135738528881,excitatory,4P,22,3,774.7636363636364,79748.79764689867,0.15692789778742286,84908.3820286653,29,8,21,0.27586206896551724
exc_4P,864691135738528881,excitatory,4P,23,4,895.4090909090909,64008.95701490698,0.11716303910673806,90766.72404535383,13,5,8,0.38461538461538464
exc_4P,864691135738528881,excitatory,4P,24,4,1145.7142857142858,7100.044854492526,0.01148903508301039,62312.267965146595,6,1,5,0.16666666666666666
exc_4P,864691135738528881,excitatory,4P,25,2,886.0909090909091,130139.15776481538,0.2394580704511397,80386.5728433649,31,9,22,0.2903225806451613
exc_4P,864691135738528881,excitatory,4P,26,2,808.875,115838.28308048406,0.2230858542913941,73236.13550119926,27,9,18,0.3333333333333333
exc_4P,864691135738528881,excitatory,4P,27,2,1601.5,4504.499494721591,0.006165150721429803,18870.352035341315,6,2,4,0.3333333333333333
exc_4P,864691135738528881,excitatory,4P,28,2,920.0,12184.780196694453,0.02200312737962473,22710.492386327747,7,0,7,0.0
exc_4P,864691135738528881,excitatory,4P,29,3,1402.7142857142858,19405.66208500503,0.02837948316444954,30825.43282520463,4,0,4,0.0
exc_4P,864691135738528881,excitatory,4P,30,3,1110.7692307692307,16594.215130015065,0.027271273755772762,29419.709347709646,12,2,10,0.16666666666666666
exc_4P,864691135738528881,excitatory,4P,31,4,1477.2,13559.431682993538,0.019323351999733982,47307.979709203915,5,0,5,0.0
exc_4P,864691135738528881,excitatory,4P,32,4,966.3333333333334,51710.3243633059,0.09111175434900572,66383.4260493601,14,5,9,0.35714285714285715
exc_4P,864691135738528881,excitatory,4P,33,5,1185.0454545454545,130564.45079267955,0.20773901554901641,119369.92094704046,42,15,27,0.35714285714285715
exc_4P,864691135738528881,excitatory,4P,34,5,1204.8,12327.982800354659,0.019453384362674603,60251.68695087801,5,0,5,0.0
exc_4P,864691135738528881,excitatory,4P,35,2,799.3734939759037,122133.02140048363,0.23660224255497922,82002.6643657612,46,8,38,0.17391304347826086
exc_4P,864691135738528881,excitatory,4P,36,2,1002.5454545454545,30469.206960518164,0.05270717529669177,36170.757145778465,4,1,3,0.25
exc_4P,864691135738528881,excitatory,4P,37,3,825.9411764705883,100422.56878513531,0.19138918572128913,79014.16687724263,17,5,12,0.29411764705882354
exc_4P,864691135738528881,excitatory,4P,38,3,698.8421052631579,53701.97662935747,0.11126571598461969,55653.87079935371,22,13,9,0.5909090909090909
exc_4P,864691135738528881,excitatory,4P,39,2,1176.0,6028.083252348081,0.009628002804484519,18664.33971544569,3,0,3,0.0
exc_4P,864691135738528881,excitatory,4P,40,2,1036.6896551724137,41287.305835388186,0.07023487102541379,36293.95100696574,11,4,7,0.36363636363636365
exc_4P,864691135738528881,excitatory,4P,41,3,1121.0,4493.238279472917,0.007350506588546293,23925.000481356194,2,0,2,0.0
exc_4P,864691135738528881,excitatory,4P,42,3,793.0704225352113,102323.66689723093,0.19901272482843257,72840.2147902352,37,8,29,0.21621621621621623
exc_4P,864691135738528881,excitatory,4P,43,3,791.8222222222222,65246.87235105065,0.127000807626029,82369.98070863998,16,6,10,0.375
exc_4P,864691135738528881,excitatory,4P,44,3,888.0,12267.182403844445,0.022547529687995758,55880.13573503687,2,0,2,0.0
exc_4P,864691135738528881,excitatory,4P,45,4,1087.5,22547.64892711942,0.03744960649452595,37445.44408465236,10,2,8,0.2
exc_4P,864691135738528881,excitatory,4P,46,4,768.5714285714286,7527.281559241362,0.01487156490038102,29935.26040071333,3,0,3,0.0
exc_4P,864691135738528881,excitatory,4P,47,5,798.1408450704225,104584.99704652341,0.20276371868452261,101011.76707147378,38,8,30,0.21052631578947367
exc_4P,864691135738528881,excitatory,4P,48,5,817.8378378378378,52959.54401326667,0.10143113020614274,75199.04055484541,22,13,9,0.5909090909090909
exc_4P,864691135738528881,excitatory,4P,49,2,810.0952380952381,91027.4118296563,0.1751720378678796,66120.66123516491,32,3,29,0.09375
exc_4P,864691135738528881,excitatory,4P,50,2,823.4426229508197,88240.25218083494,0.16842660569264883,64727.081410754225,24,3,21,0.125
exc_4P,864691135738528881,excitatory,4P,51,6,812.2857142857143,8927.47606951033,0.017156745710994015,99925.58433379502,4,1,3,0.25
exc_4P,864691135738528881,excitatory,4P,52,6,806.0,33078.60694118644,0.06381757802438848,112001.14976963308,7,1,6,0.14285714285714285
exc_4P,864691135738528881,excitatory,4P,53,7,859.2,6020.655270042301,0.011250122575478746,107399.65000357134,2,0,2,0.0
exc_4P,864691135738528881,excitatory,4P,54,7,559.0,2940.2084359113787,0.006811344443665756,105859.42658650587,0,0,0,
exc_4P,864691135738528881,excitatory,4P,55,8,923.5,4520.245791554938,0.00814712215463238,112670.10053436997,0,0,0,
exc_4P,864691135738528881,excitatory,4P,56,8,548.0,3422.5970481161517,0.008008037894192174,112121.27616265057,0,0,0,
exc_4P,864691135738528881,excitatory,4P,57,9,838.4,6017.82212942939,0.011383461408372847,117939.13449486211,2,0,2,0.0
exc_4P,864691135738528881,excitatory,4P,58,9,513.0,3117.8990699472906,0.007539872418289511,116489.17296512106,1,0,1,0.0
exc_4P,864691135738528881,excitatory,4P,59,10,942.0,6016.193623510462,0.010736357914105252,123956.14237133204,1,0,1,0.0
exc_4P,864691135738528881,excitatory,4P,60,10,539.5,2944.240327811868,0.006942856033721881,122420.16572348274,1,0,1,0.0
exc_4P,864691135738528881,excitatory,4P,61,11,948.4,5960.02525604639,0.010600173038689547,129944.25181111047,2,0,2,0.0
exc_4P,864691135738528881,excitatory,4P,62,11,619.0,2714.789655067393,0.005976562815844332,128321.63401062098,0,0,0,
exc_4P,864691135738528881,excitatory,4P,63,12,902.0,8271.959233990598,0.015085709626315155,137060.24405612895,9,1,8,0.1111111111111111
exc_4P,864691135738528881,excitatory,4P,64,12,688.6666666666666,2191.1671790590026,0.004573320207980033,134019.84802866317,1,0,1,0.0
exc_4P,864691135738528881,excitatory,4P,65,5,681.0526315789474,55599.14878773244,0.1166912876963159,120038.16262487926,11,4,7,0.36363636363636365
exc_4P,864691135738528881,excitatory,4P,66,5,820.0,3223.2580680268165,0.00616522285310227,93850.21726502645,0,0,0,
exc_4P,864691135738528881,excitatory,4P,67,4,947.3333333333334,2771.437216784798,0.004931900004694438,63399.4455453515,0,0,0,
exc_4P,864691135738528881,excitatory,4P,68,4,757.741935483871,43268.25358384066,0.08609329551021178,83647.85372887942,16,4,12,0.25
exc_4P,864691135738528881,excitatory,4P,69,5,728.5806451612904,44351.78234609102,0.08999800649783542,86961.0553267894,14,6,8,0.42857142857142855
exc_4P,864691135738528881,excitatory,4P,70,5,875.3333333333334,6423.476786637323,0.011891702968384198,67996.90254706255,1,0,1,0.0
exc_4P,864691135738528881,excitatory,4P,71,2,764.9459459459459,109298.57122597437,0.21645107073225964,81691.11161074319,21,3,18,0.14285714285714285
exc_4P,864691135738528881,excitatory,4P,72,2,832.3428571428572,101692.61750131004,0.19306294417957595,77888.13474841102,29,8,21,0.27586206896551724
exc_4P,864691135738528881,excitatory,4P,73,4,777.8333333333334,87079.29741501226,0.1710142375439488,81256.46562022332,22,4,18,0.18181818181818182
exc_4P,864691135738528881,excitatory,4P,74,4,919.1428571428571,18534.157058426248,0.033484356568151755,46983.895441930305,5,1,4,0.2
exc_4P,864691135738528881,excitatory,4P,75,4,839.4285714285714,7596.6855195957,0.01436127181251353,41515.15967251503,1,0,1,0.0
exc_4P,864691135738528881,excitatory,4P,76,2,752.3170731707318,120919.36957227027,0.24146603047971982,87186.36751552456,41,9,32,0.21951219512195122
exc_4P,864691135738528881,excitatory,4P,77,2,939.7647058823529,23019.861803725216,0.04112953260237947,38236.61363125204,4,0,4,0.0
exc_4P,864691135738528881,excitatory,4P,78,3,784.6896551724138,84916.19265593251,0.16603596760948017,93863.4569540038,18,4,14,0.2222222222222222
exc_4P,864691135738528881,excitatory,4P,79,3,823.2941176470588,22937.360567993812,0.04378512186048017,62874.040910034455,11,2,9,0.18181818181818182
exc_4P,864691135738528881,excitatory,4P,80,6,768.5714285714286,9037.169253757944,0.01785463291299208,75727.22556726019,2,1,1,0.5
exc_4P,864691135738528881,excitatory,4P,81,6,563.2,3900.4828539028395,0.009002179687991687,73158.88236733264,1,0,1,0.0
exc_4P,864691135738528881,excitatory,4P,82,7,823.0,13533.406461071783,0.025838531968579374,87012.51342467505,6,0,6,0.0
exc_4P,864691135738528881,excitatory,4P,83,7,577.3333333333334,1562.6467482475039,0.0035621165356828927,81027.13356826291,0,0,0,
exc_5PET,864691135884866160,excitatory,5PET,0,0,5585.333333333333,11985.517715942577,0.008784011123215927,5992.758857971288,24,1,23,0.041666666666666664
exc_5PET,864691135884866160,excitatory,5PET,1,1,1188.4646464646464,306785.8545011766,0.48741941571192926,153392.9272505883,15,4,11,0.26666666666666666
exc_5PET,864691135884866160,excitatory,5PET,2,1,3423.3333333333335,30466.709351100202,0.02852079206740013,15233.354675550101,18,1,17,0.05555555555555555
exc_5PET,864691135884866160,excitatory,5PET,3,1,3248.4,30070.058386890072,0.02889749171024185,15035.029193445036,32,0,32,0.0
exc_5PET,864691135884866160,excitatory,5PET,4,1,7186.0,15953.636725921217,0.010308054821532898,7976.818362960608,21,0,21,0.0
exc_5PET,864691135884866160,excitatory,5PET,5,1,2307.5833333333335,48613.18244717934,0.05542886471466892,24306.59122358967,43,1,42,0.023255813953488372
exc_5PET,864691135884866160,excitatory,5PET,6,1,3378.3636363636365,26321.077073770564,0.024803392587635902,13160.538536885282,36,0,36,0.0
exc_5PET,864691135884866160,excitatory,5PET,7,1,6799.333333333333,17299.131101540974,0.011490839298068385,8649.565550770487,28,0,28,0.0
exc_5PET,864691135884866160,excitatory,5PET,8,1,9629.0,17099.10126293192,0.00954428322062224,8549.55063146596,14,0,14,0.0
exc_5PET,864691135884866160,excitatory,5PET,9,1,3684.6666666666665,7470.962942534781,0.006741213887894142,15720.999187209967,2,0,2,0.0
exc_5PET,864691135884866160,excitatory,5PET,10,1,2149.285714285714,18683.99278051585,0.022074112019444286,21327.514106200502,12,2,10,0.16666666666666666
exc_5PET,864691135884866160,excitatory,5PET,11,2,3779.3333333333335,7363.0006308177635,0.006560060823431969,23137.98097388624,5,0,5,0.0
exc_5PET,864691135884866160,excitatory,5PET,12,2,1122.2650602409637,120940.01763464676,0.1977347202910964,79926.48947580074,33,12,21,0.36363636363636365
exc_5PET,864691135884866160,excitatory,5PET,13,18,1070.7272727272727,30061.659879678984,0.05031924911873977,251468.0000696708,11,4,7,0.36363636363636365
exc_5PET,864691135884866160,excitatory,5PET,14,18,751.7714285714286,49974.61590846911,0.09983140521402728,261424.47808406586,14,9,5,0.6428571428571429
exc_5PET,864691135884866160,excitatory,5PET,15,18,859.7777777777778,23130.212446376834,0.043206306394439904,248002.27635301973,10,5,5,0.5
exc_5PET,864691135884866160,excitatory,5PET,16,3,3414.0,4520.158136883112,0.004237234481100857,29079.56035773668,0,0,0,
exc_5PET,864691135884866160,excitatory,5PET,17,3,1090.7045454545455,128581.62519986581,0.21324849584473127,91110.29388922802,46,21,25,0.45652173913043476
exc_5PET,864691135884866160,excitatory,5PET,18,4,3582.0,1510.0420523945681,0.0013819326524640765,32094.660452375516,1,0,1,0.0
exc_5PET,864691135884866160,excitatory,5PET,19,4,1575.911111111111,64500.81804057006,0.08899384915465033,63590.04844646326,32,11,21,0.34375
exc_5PET,864691135884866160,excitatory,5PET,20,5,3430.5,4514.457536816916,0.004221701160950195,35106.91024698126,4,0,4,0.0
exc_5PET,864691135884866160,excitatory,5PET,21,5,1069.1052631578948,110907.64289504121,0.18578552282943442,88303.50292609341,32,12,20,0.375
exc_5PET,864691135884866160,excitatory,5PET,22,6,3344.0,7523.81001944055,0.007126319898434756,41126.04402510999,8,0,8,0.0
exc_5PET,864691135884866160,excitatory,5PET,23,6,1048.5925925925926,118740.26064380031,0.20084232143626615,96734.26933728988,48,19,29,0.3958333333333333
exc_5PET,864691135884866160,excitatory,5PET,24,7,3118.4,5940.604708458858,0.0058267364056011186,47858.2513890597,6,1,5,0.16666666666666666
exc_5PET,864691135884866160,excitatory,5PET,25,7,1160.0,95053.76400182792,0.15286249780480987,92414.83103574422,31,17,14,0.5483870967741935
exc_5PET,864691135884866160,excitatory,5PET,26,8,2700.0,9005.837849565629,0.009492986614260073,55331.47266807193,6,1,5,0.16666666666666666
exc_5PET,864691135884866160,excitatory,5PET,27,8,1573.142857142857,18505.502078402787,0.02555509022238014,60081.304782490515,7,0,7,0.0
exc_5PET,864691135884866160,excitatory,5PET,28,19,1367.4285714285713,8951.143154295829,0.01325826835639322,270974.4015866582,2,1,1,0.5
exc_5PET,864691135884866160,excitatory,5PET,29,19,734.0,2683.905469895112,0.005426000292516133,267840.7827444578,0,0,0,
exc_5PET,864691135884866160,excitatory,5PET,30,24,1612.3076923076924,17973.544697433324,0.024517173497548773,449425.3401689625,0,0,0,
exc_5PET,864691135884866160,excitatory,5PET,31,24,930.8,27486.13369102318,0.049345334193887945,454181.6346657574,0,0,0,
exc_5PET,864691135884866160,excitatory,5PET,32,5,920.0,65999.3486475226,0.11918081835055673,128840.1317905096,14,10,4,0.7142857142857143
exc_5PET,864691135884866160,excitatory,5PET,33,5,881.0,7962.80612854243,0.01469395871143081,99821.86053101951,2,0,2,0.0
exc_5PET,864691135884866160,excitatory,5PET,34,9,2690.5454545454545,14953.618810878042,0.015790168565576444,67311.20099829377,8,2,6,0.25
exc_5PET,864691135884866160,excitatory,5PET,35,9,1270.9714285714285,102801.51529645285,0.15794004219862423,111235.14924108118,35,19,16,0.5428571428571428
exc_5PET,864691135884866160,excitatory,5PET,36,20,1125.3333333333333,11220.073613194583,0.018319589673584817,281060.0099704034,5,2,3,0.4
exc_5PET,864691135884866160,excitatory,5PET,37,20,804.0,2819.71471313565,0.005446754155812151,276859.8305203739,0,0,0,
exc_5PET,864691135884866160,excitatory,5PET,38,25,1326.6666666666667,7511.2785339071315,0.011295191164765411,462167.7517846327,0,0,0,
exc_5PET,864691135884866160,excitatory,5PET,39,25,1107.909090909091,63605.85917116762,0.1046660145962057,490215.0421032629,1,1,0,1.0
exc_5PET,864691135884866160,excitatory,5PET,40,10,2708.5714285714284,8936.660973688136,0.0094051508032251,79256.34089057686,7,3,4,0.42857142857142855
exc_5PET,864691135884866160,excitatory,5PET,41,10,1676.5806451612902,43756.93918453965,0.05853226613011607,96666.47999600263,17,7,10,0.4117647058823529
exc_5PET,864691135884866160,excitatory,5PET,42,26,672.1967213114754,89347.65669267715,0.18875375463976188,510597.21939792484,4,2,2,0.5
exc_5PET,864691135884866160,excitatory,5PET,43,26,963.7142857142857,7570.28251771349,0.013356681385947308,469708.532310443,0,0,0,
exc_5PET,864691135884866160,excitatory,5PET,44,11,2599.0,4523.071949478637,0.004859493256867071,85986.20735216026,1,0,1,0.0
exc_5PET,864691135884866160,excitatory,5PET,45,11,1119.2771084337348,121168.81758610564,0.19837305719738135,144309.08017047375,60,28,32,0.4666666666666667
exc_5PET,864691135884866160,excitatory,5PET,46,3,1400.5454545454545,31504.25332084854,0.04610852336584853,88425.17726301971,13,4,9,0.3076923076923077
exc_5PET,864691135884866160,excitatory,5PET,47,3,1401.3548387096773,42823.61321535513,0.06265704029988578,94084.85721027301,8,0,8,0.0
exc_5PET,864691135884866160,excitatory,5PET,48,12,2464.4,6007.104040225,0.006627812001034801,91251.29534701207,1,0,1,0.0
exc_5PET,864691135884866160,excitatory,5PET,49,12,1057.3333333333333,91486.11197712371,0.15410255400466957,133990.79931546142,34,10,24,0.29411764705882354
exc_5PET,864691135884866160,excitatory,5PET,50,13,960.5901639344262,88286.91527399175,0.15602274075934505,178337.97435799244,26,22,4,0.8461538461538461
exc_5PET,864691135884866160,excitatory,5PET,51,13,943.8666666666667,19191.7905891274,0.034215335203255724,143790.41201556026,4,2,2,0.5
exc_5PET,864691135884866160,excitatory,5PET,52,13,2595.076923076923,17668.3691638711,0.018996866658378454,103089.03194906013,6,1,5,0.16666666666666666
exc_5PET,864691135884866160,excitatory,5PET,53,13,1102.741573033708,130305.48099261914,0.21492475344458267,159407.58786343414,40,20,20,0.5
exc_5PET,864691135884866160,excitatory,5PET,54,4,996.0,51697.90062147421,0.08972301635958366,157974.94616466382,5,2,3,0.4
exc_5PET,864691135884866160,excitatory,5PET,55,4,765.1428571428571,8119.656891504154,0.016077815515356846,136185.8242996788,0,0,0,
exc_5PET,864691135884866160,excitatory,5PET,56,14,2606.1,28266.444099063585,0.030327475963647942,126056.43858052747,14,7,7,0.5
exc_5PET,864691135884866160,excitatory,5PET,57,14,1024.8181818181818,127832.860464764,0.2187155814099402,175839.64676337768,40,23,17,0.575
exc_5PET,864691135884866160,excitatory,5PET,58,4,1107.0714285714287,40242.20259102727,0.06624522037198924,124298.40521895762,13,5,8,0.38461538461538464
exc_5PET,864691135884866160,excitatory,5PET,59,4,972.0714285714286,38943.43179654008,0.06841412206671676,123649.01982171401,12,8,4,0.6666666666666666
exc_5PET,864691135884866160,excitatory,5PET,60,2,996.6315789473684,140752.87104702357,0.24420275975623926,118989.61797069112,31,15,16,0.4838709677419355
exc_5PET,864691135884866160,excitatory,5PET,61,2,1391.6666666666667,24059.86815541611,0.035325332468201846,60643.11652488739,2,1,1,0.5
exc_5PET,864691135884866160,excitatory,5PET,62,15,2644.6666666666665,43415.410366052136,0.04624013219563087,161897.36581308531,44,20,24,0.45454545454545453
exc_5PET,864691135884866160,excitatory,5PET,63,15,1196.7058823529412,98834.90590197597,0.1564866406791134,189607.11358104725,34,20,14,0.5882352941176471
exc_5PET,864691135884866160,excitatory,5PET,64,19,1354.2,13478.190021723032,0.02006091776296416,218563.8151838503,3,2,1,0.6666666666666666
exc_5PET,864691135884866160,excitatory,5PET,65,19,940.2162162162163,52362.18967774021,0.0935329340989355,238005.81501185888,16,6,10,0.375
exc_5PET,864691135884866160,excitatory,5PET,66,20,1007.8823529411765,23950.895610794556,0.04132163190448275,237278.3580001091,6,2,4,0.3333333333333333
exc_5PET,864691135884866160,excitatory,5PET,67,20,803.4285714285714,7940.530529586305,0.015343926561053814,229273.17545950497,1,1,0,1.0
exc_5PET,864691135884866160,excitatory,5PET,68,20,840.2857142857143,7077.637532271346,0.013373203539197527,228841.72896084748,1,1,0,1.0
exc_5PET,864691135884866160,excitatory,5PET,69,25,610.0,2951.462086451325,0.00654535066416235,451252.13683095854,0,0,0,
exc_5PET,864691135884866160,excitatory,5PET,70,25,888.0,28853.549156141275,0.05303387809724378,464203.1803658035,0,0,0,
exc_5PET,864691135884866160,excitatory,5PET,71,26,672.48,34853.12668756716,0.07361438461794319,470154.43121796777,0,0,0,
exc_5PET,864691135884866160,excitatory,5PET,72,26,884.8333333333334,32992.536494304244,0.06074990395276439,469224.13612133625,1,1,0,1.0
exc_5PET,864691135884866160,excitatory,5PET,73,27,1110.25,10525.44000767327,0.01730176849438951,478756.39357313636,0,0,0,
exc_5PET,864691135884866160,excitatory,5PET,74,27,704.4347826086956,30918.158606487406,0.063804873530784,488952.75287254347,0,0,0,
exc_5PET,864691135884866160,excitatory,5PET,75,21,595.1764705882352,23074.357809552537,0.05180448651932525,260790.98471028262,2,2,0,1.0
exc_5PET,864691135884866160,excitatory,5PET,76,21,388.8888888888889,10285.842408001077,0.028568518933260893,254396.7270095069,1,0,1,0.0
exc_5PET,864691135884866160,excitatory,5PET,77,16,1992.0,1437.260240874978,0.0017638082600762628,184323.70111654885,1,1,0,1.0
exc_5PET,864691135884866160,excitatory,5PET,78,16,1110.375,69366.37524119532,0.1140183601952206,218288.25861670903,19,8,11,0.42105263157894735
exc_5PET,864691135884866160,excitatory,5PET,79,17,2486.0,10464.2424315835,0.011495235100179121,190274.45245277812,5,1,4,0.2
exc_5PET,864691135884866160,excitatory,5PET,80,17,1217.111111111111,51394.838892844935,0.08068912812792416,210739.7506834088,10,7,3,0.7
exc_5PET,864691135884866160,excitatory,5PET,81,28,927.1578947368421,27017.732472699758,0.0485995976763735,497527.9798133229,1,0,1,0.0
exc_5PET,864691135884866160,excitatory,5PET,82,28,734.6666666666666,10203.342450380867,0.020618540614626334,489120.7848021635,1,1,0,1.0
exc_5PET,864691135884866160,excitatory,5PET,83,18,2560.4,20785.089589901065,0.022498761858872438,205899.11846352037,17,9,8,0.5294117647058824
exc_5PET,864691135884866160,excitatory,5PET,84,18,1798.7692307692307,16318.146504418924,0.021073842515345734,203665.6469207793,4,2,2,0.5
exc_5PET,864691135884866160,excitatory,5PET,85,3,1561.2,5946.609869691641,0.008243294265664329,46654.87996581997,2,0,2,0.0
exc_5PET,864691135884866160,excitatory,5PET,86,3,1180.1538461538462,36012.33129354158,0.05741727154331992,61687.740677744936,16,3,13,0.1875
exc_5PET,864691135884866160,excitatory,5PET,87,4,1119.467889908257,161447.23124606156,0.26429284640143746,130351.80052369657,31,19,12,0.6129032258064516
exc_5PET,864691135884866160,excitatory,5PET,88,4,1007.6986301369863,105630.16038752106,0.18225658667325095,102443.26509442632,20,9,11,0.45
exc_5PET,864691135884866160,excitatory,5PET,89,19,2656.787878787879,47536.51341790516,0.050513738522900156,240059.91996742348,38,26,12,0.6842105263157895
exc_5PET,864691135884866160,excitatory,5PET,90,19,1675.1764705882354,22742.650985447628,0.03043486865318779,227662.98875119473,12,7,5,0.5833333333333334
exc_5PET,864691135884866160,excitatory,5PET,91,29,724.6086956521739,32888.52898912738,0.06691959528444284,527481.1105442365,0,0,0,
exc_5PET,864691135884866160,excitatory,5PET,92,29,747.5555555555555,10726.704147937315,0.021488455098959604,516400.1981236415,0,0,0,
exc_5PET,864691135884866160,excitatory,5PET,93,10,803.5217391304348,67729.0962081915,0.13086909290097026,196500.45499340334,11,5,6,0.45454545454545453
exc_5PET,864691135884866160,excitatory,5PET,94,10,822.8888888888889,64057.421564349985,0.12230930030389062,194664.61767148259,12,9,3,0.75
exc_5PET,864691135884866160,excitatory,5PET,95,4,1141.0,40663.28391818562,0.06593564424744086,84527.59547535735,10,4,6,0.4
exc_5PET,864691135884866160,excitatory,5PET,96,4,1055.7142857142858,7937.37680374804,0.013380256095547622,68164.64191813856,0,0,0,
exc_5PET,864691135884866160,excitatory,5PET,97,4,907.4,13498.716368240834,0.02454447301934768,122246.02200207098,4,3,1,0.75
exc_5PET,864691135884866160,excitatory,5PET,98,4,621.5,9092.1998153265,0.019976023135612173,120042.76372561381,2,2,0,1.0
exc_5PET,864691135884866160,excitatory,5PET,99,26,1385.111111111111,11973.53842257744,0.017621417176401435,478633.17886994587,0,0,0,
exc_5PET,864691135884866160,excitatory,5PET,100,26,2927.3333333333335,1726.2544407939808,0.0017475489406805864,473509.53687905415,0,0,0,
exc_5PET,864691135884866160,excitatory,5PET,101,5,648.8,13324.678454629655,0.028652461944116157,135657.71941350622,0,0,0,
exc_5PET,864691135884866160,excitatory,5PET,102,5,717.6,12030.143281524233,0.024597457125656422,135010.4518269535,3,3,0,1.0
exc_5PET,864691135884866160,excitatory,5PET,103,20,2617.8333333333335,16335.729041593948,0.01748751708929407,271996.04119717306,7,2,5,0.2857142857142857
exc_5PET,864691135884866160,excitatory,5PET,104,20,1093.2173913043478,65181.993750863774,0.10797793102436845,296419.173551808,20,14,6,0.7
exc_5PET,864691135884866160,excitatory,5PET,105,27,973.7647058823529,24035.65345084745,0.04218805915448544,496637.77480665833,0,0,0,
exc_5PET,864691135884866160,excitatory,5PET,106,27,801.5,9514.761718076245,0.01840800741355177,489377.3289402727,0,0,0,
exc_5PET,864691135884866160,excitatory,5PET,107,5,914.6086956521739,67037.87906955736,0.12141245199221923,138378.17696922884,9,2,7,0.2222222222222222
exc_5PET,864691135884866160,excitatory,5PET,108,5,852.0,8394.405840195077,0.015751821872037042,109056.4403545477,1,1,0,1.0
exc_5PET,864691135884866160,excitatory,5PET,109,3,1826.0,3019.8639432603386,0.003870772237538955,37051.85706603489,1,0,1,0.0
exc_5PET,864691135884866160,excitatory,5PET,110,3,1477.5,9249.051647162218,0.013179352900922491,40166.45091798583,4,1,3,0.25
exc_5PET,864691135884866160,excitatory,5PET,111,4,1517.2,6022.910493100246,0.008469263001082182,41573.24428421519,0,0,0,
exc_5PET,864691135884866160,excitatory,5PET,112,4,1057.2558139534883,126406.12337863779,0.21293090450396643,101764.85072698395,37,15,22,0.40540540540540543
exc_5PET,864691135884866160,excitatory,5PET,113,3,1197.3535353535353,144478.13054264805,0.22869229902487792,116576.79002681414,32,16,16,0.5
exc_5PET,864691135884866160,excitatory,5PET,114,3,1134.8947368421052,111002.10668077417,0.18047375629079854,99838.7780958772,31,27,4,0.8709677419354839
exc_5PET,864691135884866160,excitatory,5PET,115,21,2726.2727272727275,97334.67287156901,0.10210418695862346,328831.2421537546,38,18,20,0.47368421052631576
exc_5PET,864691135884866160,excitatory,5PET,116,21,1153.0,9360.201340555084,0.015098408255052665,284844.0063882476,1,0,1,0.0
exc_5PET,864691135884866160,excitatory,5PET,117,5,1129.7608695652175,136172.41201387913,0.2218995866876265,112670.90553770488,29,14,15,0.4827586206896552
exc_5PET,864691135884866160,excitatory,5PET,118,5,1017.65,116891.22698077597,0.20069813012133478,103030.3130211533,36,17,19,0.4722222222222222
exc_5PET,864691135884866160,excitatory,5PET,119,28,1059.6190476190477,29835.465294674967,0.050201716208818366,523573.3341794195,1,1,0,1.0
exc_5PET,864691135884866160,excitatory,5PET,120,28,814.8571428571429,8058.199006514271,0.015461722608555049,512684.70103533915,0,0,0,
exc_5PET,864691135884866160,excitatory,5PET,121,3,929.2903225806451,91181.38138093338,0.16382911585854143,95959.81861898652,19,8,11,0.42105263157894735
exc_5PET,864691135884866160,excitatory,5PET,122,3,1071.457627118644,85240.58106889036,0.142632839646262,92989.41846296501,14,11,3,0.7857142857142857
exc_5PET,864691135884866160,excitatory,5PET,123,27,780.3888888888889,51998.263486022544,0.10195157257676224,500371.79584246245,3,3,0,1.0
exc_5PET,864691135884866160,excitatory,5PET,124,27,1256.3636363636363,47165.65912392759,0.07288343895808858,497955.49366141495,3,3,0,1.0
exc_5PET,864691135884866160,excitatory,5PET,125,2,1348.84,73289.506493369,0.10930051453573768,67111.4625977847,25,13,12,0.52
exc_5PET,864691135884866160,excitatory,5PET,126,2,1680.5454545454545,13871.01540438991,0.018532915671775743,37402.21705329516,8,2,6,0.25
exc_5PET,864691135884866160,excitatory,5PET,127,2,1625.0,4491.615151865781,0.0061029032192082165,32315.86596282296,0,0,0,
exc_5PET,864691135884866160,excitatory,5PET,128,2,1804.909090909091,13611.516644084077,0.017548478975853293,36875.81670893211,8,2,6,0.25
exc_5PET,864691135884866160,excitatory,5PET,129,22,2195.3333333333335,25460.825293383197,0.02976342243678584,390228.99123623065,5,2,3,0.4
exc_5PET,864691135884866160,excitatory,5PET,130,22,2324.6666666666665,32980.934095978955,0.03746650951623012,393989.0456375285,1,1,0,1.0
exc_5PET,864691135884866160,excitatory,5PET,131,3,1222.6913580246915,120155.292173734,0.188211046664016,94639.31962562285,33,11,22,0.3333333333333333
exc_5PET,864691135884866160,excitatory,5PET,132,3,1108.1492537313434,97564.32231517087,0.16052864151888674,83343.83469634128,41,15,26,0.36585365853658536
exc_5PET,864691135884866160,excitatory,5PET,133,3,1037.8387096774193,91181.16158920473,0.15502466992396113,122798.36100359893,30,13,17,0.43333333333333335
exc_5PET,864691135884866160,excitatory,5PET,134,3,996.2142857142857,80319.6763661456,0.13938184039575838,117367.61839206936,27,16,11,0.5925925925925926
exc_5PET,864691135884866160,excitatory,5PET,135,23,1927.888888888889,25426.2815500467,0.031717757830671434,415672.54465794563,4,4,0,1.0
exc_5PET,864691135884866160,excitatory,5PET,136,23,1351.7777777777778,64977.357990912365,0.09679881143694698,435448.08287837845,5,2,3,0.4
exc_5PET,864691135884866160,excitatory,5PET,137,3,1199.741935483871,91402.4983388184,0.14453558158624927,149457.46501387842,25,17,8,0.68
exc_5PET,864691135884866160,excitatory,5PET,138,3,877.5,9123.633134169864,0.01686960363270342,108318.03241155413,2,2,0,1.0
exc_5PET,864691135884866160,excitatory,5PET,139,9,994.2105263157895,83689.10276515986,0.14537521186627178,111178.60720427183,32,11,21,0.34375
exc_5PET,864691135884866160,excitatory,5PET,140,9,954.8888888888889,77596.0082856165,0.137538279754218,108132.05996450015,27,12,15,0.4444444444444444
exc_5PET,864691135884866160,excitatory,5PET,141,24,1678.7142857142858,40623.06382016278,0.05430563662974913,448697.21734305035,1,1,0,1.0
exc_5PET,864691135884866160,excitatory,5PET,142,24,1358.25,21390.72035476391,0.031790413777785395,439081.0456103509,2,2,0,1.0
exc_5PET,864691135884866160,excitatory,5PET,143,6,1039.5555555555557,11873.96770034478,0.020171241951925434,135818.42122692842,2,2,0,1.0
exc_5PET,864691135884866160,excitatory,5PET,144,6,1005.0,3326.06749102492,0.005746569373698085,131544.47112226847,0,0,0,
exc_5PET,864691135884866160,excitatory,5PET,145,2,920.3853211009174,161327.17536534386,0.29126165670503595,106984.6647564425,36,16,20,0.4444444444444444
exc_5PET,864691135884866160,excitatory,5PET,146,2,2037.5,9220.84802063416,0.011188778661263606,30931.501084087642,4,0,4,0.0
exc_5PET,864691135884866160,excitatory,5PET,147,7,1136.0,5986.158583000115,0.009727913035529723,144748.48436860085,5,2,3,0.4
exc_5PET,864691135884866160,excitatory,5PET,148,7,716.0,2621.9164588847575,0.0053668933608304195,143066.36330654318,2,1,1,0.5
exc_5PET,864691135884866160,excitatory,5PET,149,8,1092.5,10015.596610268687,0.016596890513512083,152749.36196523526,2,0,2,0.0
exc_5PET,864691135884866160,excitatory,5PET,150,8,696.0,2638.748848015358,0.005478404107423474,149060.9380841086,0,0,0,
exc_5PET,864691135884866160,excitatory,5PET,151,25,781.0886075949367,116305.11150949151,0.2279340869281599,527161.3050078775,7,7,0,1.0
exc_5PET,864691135884866160,excitatory,5PET,152,25,2167.0,3637.660405525386,0.004280094172709769,470827.5794558944,0,0,0,
exc_5PET,864691135884866160,excitatory,5PET,153,4,1049.4166666666667,70494.92950085772,0.1191912925009421,189964.4304629187,12,4,8,0.3333333333333333
exc_5PET,864691135884866160,excitatory,5PET,154,4,690.5,8264.859500855619,0.017227182758305325,158849.39546291766,0,0,0,
exc_5PET,864691135884866160,excitatory,5PET,155,4,1007.1904761904761,60865.93466126376,0.1050459027202364,225591.6815139195,2,1,1,0.5
exc_5PET,864691135884866160,excitatory,5PET,156,4,831.0,7582.968684286052,0.0144078566196137,198950.19852543063,0,0,0,
exc_5PET,864691135884866160,excitatory,5PET,157,2,1707.111111111111,12012.06541117919,0.015923825923201334,21959.66943151081,0,0,0,
exc_5PET,864691135884866160,excitatory,5PET,158,2,1496.24,34688.46137542192,0.04911849300672923,33297.86741363218,14,1,13,0.07142857142857142
exc_5PET,864691135884866160,excitatory,5PET,159,3,1569.25,10536.618285239225,0.014568532450164007,33234.01127972002,1,0,1,0.0
exc_5PET,864691135884866160,excitatory,5PET,160,3,1358.7692307692307,36230.251379164125,0.053834306505143106,46080.82782668247,16,4,12,0.25
exc_5PET,864691135884866160,excitatory,5PET,161,4,1170.5116279069769,62922.756732201626,0.10073502593607486,69963.69878844044,15,6,9,0.4
exc_5PET,864691135884866160,excitatory,5PET,162,4,1135.0212765957447,137847.239812686,0.22410765972243057,107425.94032868263,31,11,20,0.3548387096774194
exc_5PET,864691135884866160,excitatory,5PET,163,25,827.7777777777778,25165.466561592315,0.04790807626368805,506713.74331292126,0,0,0,
exc_5PET,864691135884866160,excitatory,5PET,164,25,828.0,20675.76390279811,0.03935564398709014,504468.89198352414,1,1,0,1.0
exc_5PET,864691135884866160,excitatory,5PET,165,3,1292.2857142857142,29951.936223669843,0.04563586197906227,65618.06621317806,5,2,3,0.4
exc_5PET,864691135884866160,excitatory,5PET,166,3,1392.5882352941176,48538.23372712074,0.07124152952671294,74911.2149649035,13,8,5,0.6153846153846154
exc_5PET,864691135884866160,excitatory,5PET,167,4,1118.7058823529412,99094.69448625621,0.16227554245647408,130141.38156814108,14,9,5,0.6428571428571429
exc_5PET,864691135884866160,excitatory,5PET,168,4,856.8571428571429,7268.087298696384,0.013599613055533519,84228.07797436116,0,0,0,
exc_5PET,864691135884866160,excitatory,5PET,169,4,1283.5,10404.873651884529,0.01590741098660866,104382.76865440614,4,2,2,0.5
exc_5PET,864691135884866160,excitatory,5PET,170,4,616.5714285714286,7605.554104827377,0.01677643928894369,102983.10888087757,1,0,1,0.0
exc_5PET,864691135884866160,excitatory,5PET,171,5,937.5737704918033,89336.33342882477,0.1598034043025774,146093.24386895364,12,5,7,0.4166666666666667
exc_5PET,864691135884866160,excitatory,5PET,172,5,1084.952380952381,28456.360222214757,0.04731889982072555,115653.25726564863,6,3,3,0.5
exc_5PET,864691135884866160,excitatory,5PET,173,8,994.5714285714286,9059.761762213922,0.015734734360801597,144471.59391776513,0,0,0,
exc_5PET,864691135884866160,excitatory,5PET,174,8,687.4285714285714,7663.245465262122,0.016008829340371573,143773.33576928923,1,0,1,0.0
exc_5PET,864691135884866160,excitatory,5PET,175,5,1095.1,28317.82229928216,0.04686985284749385,123744.11662998948,3,3,0,1.0
exc_5PET,864691135884866160,excitatory,5PET,176,5,490.85714285714283,7473.591182486727,0.01847618947560242,113322.00107159177,2,2,0,1.0
exc_5PET,864691135884866160,excitatory,5PET,177,9,645.4285714285714,18780.589778681195,0.04048981203360201,158391.7696882127,2,1,1,0.5
exc_5PET,864691135884866160,excitatory,5PET,178,9,623.0,9472.639895398275,0.020786799728658257,153737.79474657125,0,0,0,
exc_5PET,864691135884866160,excitatory,5PET,179,2,1546.4285714285713,40572.48453339764,0.056510259057946065,37385.34352963074,20,6,14,0.3
exc_5PET,864691135884866160,excitatory,5PET,180,2,1229.9166666666667,68146.73012352771,0.10643091748244156,51172.46632469578,14,7,7,0.5
exc_5PET,864691135884866160,excitatory,5PET,181,2,1291.8181818181818,14980.512301544104,0.022828984673768482,24789.387252313027,4,0,4,0.0
exc_5PET,864691135884866160,excitatory,5PET,182,2,1265.6190476190477,59908.64910745558,0.0922356160682508,47253.455655268765,24,8,16,0.3333333333333333
exc_5PET,864691135884866160,excitatory,5PET,183,23,1616.3225806451612,44682.19507908314,0.06087389734243993,432820.61022505956,1,0,1,0.0
exc_5PET,864691135884866160,excitatory,5PET,184,23,1698.909090909091,29959.055134727783,0.03981105342597517,425459.0402528819,2,0,2,0.0
exc_5PET,864691135884866160,excitatory,5PET,185,3,1403.6470588235295,49639.69710880417,0.07257061277688469,57099.49195748716,27,8,19,0.2962962962962963
exc_5PET,864691135884866160,excitatory,5PET,186,3,873.1428571428571,7439.3372514255425,0.013789617565745711,35999.31202879785,1,0,1,0.0
exc_5PET,864691135884866160,excitatory,5PET,187,3,1196.1587301587301,92802.38100010541,0.1469688646147019,104072.77629638226,24,8,16,0.3333333333333333
exc_5PET,864691135884866160,excitatory,5PET,188,3,1055.3333333333333,73325.12981901584,0.1236285114100883,94334.15070583747,12,6,6,0.5
exc_5PET,864691135884866160,excitatory,5PET,189,4,904.05,57542.56977993449,0.10482229286145262,108465.19121448297,13,6,7,0.46153846153846156
exc_5PET,864691135884866160,excitatory,5PET,190,4,1246.5,8645.177233387756,0.013411840719012748,84016.4949412096,4,2,2,0.5
exc_5PET,864691135884866160,excitatory,5PET,191,6,731.6,12833.635724564721,0.025988037626742785,150174.14223589638,1,1,0,1.0
exc_5PET,864691135884866160,excitatory,5PET,192,6,601.5,8616.020017642153,0.019241969007713758,148065.3343824351,1,0,1,0.0
exc_5PET,864691135884866160,excitatory,5PET,193,6,468.0,8277.882787824587,0.02095834443833562,147896.26576752632,1,1,0,1.0
exc_5PET,864691135884866160,excitatory,5PET,194,24,861.0967741935484,44554.39948668627,0.08316206039865816,490213.96161717776,0,0,0,
exc_5PET,864691135884866160,excitatory,5PET,195,24,881.1578947368421,25070.57471089644,0.0462591926382256,480472.0492292829,2,2,0,1.0
exc_5PET,864691135884866160,excitatory,5PET,196,24,1156.7826086956522,33085.33078973131,0.05328073817436794,471704.37315946684,0,0,0,
exc_5PET,864691135884866160,excitatory,5PET,197,24,1102.0,38969.30226752397,0.06429725911444922,474646.35889836313,0,0,0,
exc_5PET,864691135884866160,excitatory,5PET,198,20,1033.157894736842,54489.90004631333,0.09285243327927321,266279.2642670752,15,8,7,0.5333333333333333
exc_5PET,864691135884866160,excitatory,5PET,199,20,918.9411764705883,22641.173119522522,0.0409087017029973,250354.9008036798,6,4,2,0.6666666666666666
exc_5PET,864691135884866160,excitatory,5PET,200,4,969.5492957746479,104229.57119457578,0.1833439699059396,134034.12610917713,35,25,10,0.7142857142857143
exc_5PET,864691135884866160,excitatory,5PET,201,4,1042.840579710145,100294.68244281027,0.1701098939366364,132066.6817332944,31,15,16,0.4838709677419355
exc_5PET,864691135884866160,excitatory,5PET,202,4,872.8571428571429,7596.742249542467,0.014083689239914732,85717.71163666049,2,1,1,0.5
exc_5PET,864691135884866160,excitatory,5PET,203,4,994.4,133419.33635027817,0.2317388490168414,111500.64491670602,48,26,22,0.5416666666666666
exc_5PET,864691135884866160,excitatory,5PET,204,4,956.2,117016.81087164496,0.20726907800297842,103299.38217738943,36,17,19,0.4722222222222222
exc_5PET,864691135884866160,excitatory,5PET,205,2,1535.2727272727273,47866.88136278911,0.06691184312131972,54602.951177852985,16,3,13,0.1875
exc_5PET,864691135884866160,excitatory,5PET,206,2,1871.7333333333333,19699.617432061405,0.024939999028892424,40519.31921248913,13,4,9,0.3076923076923077
exc_5PET,864691135884866160,excitatory,5PET,207,25,964.0,4501.226520018667,0.007940593782575299,490497.6518143418,0,0,0,
exc_5PET,864691135884866160,excitatory,5PET,208,25,745.2727272727273,14055.98414034749,0.028200984600820832,495275.0306245062,1,1,0,1.0
exc_5PET,864691135884866160,excitatory,5PET,209,25,695.5,9634.72904858043,0.020010206292938378,493064.40307862265,0,0,0,
exc_5PET,864691135884866160,excitatory,5PET,210,26,793.9322033898305,87023.27614140399,0.16916259835585076,536259.9031450531,0,0,0,
exc_5PET,864691135884866160,excitatory,5PET,211,26,704.9333333333333,19418.65171340776,0.04005951401345251,502457.59093105496,1,1,0,1.0
exc_5PET,864691135884866160,excitatory,5PET,212,3,935.8421052631579,111671.93611907687,0.19994170105896378,134372.35991878598,25,15,10,0.6
exc_5PET,864691135884866160,excitatory,5PET,213,3,1162.7450980392157,72858.36727763186,0.11703016124415783,114965.57549806347,25,13,12,0.52
exc_5PET,864691135884866160,excitatory,5PET,214,11,1217.5,9749.943729739938,0.015304820896332555,123419.92145314242,1,1,0,1.0
exc_5PET,864691135884866160,excitatory,5PET,215,11,850.0,42222.076317978754,0.07932146943110797,139655.98774726182,8,5,3,0.625
exc_5PET,864691135884866160,excitatory,5PET,216,12,955.8787878787879,95818.47647572513,0.16974948936096318,176204.13155587495,29,21,8,0.7241379310344828
exc_5PET,864691135884866160,excitatory,5PET,217,12,649.6,5899.623402984155,0.012678325833999976,131244.70501950447,0,0,0,
exc_5PET,864691135884866160,excitatory,5PET,218,25,556.9285714285714,40027.75806739072,0.09290137551394172,487938.58054496435,0,0,0,
exc_5PET,864691135884866160,excitatory,5PET,219,25,713.6666666666666,15338.682869041697,0.031448576305098584,475594.0429457898,0,0,0,
exc_5PIT,864691135256642223,excitatory,5PIT,0,0,4015.0,12038.382413665726,0.010406051901062844,6019.191206832863,10,0,10,0.0
exc_5PIT,864691135256642223,excitatory,5PIT,1,1,3652.0,17121.022128386383,0.015517613531943284,8560.511064193191,11,0,11,0.0
exc_5PIT,864691135256642223,excitatory,5PIT,2,1,3110.0,19073.291281928145,0.018732945692897948,9536.645640964072,6,0,6,0.0
exc_5PIT,864691135256642223,excitatory,5PIT,3,1,7131.0,15410.155612452458,0.009995221744404417,7705.077806226229,6,0,6,0.0
exc_5PIT,864691135256642223,excitatory,5PIT,4,1,3436.0,16114.130115210266,0.015057085477674885,8057.065057605133,11,0,11,0.0
exc_5PIT,864691135256642223,excitatory,5PIT,5,1,1766.4615384615386,27619.466634892266,0.03599347866590267,13809.733317446133,7,0,7,0.0
exc_5PIT,864691135256642223,excitatory,5PIT,6,1,3360.8,18149.53724416675,0.017147659433101047,9074.768622083375,3,0,3,0.0
exc_5PIT,864691135256642223,excitatory,5PIT,7,1,1338.0645161290322,55181.55109804102,0.0826258621885306,27590.77554902051,20,4,16,0.2
exc_5PIT,864691135256642223,excitatory,5PIT,8,1,3866.0,20571.247902075396,0.01812134131505962,10285.623951037698,6,0,6,0.0
exc_5PIT,864691135256642223,excitatory,5PIT,9,1,2767.3333333333335,7233.670685789028,0.007531623879665955,15655.21775656024,0,0,0,
exc_5PIT,864691135256642223,excitatory,5PIT,10,1,2295.0,3594.9862921221384,0.004110233751371071,13835.875559726795,0,0,0,
exc_5PIT,864691135256642223,excitatory,5PIT,11,2,3680.0,4357.008034053533,0.003933915968108136,21450.55711648152,1,0,1,0.0
exc_5PIT,864691135256642223,excitatory,5PIT,12,2,1620.0,6608.64280865318,0.008993223763063208,22576.374503781342,0,0,0,
exc_5PIT,864691135256642223,excitatory,5PIT,13,3,3415.0,1510.227797386871,0.0014154930228735874,24384.17503220172,0,0,0,
exc_5PIT,864691135256642223,excitatory,5PIT,14,3,1142.2105263157894,26116.115280780756,0.042324917986751406,36687.11877389866,4,1,3,0.25
exc_5PIT,864691135256642223,excitatory,5PIT,15,3,1460.5714285714287,17640.069642077837,0.025281306992086812,32449.095954547207,2,0,2,0.0
exc_5PIT,864691135256642223,excitatory,5PIT,16,4,2197.3333333333335,7490.601020996524,0.008752443598646032,28884.58944139342,3,0,3,0.0
exc_5PIT,864691135256642223,excitatory,5PIT,17,4,1368.3,27172.950800018738,0.040235255760831555,38725.76433090452,11,4,7,0.36363636363636365
exc_5PIT,864691135256642223,excitatory,5PIT,18,5,2026.5,10416.461796559637,0.012673820406639738,37838.1208501715,8,0,8,0.0
exc_5PIT,864691135256642223,excitatory,5PIT,19,5,1370.0,28872.442631314025,0.042725177029317725,47066.111267548695,10,1,9,0.1
exc_5PIT,864691135256642223,excitatory,5PIT,20,6,2048.8,6028.385452668939,0.007294774273104974,46060.544474785784,0,0,0,
exc_5PIT,864691135256642223,excitatory,5PIT,21,6,1121.3333333333333,60356.38127761251,0.098722570429034,73224.54238725756,7,6,1,0.8571428571428571
exc_5PIT,864691135256642223,excitatory,5PIT,22,7,1784.5,16564.645962907216,0.02147753865427249,57357.06018257386,1,0,1,0.0
exc_5PIT,864691135256642223,excitatory,5PIT,23,7,870.6315789473684,110988.72911468189,0.20602612681199806,104569.1017584612,25,18,7,0.72
exc_5PIT,864691135256642223,excitatory,5PIT,24,19,652.4,6011.835230478826,0.01289171572474075,478104.0652770913,0,0,0,
exc_5PIT,864691135256642223,excitatory,5PIT,25,19,502.90909090909093,14150.98484263351,0.03456229319254086,482173.64008316863,0,0,0,
exc_5PIT,864691135256642223,excitatory,5PIT,26,8,1895.625,46465.99690753145,0.05845473186429447,88872.3816177932,13,3,10,0.23076923076923078
exc_5PIT,864691135256642223,excitatory,5PIT,27,8,815.047619047619,122864.52273740078,0.23571956654190274,127071.64453272786,21,8,13,0.38095238095238093
exc_5PIT,864691135256642223,excitatory,5PIT,28,6,716.0,70071.03606087757,0.1434308774207066,124099.69093779454,9,8,1,0.8888888888888888
exc_5PIT,864691135256642223,excitatory,5PIT,29,6,633.0,7905.905674071152,0.017211170257888368,93017.12574439133,0,0,0,
exc_5PIT,864691135256642223,excitatory,5PIT,30,20,636.6976744186046,62993.150416939505,0.13673740210806226,512606.5581008005,0,0,0,
exc_5PIT,864691135256642223,excitatory,5PIT,31,20,633.92,34060.2332035023,0.07409536087930661,498140.09949408186,0,0,0,
exc_5PIT,864691135256642223,excitatory,5PIT,32,6,792.8333333333334,141503.0758160731,0.27525521567450084,132253.87049124227,12,6,6,0.5
exc_5PIT,864691135256642223,excitatory,5PIT,33,6,1146.5454545454545,13996.33508054634,0.02264015105324314,68500.50012347887,3,0,3,0.0
exc_5PIT,864691135256642223,excitatory,5PIT,34,9,2082.4,5980.126945077966,0.007177760332524046,115095.44354409791,0,0,0,
exc_5PIT,864691135256642223,excitatory,5PIT,35,9,1036.5384615384614,74948.91659735945,0.1275067792924602,149579.83837023866,28,18,10,0.6428571428571429
exc_5PIT,864691135256642223,excitatory,5PIT,36,18,602.7272727272727,13048.76109079835,0.02911182858950057,475597.7254312669,0,0,0,
exc_5PIT,864691135256642223,excitatory,5PIT,37,18,458.8,11329.978759073592,0.02897196943895428,474738.3342654045,0,0,0,
exc_5PIT,864691135256642223,excitatory,5PIT,38,10,1843.3703703703704,79473.06309011033,0.10138513370241303,157822.03856169205,37,20,17,0.5405405405405406
exc_5PIT,864691135256642223,excitatory,5PIT,39,10,1063.2631578947369,54177.712690776556,0.09100408977816972,145174.36336202518,19,12,7,0.631578947368421
exc_5PIT,864691135256642223,excitatory,5PIT,40,4,790.4848484848485,96530.71574909842,0.18805261575494026,121571.8444459993,25,14,11,0.56
exc_5PIT,864691135256642223,excitatory,5PIT,41,4,747.0,51022.31456303843,0.10224933270016529,98817.64385296931,8,3,5,0.375
exc_5PIT,864691135256642223,excitatory,5PIT,42,2,766.0714285714286,124820.35237980534,0.2470082160265787,90029.64282479494,25,15,10,0.6
exc_5PIT,864691135256642223,excitatory,5PIT,43,2,699.6190476190476,90817.97538002345,0.18806225130284593,73028.45432490399,29,16,13,0.5517241379310345
exc_5PIT,864691135256642223,excitatory,5PIT,44,11,1833.2,6025.461019114623,0.007708075932654977,200571.30061630454,1,1,0,1.0
exc_5PIT,864691135256642223,excitatory,5PIT,45,11,877.2156862745098,73416.29612244779,0.13576877616267746,234266.71816797112,22,11,11,0.5
exc_5PIT,864691135256642223,excitatory,5PIT,46,7,697.1481481481482,79331.94886303986,0.16456831087910237,143068.70745758375,12,8,4,0.6666666666666666
exc_5PIT,864691135256642223,excitatory,5PIT,47,7,726.56,72290.07316766602,0.14689382829112857,139547.76960989684,19,10,9,0.5263157894736842
exc_5PIT,864691135256642223,excitatory,5PIT,48,12,1717.142857142857,8966.342364943937,0.011851483908834405,208067.2023083338,1,0,1,0.0
exc_5PIT,864691135256642223,excitatory,5PIT,49,12,868.1025641025641,54766.200232055075,0.10180936244127377,230967.13124188938,17,8,9,0.47058823529411764
exc_5PIT,864691135256642223,excitatory,5PIT,50,13,1767.0666666666666,110706.078627285,0.14424661410136946,267903.4128044483,41,21,20,0.5121951219512195
exc_5PIT,864691135256642223,excitatory,5PIT,51,13,906.0,52465.5049540712,0.09547076127570063,238783.12596784136,14,8,6,0.5714285714285714
exc_5PIT,864691135256642223,excitatory,5PIT,52,7,756.2857142857143,123698.47264289623,0.24636670556558102,137347.90398520016,26,18,8,0.6923076923076923
exc_5PIT,864691135256642223,excitatory,5PIT,53,7,731.5294117647059,73181.15143304811,0.14819855522419023,112089.24338027611,7,6,1,0.8571428571428571
exc_5PIT,864691135256642223,excitatory,5PIT,54,3,665.2727272727273,14640.340179202223,0.031089370990734198,85795.21976414071,4,2,2,0.5
exc_5PIT,864691135256642223,excitatory,5PIT,55,3,460.44444444444446,10419.560947329537,0.026596312553982662,83684.83014820436,1,0,1,0.0
exc_5PIT,864691135256642223,excitatory,5PIT,56,3,550.25,9611.149730193749,0.022441709942237112,83280.62453963647,0,0,0,
exc_5PIT,864691135256642223,excitatory,5PIT,57,3,461.0,9130.035212423958,0.023290704062973983,83040.06728075157,0,0,0,
exc_5PIT,864691135256642223,excitatory,5PIT,58,3,505.14285714285717,8100.465358305249,0.01974074271448389,82525.28235369222,0,0,0,
exc_5PIT,864691135256642223,excitatory,5PIT,59,3,496.57142857142856,8012.997313720058,0.019695397966959752,82481.54833139962,2,1,1,0.5
exc_5PIT,864691135256642223,excitatory,5PIT,60,17,672.4,57994.814554237455,0.1224999577847247,474617.8995697198,2,0,2,0.0
exc_5PIT,864691135256642223,excitatory,5PIT,61,17,572.5,51398.70325435882,0.11765897051516322,471319.8439197805,0,0,0,
exc_5PIT,864691135256642223,excitatory,5PIT,62,17,606.24,35059.888599403836,0.07799178590631786,463150.436592303,0,0,0,
exc_5PIT,864691135256642223,excitatory,5PIT,63,2,1478.5454545454545,14987.590292026955,0.021348880173189713,23127.163851801342,8,0,8,0.0
exc_5PIT,864691135256642223,excitatory,5PIT,64,2,1910.3333333333333,14869.999176229305,0.01863446784838761,23068.368293902517,4,0,4,0.0
exc_5PIT,864691135256642223,excitatory,5PIT,65,2,836.6373626373627,133231.9746617058,0.2522902483987989,84765.52457501966,16,11,5,0.6875
exc_5PIT,864691135256642223,excitatory,5PIT,66,2,749.0243902439024,121092.2163880956,0.24234210494964867,78695.64543821456,17,6,11,0.35294117647058826
exc_5PIT,864691135256642223,excitatory,5PIT,67,2,1181.0,22533.202264864794,0.035913571254856655,30339.89241436054,8,1,7,0.125
exc_5PIT,864691135256642223,excitatory,5PIT,68,2,868.1414141414141,145122.13930352716,0.26977336058146545,91634.36093369173,30,20,10,0.6666666666666666
exc_5PIT,864691135256642223,excitatory,5PIT,69,3,1036.7692307692307,56799.99994115411,0.0966201956912192,59020.958968391875,19,11,8,0.5789473684210527
exc_5PIT,864691135256642223,excitatory,5PIT,70,3,819.8245614035088,168430.29854486394,0.3221961770800417,114836.10827024678,34,18,16,0.5294117647058824
exc_5PIT,864691135256642223,excitatory,5PIT,71,3,786.6304347826087,135377.22216043138,0.2643752851699075,109295.10462700864,28,17,11,0.6071428571428571
exc_5PIT,864691135256642223,excitatory,5PIT,72,3,1050.9565217391305,31699.993024657153,0.053558378392009345,57456.49005912151,13,7,6,0.5384615384615384
exc_5PIT,864691135256642223,excitatory,5PIT,73,14,1475.45,58565.34074246213,0.08351010955369367,352539.1224893218,11,5,6,0.45454545454545453
exc_5PIT,864691135256642223,excitatory,5PIT,74,14,1263.4074074074074,78234.73297674187,0.12055591470101401,362373.8186064617,9,7,2,0.7777777777777778
exc_5PIT,864691135256642223,excitatory,5PIT,75,4,797.9428571428572,51128.192396684215,0.0991368625626333,112985.05513731102,7,5,2,0.7142857142857143
exc_5PIT,864691135256642223,excitatory,5PIT,76,4,736.9302325581396,125391.6023234851,0.25299730357391365,150116.7601007115,25,19,6,0.76
exc_5PIT,864691135256642223,excitatory,5PIT,77,16,832.0,32620.303829213204,0.061942248476389294,458483.2014836256,1,0,1,0.0
exc_5PIT,864691135256642223,excitatory,5PIT,78,16,890.6,12640.056992968637,0.02319894921123312,448493.07806550333,0,0,0,
exc_5PIT,864691135256642223,excitatory,5PIT,79,15,1694.0,7509.341615515178,0.009993227768695524,385576.4636683105,0,0,0,
exc_5PIT,864691135256642223,excitatory,5PIT,80,15,778.5205479452055,107070.28865773894,0.21018153577503382,435356.9371894224,7,2,5,0.2857142857142857
exc_5PIT,864691135256642223,excitatory,5PIT,81,16,1194.3,28418.854374062015,0.045041254469711814,403540.5616630991,2,1,1,0.5
exc_5PIT,864691135256642223,excitatory,5PIT,82,16,968.4615384615385,56289.35781653299,0.09907081425772883,417475.81338433456,3,1,2,0.3333333333333333
exc_5PIT,864691135256642223,excitatory,5PIT,83,5,314.87719298245617,82837.0976043155,0.2556906803263987,179967.7001378109,0,0,0,
exc_5PIT,864691135256642223,excitatory,5PIT,84,5,613.3333333333334,10490.335631140326,0.023200734092651207,143794.31915122332,4,3,1,0.75
exc_5PIT,864691135256642223,excitatory,5PIT,85,17,529.6,26431.710043108975,0.06290887236669362,488009.2084197867,0,0,0,
exc_5PIT,864691135256642223,excitatory,5PIT,86,17,705.6,13581.065593041574,0.028003685271516136,481583.886194753,1,1,0,1.0
exc_5PIT,864691135256642223,excitatory,5PIT,87,17,1055.3636363636363,31640.497938775225,0.05334612446164299,433570.23781951773,0,0,0,
exc_5PIT,864691135256642223,excitatory,5PIT,88,17,811.0,51323.35603573762,0.09871093086456795,443411.66686799895,3,2,1,0.6666666666666666
exc_5PIT,864691135256642223,excitatory,5PIT,89,5,834.3243243243244,109483.21142985341,0.2076063832446487,107053.84544584059,31,21,10,0.6774193548387096
exc_5PIT,864691135256642223,excitatory,5PIT,90,5,1067.5384615384614,36751.93317644188,0.06160969376921681,70688.20631913483,16,7,9,0.4375
exc_5PIT,864691135256642223,excitatory,5PIT,91,18,821.0769230769231,17769.496481077505,0.033965954698060304,458275.2350294441,0,0,0,
exc_5PIT,864691135256642223,excitatory,5PIT,92,18,846.0,25707.66087294654,0.04841032609054603,462244.3172253786,1,0,1,0.0
exc_5PIT,864691135256642223,excitatory,5PIT,93,18,641.6,12751.447689607992,0.027573249038989344,494750.1428360778,0,0,0,
exc_5PIT,864691135256642223,excitatory,5PIT,94,18,486.22222222222223,10501.47104176605,0.026085151568227084,493625.1545121568,0,0,0,
exc_5PIT,864691135256642223,excitatory,5PIT,95,19,584.8571428571429,113912.66992762289,0.2579929030026105,524116.3182337943,1,1,0,1.0
exc_5PIT,864691135256642223,excitatory,5PIT,96,19,736.2424242424242,46737.716674896554,0.09434474161252246,490528.8416074311,1,1,0,1.0
exc_5PIT,864691135256642223,excitatory,5PIT,97,17,725.5,10465.068015644956,0.021280605177998766,460045.6405698101,1,0,1,0.0
exc_5PIT,864691135256642223,excitatory,5PIT,98,17,627.8,27463.9289975234,0.06003612308512615,468545.07106074935,0,0,0,
exc_5PIT,864691135256642223,excitatory,5PIT,99,18,515.1666666666666,34640.777237729315,0.08359385966370475,482598.56319649727,1,0,1,0.0
exc_5PIT,864691135256642223,excitatory,5PIT,100,18,585.8947368421053,25462.832907646585,0.05761791640198604,478009.5910314559,1,1,0,1.0
exc_5PIT,864691135256642223,excitatory,5PIT,101,6,707.3333333333334,16506.65750848355,0.03399442543784068,229639.57769421043,3,3,0,1.0
exc_5PIT,864691135256642223,excitatory,5PIT,102,6,499.1111111111111,10507.88588597078,0.025761868321114195,226640.19188295404,0,0,0,
exc_5PIT,864691135256642223,excitatory,5PIT,103,7,630.0,5988.815803112522,0.013068667495671848,240887.31435000847,1,0,1,0.0
exc_5PIT,864691135256642223,excitatory,5PIT,104,7,586.6666666666666,2041.7464531771766,0.004617072887882478,238913.7796750408,0,0,0,
exc_5PIT,864691135256642223,excitatory,5PIT,105,8,745.6,6020.711167253935,0.012076900018372557,246892.0778351917,0,0,0,
exc_5PIT,864691135256642223,excitatory,5PIT,106,8,495.0,2856.916709768825,0.007033242748184285,245310.18060644914,0,0,0,
exc_5PIT,864691135256642223,excitatory,5PIT,107,9,937.6,6027.378354857146,0.010781527182606979,252916.12259624724,2,2,0,1.0
exc_5PIT,864691135256642223,excitatory,5PIT,108,9,476.0,2963.062667631286,0.007438716162404127,251383.96475263432,0,0,0,
exc_5PIT,864691135256642223,excitatory,5PIT,109,2,1380.0,965.9109689821314,0.0014241580273819763,15893.111096943523,0,0,0,
exc_5PIT,864691135256642223,excitatory,5PIT,110,2,754.125,117336.02465530216,0.234029351093375,74078.16794010354,20,12,8,0.6
exc_5PIT,864691135256642223,excitatory,5PIT,111,10,710.1818181818181,14450.641009296478,0.02970044557749911,263155.13227832405,1,1,0,1.0
exc_5PIT,864691135256642223,excitatory,5PIT,112,10,579.0,6105.678868345582,0.013898095900328372,258982.6512078486,1,1,0,1.0
exc_5PIT,864691135256642223,excitatory,5PIT,113,3,830.3018867924528,157217.95149604743,0.2988441427329818,94985.0423294583,29,11,18,0.3793103448275862
exc_5PIT,864691135256642223,excitatory,5PIT,114,3,764.9444444444445,104893.91444038991,0.20772844624001258,68823.02380162955,21,9,12,0.42857142857142855
exc_5PIT,864691135256642223,excitatory,5PIT,115,2,1479.5,10528.509677055052,0.01499236142241423,22385.27696691391,5,0,5,0.0
exc_5PIT,864691135256642223,excitatory,5PIT,116,2,858.7234042553191,67426.84299741386,0.12602793013629024,50834.44362709331,18,4,14,0.2222222222222222
exc_5PIT,864691135256642223,excitatory,5PIT,117,2,1066.8,6006.291320670929,0.01007222726973212,19117.27577554573,2,0,2,0.0
exc_5PIT,864691135256642223,excitatory,5PIT,118,2,747.4468085106383,67733.05564293434,0.1356972822923948,49980.65793667744,14,7,7,0.5
exc_5PIT,864691135256642223,excitatory,5PIT,119,3,854.1081081081081,165095.27062354513,0.3094132001029029,110197.167117214,23,17,6,0.7391304347826086
exc_5PIT,864691135256642223,excitatory,5PIT,120,3,1272.7272727272727,13414.600209148426,0.02059542157764405,34356.83191001565,2,0,2,0.0
exc_5PIT,864691135256642223,excitatory,5PIT,121,3,920.7021276595744,139377.56423389306,0.25159031824882394,91809.20355282773,26,8,18,0.3076923076923077
exc_5PIT,864691135256642223,excitatory,5PIT,122,3,838.6666666666666,95201.35635793848,0.180056611252604,69721.09961485043,29,18,11,0.6206896551724138
exc_5PIT,864691135256642223,excitatory,5PIT,123,2,800.1935483870968,90465.421726446,0.17516434792289415,100414.26196126401,16,14,2,0.875
exc_5PIT,864691135256642223,excitatory,5PIT,124,2,836.0,23293.498576498576,0.04412576127811546,66828.3003862903,2,1,1,0.5
exc_5PIT,864691135256642223,excitatory,5PIT,125,4,1354.0,1494.0140561587766,0.002223852499811038,41811.13904266925,0,0,0,
exc_5PIT,864691135256642223,excitatory,5PIT,126,4,818.4242424242424,95579.9914735646,0.18299464128246798,88854.12775137217,19,11,8,0.5789473684210527
exc_5PIT,864691135256642223,excitatory,5PIT,127,15,1026.3703703703704,39103.94197745078,0.06685426432004431,421043.156083558,3,1,2,0.3333333333333333
exc_5PIT,864691135256642223,excitatory,5PIT,128,15,1070.0666666666666,40681.864474186375,0.068117085579072,421832.1173319258,0,0,0,
exc_5PIT,864691135256642223,excitatory,5PIT,129,5,812.0,102829.04117485281,0.1976507192155571,93972.66665817505,20,14,6,0.7
exc_5PIT,864691135256642223,excitatory,5PIT,130,5,810.6666666666666,64965.028912600086,0.12497383745046342,75040.66052704869,9,4,5,0.4444444444444444
exc_5PIT,864691135256642223,excitatory,5PIT,131,16,716.3098591549295,104291.1699484982,0.21343109987144004,492740.71204653254,0,0,0,
exc_5PIT,864691135256642223,excitatory,5PIT,132,16,1183.0,3626.231590283351,0.005774625070739528,442408.2428674251,0,0,0,
exc_5PIT,864691135256642223,excitatory,5PIT,133,17,698.5882352941177,23438.564810093594,0.04857144333483656,455940.64106761356,0,0,0,
exc_5PIT,864691135256642223,excitatory,5PIT,134,17,768.4,27193.89152535194,0.05373265623207722,457818.3044252427,3,1,2,0.3333333333333333
exc_5PIT,864691135256642223,excitatory,5PIT,135,4,755.609756097561,121525.60830126771,0.24214731210789173,110507.98056492291,22,14,8,0.6363636363636364
exc_5PIT,864691135256642223,excitatory,5PIT,136,4,558.3,26495.43388503668,0.06141830818329827,62992.893356807384,6,2,4,0.3333333333333333
exc_5PIT,864691135256642223,excitatory,5PIT,137,18,394.0,16499.119161349736,0.0455274447073058,475909.4830533352,0,0,0,
exc_5PIT,864691135256642223,excitatory,5PIT,138,18,609.6666666666666,15064.239031598934,0.03341654922104798,475192.0429884598,0,0,0,
exc_5PIT,864691135256642223,excitatory,5PIT,139,2,801.3658536585366,121225.73977668762,0.23455249329539404,81184.1177904192,18,12,6,0.6666666666666666
exc_5PIT,864691135256642223,excitatory,5PIT,140,2,841.578947368421,111361.27030734977,0.21025550344489888,76251.88305575028,31,14,17,0.45161290322580644
exc_6PCT,864691135866795798,excitatory,6PCT,0,0,4092.4,10569.529978705268,0.009049555841618193,5284.764989352634,8,0,8,0.0
exc_6PCT,864691135866795798,excitatory,6PCT,1,1,5064.666666666667,12294.545255506451,0.009462320708293727,6147.272627753226,2,0,2,0.0
exc_6PCT,864691135866795798,excitatory,6PCT,2,1,3689.0,19064.99244588997,0.017192654559467318,9532.496222944985,3,0,3,0.0
exc_6PCT,864691135866795798,excitatory,6PCT,3,1,896.3092783505155,154612.9668706507,0.2828639457758156,77306.48343532535,14,6,8,0.42857142857142855
exc_6PCT,864691135866795798,excitatory,6PCT,4,1,901.6041666666666,151992.29981361234,0.2772517261562214,75996.14990680617,22,8,14,0.36363636363636365
exc_6PCT,864691135866795798,excitatory,6PCT,5,1,862.4878048780488,132167.86229610158,0.246496076815594,66083.93114805079,8,3,5,0.375
exc_6PCT,864691135866795798,excitatory,6PCT,6,1,1454.5217391304348,43063.58056644978,0.06184586326734035,21531.79028322489,9,0,9,0.0
exc_6PCT,864691135866795798,excitatory,6PCT,7,1,1920.8,25652.591969770245,0.03205906168660935,12826.295984885122,2,0,2,0.0
exc_6PCT,864691135866795798,excitatory,6PCT,8,1,2312.25,22957.59546741042,0.026149875906383416,11478.79773370521,5,0,5,0.0
exc_6PCT,864691135866795798,excitatory,6PCT,9,1,2079.0,4384.31745539611,0.005266661125221895,12761.688706403324,0,0,0,
exc_6PCT,864691135866795798,excitatory,6PCT,10,1,812.7111111111111,132391.24939279244,0.2543617530012839,76765.15467510148,14,5,9,0.35714285714285715
exc_6PCT,864691135866795798,excitatory,6PCT,11,2,1821.6666666666667,16183.349149867438,0.020767995238639148,23045.5220090351,3,0,3,0.0
exc_6PCT,864691135866795798,excitatory,6PCT,12,2,1439.142857142857,18001.15790594635,0.02599016972777916,23954.426387074556,5,1,4,0.2
exc_6PCT,864691135866795798,excitatory,6PCT,13,3,1585.0,31467.217008482618,0.043291669001165885,46870.80508821012,6,1,5,0.16666666666666666
exc_6PCT,864691135866795798,excitatory,6PCT,14,3,990.0,21110.69583190386,0.03674900446011544,41692.54449992075,1,0,1,0.0
exc_6PCT,864691135866795798,excitatory,6PCT,15,5,839.8529411764706,100137.7983233738,0.18925921839147525,120756.60585743056,14,3,11,0.21428571428571427
exc_6PCT,864691135866795798,excitatory,6PCT,16,5,776.8923076923077,93382.7890000411,0.1835046430354478,117379.1011957642,10,7,3,0.7
exc_6PCT,864691135866795798,excitatory,6PCT,17,5,980.0,2947.6586896207427,0.005157328375322652,44970.89510968435,1,1,0,1.0
exc_6PCT,864691135866795798,excitatory,6PCT,18,5,723.7777777777778,10744.573677387612,0.021874956255889904,48869.352603567786,1,0,1,0.0
exc_6PCT,864691135866795798,excitatory,6PCT,19,4,1458.5263157894738,27049.6686347242,0.03879407864894056,76129.24790981354,9,4,5,0.4444444444444444
exc_6PCT,864691135866795798,excitatory,6PCT,20,4,1361.7142857142858,8083.293103292224,0.011997919875263031,66646.06014409754,0,0,0,
exc_6PCT,864691135866795798,excitatory,6PCT,21,6,797.3333333333334,60138.38486927254,0.1166520639271448,76513.916889131,6,4,2,0.6666666666666666
exc_6PCT,864691135866795798,excitatory,6PCT,22,6,786.6666666666666,6359.235791294576,0.01241852973508378,49624.34235014201,0,0,0,
exc_6PCT,864691135866795798,excitatory,6PCT,23,5,1368.3636363636363,31370.468287945085,0.04644948111413359,105339.31637114818,9,1,8,0.1111111111111111
exc_6PCT,864691135866795798,excitatory,6PCT,24,5,1808.0,2101.9196999561173,0.0027075565425247142,90705.04207715369,0,0,0,
exc_6PCT,864691135866795798,excitatory,6PCT,25,3,820.32,110831.89894008295,0.21195016139126377,88370.9548100892,17,3,14,0.17647058823529413
exc_6PCT,864691135866795798,excitatory,6PCT,26,3,800.4,78220.95485914439,0.1514363733848119,72065.48276961994,8,4,4,0.5
exc_6PCT,864691135866795798,excitatory,6PCT,27,6,1270.0,7485.687187432894,0.011505101162496754,124767.39410883716,0,0,0,
exc_6PCT,864691135866795798,excitatory,6PCT,28,6,773.5483870967741,89918.12476602272,0.1770778034018391,165983.61289813207,10,7,3,0.7
exc_6PCT,864691135866795798,excitatory,6PCT,29,7,1113.76,36036.231925055414,0.05914311471293549,146528.35366508132,8,4,4,0.5
exc_6PCT,864691135866795798,excitatory,6PCT,30,7,719.4603174603175,91020.68798350061,0.1858648727404776,174020.58169430392,11,10,1,0.9090909090909091
exc_6PCT,864691135866795798,excitatory,6PCT,31,2,957.3333333333334,42956.15005701575,0.07604215003990022,64541.65559495766,4,1,3,0.25
exc_6PCT,864691135866795798,excitatory,6PCT,32,2,707.4468085106383,67331.21333756167,0.13865328780872918,76729.18723523061,6,3,3,0.5
exc_6PCT,864691135866795798,excitatory,6PCT,33,2,642.7378640776699,150735.0316673391,0.32565509800212905,94432.50827955952,16,6,10,0.375
exc_6PCT,864691135866795798,excitatory,6PCT,34,2,1069.0,15012.913325600914,0.025149928345000676,26571.449108690427,3,0,3,0.0
exc_6PCT,864691135866795798,excitatory,6PCT,35,8,1035.304347826087,32871.40663730254,0.0559557726934479,180982.17294626028,3,2,1,0.6666666666666666
exc_6PCT,864691135866795798,excitatory,6PCT,36,8,691.3777777777777,64107.29363760223,0.1335396895351304,196600.11644641013,9,6,3,0.6666666666666666
exc_6PCT,864691135866795798,excitatory,6PCT,37,3,910.08,35901.111256921184,0.06518215787145473,103970.28625192613,2,2,0,1.0
exc_6PCT,864691135866795798,excitatory,6PCT,38,3,284.7692307692308,16370.089631251787,0.05313309981312857,94204.77543909142,0,0,0,
exc_6PCT,864691135866795798,excitatory,6PCT,39,9,973.6470588235294,49327.80243278253,0.08658678554815907,222081.77748130282,11,8,3,0.7272727272727273
exc_6PCT,864691135866795798,excitatory,6PCT,40,9,639.3962264150944,75983.84469492263,0.16458750339127187,235409.79861237286,10,5,5,0.5
exc_6PCT,864691135866795798,excitatory,6PCT,41,2,821.4516129032259,90316.80614746576,0.1725989722485342,70810.99504350312,5,4,1,0.8
exc_6PCT,864691135866795798,excitatory,6PCT,42,2,851.9649122807018,83265.51348174467,0.1562481692656468,67285.34871064257,6,2,4,0.3333333333333333
exc_6PCT,864691135866795798,excitatory,6PCT,43,4,814.9090909090909,31453.712225655792,0.06035009458017468,66519.67814713465,0,0,0,
exc_6PCT,864691135866795798,excitatory,6PCT,44,4,409.0,3154.3924157729684,0.008543084327343542,52370.01824219323,0,0,0,
exc_6PCT,864691135866795798,excitatory,6PCT,45,10,730.7816091954023,128152.13546559094,0.25965259665884893,310821.7464304896,13,8,5,0.6153846153846154
exc_6PCT,864691135866795798,excitatory,6PCT,46,10,952.0,12908.1674254439,0.022914307822702477,253199.76241041603,3,2,1,0.6666666666666666
exc_6PCT,864691135866795798,excitatory,6PCT,47,5,736.0,7220.875978544169,0.014578458539455224,85856.97224923463,1,0,1,0.0
exc_6PCT,864691135866795798,excitatory,6PCT,48,5,633.3333333333334,2027.8739734760757,0.004413523217919338,83260.47124670059,0,0,0,
exc_6PCT,864691135866795798,excitatory,6PCT,49,7,706.0,8171.375257788606,0.01684431801252521,56889.6478746836,4,0,4,0.0
exc_6PCT,864691135866795798,excitatory,6PCT,50,7,541.2,4539.856552131923,0.010688674797384966,55073.88852185526,1,0,1,0.0
exc_6PCT,864691135866795798,excitatory,6PCT,51,4,732.1518987341772,116842.85505564157,0.23651690716924573,110669.31994369347,15,9,6,0.6
exc_6PCT,864691135866795798,excitatory,6PCT,52,4,783.438596491228,82066.26800127618,0.16059160173711015,93281.02641651077,14,8,6,0.5714285714285714
exc_6PCT,864691135866795798,excitatory,6PCT,53,11,537.8039215686274,74040.35694765991,0.17487074039491157,411917.99263711495,4,2,2,0.5
exc_6PCT,864691135866795798,excitatory,6PCT,54,11,511.06666666666666,64627.76416891012,0.156581691743255,407211.69624774007,3,1,2,0.3333333333333333
exc_6PCT,864691135866795798,excitatory,6PCT,55,3,756.1621621621622,108728.07246595564,0.21656827902275072,84699.38490433434,11,5,6,0.45454545454545453
exc_6PCT,864691135866795798,excitatory,6PCT,56,3,760.271186440678,84595.21542753124,0.16804367177423776,72632.95638512213,4,0,4,0.0
exc_6PCT,864691135866795798,excitatory,6PCT,57,2,877.5,9462.098239931882,0.017495425834642035,17025.594375472392,1,0,1,0.0
exc_6PCT,864691135866795798,excitatory,6PCT,58,2,815.5714285714286,18040.803415850063,0.03460074900110446,21314.94696343148,2,0,2,0.0
exc_6PCT,864691135866795798,excitatory,6PCT,59,3,799.0769230769231,56436.7794160276,0.10935245956232398,49975.033203452134,5,1,4,0.2
exc_6PCT,864691135866795798,excitatory,6PCT,60,3,769.8947368421053,110237.73031259858,0.21760817913802513,76875.50865173762,16,9,7,0.5625
exc_6PCT,864691135866795798,excitatory,6PCT,61,4,942.0,8677.020618128208,0.015484807307437756,82531.93322053005,0,0,0,
exc_6PCT,864691135866795798,excitatory,6PCT,62,4,461.0,3298.910049526645,0.008415513840444115,79842.87793622926,1,1,0,1.0
exc_6PCT,864691135866795798,excitatory,6PCT,63,5,1086.0,4410.121827647703,0.007329870495244593,89075.504443418,0,0,0,
exc_6PCT,864691135866795798,excitatory,6PCT,64,5,363.42857142857144,7012.088553942472,0.020146447941119593,90376.48780656539,0,0,0,
exc_6PCT,864691135866795798,excitatory,6PCT,65,11,788.2641509433962,77667.83061157224,0.15151858788237924,298487.7614289241,12,5,7,0.4166666666666667
exc_6PCT,864691135866795798,excitatory,6PCT,66,11,585.939393939394,45477.681998666245,0.10290408115899558,282392.6871224711,4,2,2,0.5
exc_6PCT,864691135866795798,excitatory,6PCT,67,11,578.2307692307693,35733.86080912355,0.0813935460716559,277520.7765276998,4,1,3,0.25
exc_6PCT,864691135866795798,excitatory,6PCT,68,6,812.0,25194.96227805923,0.04842797674636944,103878.04649627146,6,5,1,0.8333333333333334
exc_6PCT,864691135866795798,excitatory,6PCT,69,6,790.0,6089.633644874714,0.011866926371294908,94325.3821796792,1,1,0,1.0
exc_6PCT,864691135866795798,excitatory,6PCT,70,7,764.6666666666666,2149.519339661614,0.004257610270496531,117550.28730513189,0,0,0,
exc_6PCT,864691135866795798,excitatory,6PCT,71,7,560.9090909090909,14189.436464075636,0.03281553851945395,123570.2458673389,0,0,0,
exc_6PCT,864691135866795798,excitatory,6PCT,72,8,860.4,5985.599764814591,0.011176815972710025,121617.84685737,0,0,0,
exc_6PCT,864691135866795798,excitatory,6PCT,73,8,656.5454545454545,30585.677962559326,0.0653802142482263,133917.88595624236,3,3,0,1.0
exc_6PCT,864691135866795798,excitatory,6PCT,74,9,755.3333333333334,7478.647290419527,0.014904395053213264,128349.97038498704,2,2,0,1.0
exc_6PCT,864691135866795798,excitatory,6PCT,75,9,682.6666666666666,1818.0525232366715,0.0038112084643333252,125519.67300139561,0,0,0,
exc_6PCT,864691135866795798,excitatory,6PCT,76,10,739.7777777777778,11935.584364019884,0.024035528364464178,138057.08621220675,1,1,0,1.0
exc_6PCT,864691135866795798,excitatory,6PCT,77,10,556.6666666666666,1943.5538827781065,0.004511901444526882,133061.07097158587,0,0,0,
exc_6PCT,864691135866795798,excitatory,6PCT,78,11,812.0,5974.657162453746,0.011484063954436196,147012.20697544358,1,0,1,0.0
exc_6PCT,864691135866795798,excitatory,6PCT,79,11,447.0,3171.413851896856,0.008215987777973326,145610.58532016515,0,0,0,
exc_6PCT,864691135866795798,excitatory,6PCT,80,12,763.2727272727273,14438.122723040531,0.02862407650264653,157218.5969181907,2,0,2,0.0
exc_6PCT,864691135866795798,excitatory,6PCT,81,12,648.6666666666666,1992.2941518672737,0.0042845310735344965,150995.6826326041,0,0,0,
exc_6PCT,864691135866795798,excitatory,6PCT,82,12,580.5,93841.98991877974,0.21333235309751009,384242.6716941001,9,2,7,0.2222222222222222
exc_6PCT,864691135866795798,excitatory,6PCT,83,12,626.7826086956521,32084.589711966622,0.07019378297162598,353363.9715906935,4,2,2,0.5
exc_6PCT,864691135866795798,excitatory,6PCT,84,13,707.3333333333334,7505.818891498369,0.015457763058683483,168190.56772546016,0,0,0,
exc_6PCT,864691135866795798,excitatory,6PCT,85,13,482.0,3039.300001668599,0.00758246961329705,165957.3082805453,0,0,0,
exc_6PCT,864691135866795798,excitatory,6PCT,86,14,809.7142857142857,8246.040027361856,0.01587231102810675,176066.49718489026,3,2,1,0.6666666666666666
exc_6PCT,864691135866795798,excitatory,6PCT,87,14,538.6666666666666,1596.768441807397,0.003768274376483946,172741.86139211306,0,0,0,
exc_6PCT,864691135866795798,excitatory,6PCT,88,6,983.6363636363636,14942.546225907256,0.02609563970657046,99227.27504008538,2,0,2,0.0
exc_6PCT,864691135866795798,excitatory,6PCT,89,6,820.2142857142857,79837.17612260261,0.152687023905623,131674.58998843306,5,3,2,0.6
exc_6PCT,864691135866795798,excitatory,6PCT,90,7,773.5294117647059,23904.333310540413,0.04707592338867854,118650.71480830922,2,2,0,1.0
exc_6PCT,864691135866795798,excitatory,6PCT,91,7,726.75,21081.380149581513,0.0428318809635754,117239.23822782977,1,0,1,0.0
exc_6PCT,864691135866795798,excitatory,6PCT,92,2,748.0,84473.05676423029,0.16917182653963841,65194.12384952557,10,1,9,0.1
exc_6PCT,864691135866795798,excitatory,6PCT,93,2,855.4042553191489,67786.89346019828,0.1269464778109408,56851.04219750956,4,3,1,0.75
exc_6PCT,864691135866795798,excitatory,6PCT,94,8,674.1818181818181,46876.155968137595,0.09888356147772043,154040.95944764823,2,1,1,0.5
exc_6PCT,864691135866795798,excitatory,6PCT,95,8,735.5,9325.650387282305,0.018834253816974646,135265.70665722058,3,1,2,0.3333333333333333
exc_6PCT,864691135866795798,excitatory,6PCT,96,13,527.0344827586207,42067.62545214039,0.1003665764312894,390440.07917274704,4,3,1,0.75
exc_6PCT,864691135866795798,excitatory,6PCT,97,13,514.2222222222222,24264.270175485097,0.05860739794966018,381538.4015344194,7,3,4,0.42857142857142855
exc_6PCT,864691135866795798,excitatory,6PCT,98,3,734.6666666666666,2986.521045674952,0.0060350523150761,35571.16629432836,0,0,0,
exc_6PCT,864691135866795798,excitatory,6PCT,99,3,892.3076923076923,16714.916262815867,0.03064837932549996,42435.36390289882,7,1,6,0.14285714285714285
exc_6PCT,864691135866795798,excitatory,6PCT,100,4,713.25,69967.14122171624,0.14349404118602732,72047.99742802395,9,2,7,0.2222222222222222
exc_6PCT,864691135866795798,excitatory,6PCT,101,4,994.6666666666666,6432.638947708147,0.011171487945821785,40280.74629101991,1,0,1,0.0
inh_BC,864691135293026230,inhibitory,BC,0,0,2508.1666666666665,21068.36096165485,0.023041629120696922,10534.180480827425,16,3,13,0.1875
inh_BC,864691135293026230,inhibitory,BC,1,1,1036.6027397260275,118150.28063548321,0.20099683030951598,59075.14031774161,58,34,24,0.5862068965517241
inh_BC,864691135293026230,inhibitory,BC,2,1,5473.333333333333,17466.25566897492,0.012931070853308158,8733.12783448746,20,3,17,0.15
inh_BC,864691135293026230,inhibitory,BC,3,1,3334.3333333333335,26183.58650279177,0.024836206046717824,13091.793251395886,12,3,9,0.25
inh_BC,864691135293026230,inhibitory,BC,4,1,722.6666666666666,216855.70184743917,0.4418373866091294,108427.85092371958,47,24,23,0.5106382978723404
inh_BC,864691135293026230,inhibitory,BC,5,1,8082.0,15847.729427271277,0.009655355130822555,7923.8647136356385,10,7,3,0.7
inh_BC,864691135293026230,inhibitory,BC,6,1,3173.1428571428573,20751.2957465458,0.020177206324665155,10375.6478732729,25,7,18,0.28
inh_BC,864691135293026230,inhibitory,BC,7,1,4702.5,15437.299831042996,0.01233012741832646,7718.649915521498,15,7,8,0.4666666666666667
inh_BC,864691135293026230,inhibitory,BC,8,1,1512.3478260869565,46087.6669116428,0.06491118052647556,23043.8334558214,29,12,17,0.41379310344827586
inh_BC,864691135293026230,inhibitory,BC,9,1,7682.0,17319.33855549917,0.010823177421030885,8659.669277749585,12,3,9,0.25
inh_BC,864691135293026230,inhibitory,BC,10,1,7749.0,11782.970762927342,0.007331495915941489,5891.485381463671,6,3,3,0.5
inh_BC,864691135293026230,inhibitory,BC,11,3,694.0854700854701,172594.14712572072,0.3588229522133937,118366.35389443525,43,30,13,0.6976744186046512
inh_BC,864691135293026230,inhibitory,BC,12,3,1032.7272727272727,46536.54654679683,0.0793162103059891,55337.55360497331,20,14,6,0.7
inh_BC,864691135293026230,inhibitory,BC,13,3,508.74418604651163,62609.50101764164,0.15203764725270816,133899.43658558093,16,15,1,0.9375
inh_BC,864691135293026230,inhibitory,BC,14,3,557.4418604651163,60713.249944436044,0.14084593563754572,132951.31104897812,11,8,3,0.7272727272727273
inh_BC,864691135293026230,inhibitory,BC,15,1,1133.0,1409.492461845715,0.0022935511495389316,21773.107192577707,1,1,0,1.0
inh_BC,864691135293026230,inhibitory,BC,16,1,900.6545454545454,79889.84395034499,0.14580522171312643,61013.282936827345,36,18,18,0.5
inh_BC,864691135293026230,inhibitory,BC,17,2,956.0571428571428,50727.02744789616,0.08985828301049924,47841.36714744865,25,12,13,0.48
inh_BC,864691135293026230,inhibitory,BC,18,2,1107.0,9591.426908074332,0.015789560385343803,27273.56687753773,8,2,6,0.25
inh_BC,864691135293026230,inhibitory,BC,19,3,889.1764705882352,176323.38366917023,0.3238743525803111,161366.57270598185,46,43,3,0.9347826086956522
inh_BC,864691135293026230,inhibitory,BC,20,3,604.2162162162163,52048.60552682774,0.11597744512502531,99229.18363481059,24,14,10,0.5833333333333334
inh_BC,864691135293026230,inhibitory,BC,21,2,697.6923076923077,191090.16816153796,0.39624792645886947,121728.67058356076,36,20,16,0.5555555555555556
inh_BC,864691135293026230,inhibitory,BC,22,2,1075.4285714285713,7778.009004562096,0.012990871404491618,30072.59100507282,3,1,2,0.3333333333333333
inh_BC,864691135293026230,inhibitory,BC,23,4,686.9491525423729,86593.50468210902,0.18096044202857725,77273.99500794147,19,9,10,0.47368421052631576
inh_BC,864691135293026230,inhibitory,BC,24,4,561.047619047619,28119.38120570834,0.06502292843564497,48036.93326974112,7,3,4,0.42857142857142855
inh_BC,864691135293026230,inhibitory,BC,25,2,953.4,28490.895557092925,0.050539292069996064,34996.74352509226,14,7,7,0.5
inh_BC,864691135293026230,inhibitory,BC,26,2,943.0,3608.4704401729678,0.006436176317622373,22555.530966632283,0,0,0,
inh_BC,864691135293026230,inhibitory,BC,27,3,922.9677419354839,44987.61687791786,0.08110737652178154,44437.71761811256,28,18,10,0.6428571428571429
inh_BC,864691135293026230,inhibitory,BC,28,3,737.2777777777778,104852.64939414943,0.21150686297330829,74370.23387622835,40,28,12,0.7
inh_BC,864691135293026230,inhibitory,BC,29,3,763.0714285714286,82573.60598593034,0.1637266144833038,90528.9942966039,32,24,8,0.75
inh_BC,864691135293026230,inhibitory,BC,30,3,532.2285714285714,49374.39463859428,0.11722313147242379,73929.38862293586,20,15,5,0.75
inh_BC,864691135293026230,inhibitory,BC,31,3,660.0,101345.86397381975,0.21607010798896625,99385.25641124527,33,19,14,0.5757575757575758
inh_BC,864691135293026230,inhibitory,BC,32,3,836.7246376811594,101255.40821121153,0.19172889869174356,99340.02852994116,40,28,12,0.7
inh_BC,864691135293026230,inhibitory,BC,33,4,768.32,35963.45027047135,0.07106420610698681,267509.98967580264,3,3,0,1.0
inh_BC,864691135293026230,inhibitory,BC,34,4,499.1111111111111,10859.948915402594,0.026625010679470425,254958.23899826824,1,1,0,1.0
inh_BC,864691135293026230,inhibitory,BC,35,4,653.0731707317074,120314.62280281144,0.2578683966129024,127088.83745847721,22,15,7,0.6818181818181818
inh_BC,864691135293026230,inhibitory,BC,36,4,663.6875,92260.18528840547,0.19615217620685466,113061.61870127422,30,25,5,0.8333333333333334
inh_BC,864691135293026230,inhibitory,BC,37,5,602.5294117647059,49078.518857937255,0.10951231239552195,310030.97424000694,2,1,1,0.5
inh_BC,864691135293026230,inhibitory,BC,38,5,518.8571428571429,7724.901505127929,0.0185750366010638,289354.16556360223,0,0,0,
inh_BC,864691135293026230,inhibitory,BC,39,4,536.6530612244898,71984.83038990677,0.17019813918941518,167808.21248452243,19,14,5,0.7368421052631579
inh_BC,864691135293026230,inhibitory,BC,40,4,587.1,56205.39392800326,0.12705231514964674,159918.49425357068,17,10,7,0.5882352941176471
inh_BC,864691135293026230,inhibitory,BC,41,4,710.72,73337.66192861777,0.1506740351323098,111896.85118046975,24,18,6,0.75
inh_BC,864691135293026230,inhibitory,BC,42,4,464.54545454545456,13363.499288802928,0.03395992439865766,81909.76986056233,4,3,1,0.75
inh_BC,864691135293026230,inhibitory,BC,43,4,477.8181818181818,14431.814173418277,0.036161814982667344,157274.0954848643,1,0,1,0.0
inh_BC,864691135293026230,inhibitory,BC,44,4,435.2,11909.931739565312,0.03126982540696196,156013.15426793782,2,2,0,1.0
inh_BC,864691135293026230,inhibitory,BC,45,3,985.4,13483.032310983444,0.02352566582271673,40703.111662845586,6,4,2,0.6666666666666666
inh_BC,864691135293026230,inhibitory,BC,46,3,578.3529411764706,48021.36298324719,0.1093701066282831,57972.27699897746,17,11,6,0.6470588235294118
inh_BC,864691135293026230,inhibitory,BC,47,4,660.236559139785,137685.88715970775,0.2934947048399233,116287.57139819118,51,29,22,0.5686274509803921
inh_BC,864691135293026230,inhibitory,BC,48,4,689.3,117328.45746303728,0.2447709362774598,106108.85654985595,31,18,13,0.5806451612903226
inh_BC,864691135293026230,inhibitory,BC,49,2,687.2765957446809,139238.08634749948,0.29090614534901355,187769.32380923297,30,26,4,0.8666666666666667
inh_BC,864691135293026230,inhibitory,BC,50,2,550.96,35094.246714199144,0.08189106463304181,135697.40399258278,3,3,0,1.0
inh_BC,864691135293026230,inhibitory,BC,51,2,635.7058823529412,99776.10043447786,0.2167499663117127,150846.25512923877,23,18,5,0.782608695652174
inh_BC,864691135293026230,inhibitory,BC,52,2,546.0689655172414,41218.53667436148,0.09661163887006922,121567.47324918058,13,9,4,0.6923076923076923
inh_BC,864691135293026230,inhibitory,BC,53,2,1027.111111111111,25481.094762657583,0.043548178726825856,28588.27680860007,20,12,8,0.6
inh_BC,864691135293026230,inhibitory,BC,54,2,793.2,86746.95664948884,0.16870327826283474,59221.207752015696,32,15,17,0.46875
inh_BC,864691135293026230,inhibitory,BC,55,3,784.1,28498.038102845214,0.05574293905601216,55577.84324135147,19,12,7,0.631578947368421
inh_BC,864691135293026230,inhibitory,BC,56,3,768.5,33899.196026232006,0.06697736995029224,58278.422203044865,17,8,9,0.47058823529411764
inh_BC,864691135293026230,inhibitory,BC,57,2,647.2432432432432,109051.89405722782,0.2347794482384326,100613.6139402567,22,17,5,0.7727272727272727
inh_BC,864691135293026230,inhibitory,BC,58,2,720.2962962962963,76939.89827584477,0.15702060425484154,84557.61604956519,23,14,9,0.6086956521739131
inh_BC,864691135293026230,inhibitory,BC,59,4,775.8846153846154,76143.32654589624,0.1497248557741034,107898.5255657222,34,21,13,0.6176470588235294
inh_BC,864691135293026230,inhibitory,BC,60,4,502.85714285714283,18533.367086308444,0.0452681392782379,79093.54583592831,8,5,3,0.625
inh_BC,864691135293026230,inhibitory,BC,61,5,705.0,4424.122842982174,0.00912626859262134,73718.73951820037,1,0,1,0.0
inh_BC,864691135293026230,inhibitory,BC,62,5,579.6666666666666,50901.709138995306,0.11579873862122492,96957.53266620693,17,9,8,0.5294117647058824
inh_BC,864691135293026230,inhibitory,BC,63,6,632.8717948717949,56319.35905722533,0.12261975965987318,104090.48046830413,30,20,10,0.6666666666666666
inh_BC,864691135293026230,inhibitory,BC,64,6,524.6315789473684,25398.700451098954,0.060735821392711234,88630.15116524094,7,2,5,0.2857142857142857
inh_BC,864691135293026230,inhibitory,BC,65,3,530.4,5999.313226667387,0.014267911500825809,260388.0235963164,1,1,0,1.0
inh_BC,864691135293026230,inhibitory,BC,66,3,468.0,10835.720771723383,0.027434402490626196,262806.2273688444,1,1,0,1.0
inh_BC,864691135293026230,inhibitory,BC,67,4,909.4545454545455,31351.358313603952,0.056941183561655846,94281.50603517372,13,12,1,0.9230769230769231
inh_BC,864691135293026230,inhibitory,BC,68,4,643.5121951219512,57852.63768438287,0.12491235640386941,107532.14572056317,10,6,4,0.6
inh_BC,864691135293026230,inhibitory,BC,69,4,325.7142857142857,7832.4937686677,0.02377071701566558,267303.9270939839,2,1,1,0.5
inh_BC,864691135293026230,inhibitory,BC,70,4,246.0,7297.860887576787,0.02548523569097746,267036.6106534385,0,0,0,
inh_BC,864691135293026230,inhibitory,BC,71,5,510.60869565217394,67128.4032875843,0.16271322063246146,143521.38683576783,4,2,2,0.5
inh_BC,864691135293026230,inhibitory,BC,72,5,598.0,22310.55683038277,0.04997127667019184,121112.46360716707,5,5,0,1.0
inh_BC,864691135293026230,inhibitory,BC,73,5,596.0,19385.62312804652,0.04349278950090919,155663.00040269358,2,0,2,0.0
inh_BC,864691135293026230,inhibitory,BC,74,5,590.4347826086956,65025.02774114425,0.14657341499642118,178482.70270924244,13,9,4,0.6923076923076923
inh_BC,864691135293026230,inhibitory,BC,75,2,932.0,4489.608882736295,0.008054919041949085,19711.060110343067,1,1,0,1.0
inh_BC,864691135293026230,inhibitory,BC,76,2,1148.0,4477.653510178708,0.007238359805622458,19705.082424064276,4,1,3,0.25
inh_BC,864691135293026230,inhibitory,BC,77,3,811.3333333333334,11951.941706162685,0.022982614583656562,27931.83540479256,3,2,1,0.6666666666666666
inh_BC,864691135293026230,inhibitory,BC,78,3,838.0,12021.378115175734,0.022745363170996475,27966.553609299084,2,0,2,0.0
inh_BC,864691135293026230,inhibitory,BC,79,6,591.1875,46128.02806920161,0.10391132801741185,188419.82600131765,3,1,2,0.3333333333333333
inh_BC,864691135293026230,inhibitory,BC,80,6,406.0,12156.087863388117,0.0330439107924769,171433.8558984109,1,1,0,1.0
inh_BC,864691135293026230,inhibitory,BC,81,4,686.6962962962963,200305.19816825562,0.41866870082565505,134060.4053420017,43,19,24,0.4418604651162791
inh_BC,864691135293026230,inhibitory,BC,82,4,618.9026548672566,166656.2821177187,0.3669197961787504,117235.94731673326,37,19,18,0.5135135135135135
inh_BC,864691135293026230,inhibitory,BC,83,3,1273.3333333333333,3008.9240092811388,0.004618498351940097,25864.228191359336,0,0,0,
inh_BC,864691135293026230,inhibitory,BC,84,3,665.7471264367816,126191.45271066751,0.26787730253419206,87455.49254205253,39,22,17,0.5641025641025641
inh_BC,864691135293026230,inhibitory,BC,85,4,1218.4,13536.430154329628,0.02124074909619965,34136.90527316472,6,3,3,0.5
inh_BC,864691135293026230,inhibitory,BC,86,4,821.0322580645161,44137.98790070938,0.084370971189978,49437.68414635459,16,8,8,0.5
inh_BC,864691135293026230,inhibitory,BC,87,5,849.6883116883117,113874.82034037953,0.2139727705830522,97842.5305205193,45,26,19,0.5777777777777777
inh_BC,864691135293026230,inhibitory,BC,88,5,675.3714285714286,49180.168601252895,0.10365238479963292,65495.20465095598,17,14,3,0.8235294117647058
inh_BC,864691135293026230,inhibitory,BC,89,2,687.8225806451613,183474.37203780032,0.383175579325686,107174.48584994316,56,38,18,0.6785714285714286
inh_BC,864691135293026230,inhibitory,BC,90,2,1078.0,33275.02459329239,0.055509796098914654,32074.81212768919,12,8,4,0.6666666666666666
inh_BC_2,864691135135829529,inhibitory,BC,0,0,1917.8947368421052,31543.969654454027,0.03945159716548044,15771.984827227014,25,7,18,0.28
inh_BC_2,864691135135829529,inhibitory,BC,1,1,1347.8620689655172,97576.99939272388,0.1455745178612058,48788.49969636194,34,10,24,0.29411764705882354
inh_BC_2,864691135135829529,inhibitory,BC,2,1,894.8322981366459,250250.7435252463,0.45821064913137394,125125.37176262315,66,34,32,0.5151515151515151
inh_BC_2,864691135135829529,inhibitory,BC,3,1,1559.1538461538462,48085.38165507192,0.0667005184437957,24042.69082753596,27,7,20,0.25925925925925924
inh_BC_2,864691135135829529,inhibitory,BC,4,1,4088.8,18650.504610042677,0.015975456610318097,9325.252305021339,4,1,3,0.25
inh_BC_2,864691135135829529,inhibitory,BC,5,1,8571.0,13484.474034978153,0.007977721867946394,6742.237017489077,10,0,10,0.0
inh_BC_2,864691135135829529,inhibitory,BC,6,1,836.7121212121212,212300.9042027684,0.40199850774847967,106150.4521013842,35,11,24,0.3142857142857143
inh_BC_2,864691135135829529,inhibitory,BC,7,1,3138.75,22870.55090634419,0.02235933539576248,11435.275453172095,18,4,14,0.2222222222222222
inh_BC_2,864691135135829529,inhibitory,BC,8,1,2253.0,26742.240480992292,0.03085871385788807,13371.120240496146,14,3,11,0.21428571428571427
inh_BC_2,864691135135829529,inhibitory,BC,9,1,3278.8571428571427,19515.612765624617,0.018667302787465676,9757.806382812309,5,1,4,0.2
inh_BC_2,864691135135829529,inhibitory,BC,10,1,3970.4,19602.05217719536,0.017039036653127136,9801.02608859768,19,3,16,0.15789473684210525
inh_BC_2,864691135135829529,inhibitory,BC,11,1,8491.0,23408.828420064085,0.013914284703431572,11704.414210032042,12,6,6,0.5
inh_BC_2,864691135135829529,inhibitory,BC,12,1,5893.6,15847.929982843596,0.0113068815544869,7923.964991421798,12,3,9,0.25
inh_BC_2,864691135135829529,inhibitory,BC,13,4,565.2631578947369,83687.19373545985,0.19279434545636268,183483.96730690595,7,3,4,0.42857142857142855
inh_BC_2,864691135135829529,inhibitory,BC,14,4,634.4888888888889,64014.73134251555,0.1391965732617817,173647.73611043382,6,2,4,0.3333333333333333
inh_BC_2,864691135135829529,inhibitory,BC,15,3,643.3947368421053,112519.32829935427,0.24296795945331867,113287.02925610665,12,6,6,0.5
inh_BC_2,864691135135829529,inhibitory,BC,16,3,728.0,25764.308546572658,0.05230141385279523,69909.51937971583,4,3,1,0.75
inh_BC_2,864691135135829529,inhibitory,BC,17,1,884.9787234042553,69026.71475599405,0.12709001083952118,66057.32703245105,15,5,10,0.3333333333333333
inh_BC_2,864691135135829529,inhibitory,BC,18,1,769.0,3193.8329966346028,0.006308261104930507,33140.88615277133,0,0,0,
inh_BC_2,864691135135829529,inhibitory,BC,19,2,861.1692307692308,95761.1419633867,0.17873338961111512,82618.37363278198,36,9,27,0.25
inh_BC_2,864691135135829529,inhibitory,BC,20,2,787.2432432432432,51927.01309208819,0.1013676780517093,60701.30919713272,16,6,10,0.375
inh_BC_2,864691135135829529,inhibitory,BC,21,2,1823.7142857142858,9052.952666498375,0.011611076247267276,18010.950368227343,9,3,6,0.3333333333333333
inh_BC_2,864691135135829529,inhibitory,BC,22,2,627.4246575342465,106108.22167781401,0.23202184304167459,66538.58487388516,30,13,17,0.43333333333333335
inh_BC_2,864691135135829529,inhibitory,BC,23,2,667.5620437956204,203723.7579265746,0.4318734322733661,202432.56337373535,7,3,4,0.42857142857142855
inh_BC_2,864691135135829529,inhibitory,BC,24,2,604.4444444444445,10250.661238538098,0.02283675083825564,105696.01502971712,0,0,0,
inh_BC_2,864691135135829529,inhibitory,BC,25,3,1367.7142857142858,9039.451249688836,0.013387670125364525,27057.152326320946,2,0,2,0.0
inh_BC_2,864691135135829529,inhibitory,BC,26,3,1063.2592592592594,37480.47798314901,0.06295730969804197,41277.665693051036,21,11,10,0.5238095238095238
inh_BC_2,864691135135829529,inhibitory,BC,27,4,917.8222222222222,65947.50920213648,0.11922840666925029,64550.632552233605,37,7,30,0.1891891891891892
inh_BC_2,864691135135829529,inhibitory,BC,28,4,932.7407407407408,37976.625765356344,0.06810774934191224,50565.19083384353,10,1,9,0.1
inh_BC_2,864691135135829529,inhibitory,BC,29,2,674.8455284552846,182257.3414202321,0.38427618547394027,117870.91119110833,55,34,21,0.6181818181818182
inh_BC_2,864691135135829529,inhibitory,BC,30,2,648.0370370370371,158923.19999760573,0.3419385098547367,106203.84047979515,30,12,18,0.4
inh_BC_2,864691135135829529,inhibitory,BC,31,3,646.2352941176471,49468.50276257674,0.10658450110182571,155233.1959957637,4,2,2,0.5
inh_BC_2,864691135135829529,inhibitory,BC,32,3,619.1,57128.514347727876,0.12575728581585527,159063.20178833927,13,6,7,0.46153846153846156
inh_BC_2,864691135135829529,inhibitory,BC,33,5,645.2289156626506,122282.48870778324,0.26367441150281445,158665.63150719347,15,3,12,0.2
inh_BC_2,864691135135829529,inhibitory,BC,34,5,661.8285714285714,48881.90537891669,0.10407250245545989,121965.3398427602,23,9,14,0.391304347826087
inh_BC_2,864691135135829529,inhibitory,BC,35,4,624.0,67320.7557126222,0.147610521658912,213627.82523336317,10,4,6,0.4
inh_BC_2,864691135135829529,inhibitory,BC,36,4,455.5,8771.522345520847,0.02251082494931771,184353.2085498125,0,0,0,
inh_BC_2,864691135135829529,inhibitory,BC,37,4,694.8571428571429,7016.789791061126,0.01457979207136754,183475.84227258264,0,0,0,
inh_BC_2,864691135135829529,inhibitory,BC,38,4,542.1463414634146,59865.04293904565,0.14082367056613468,112724.19512252498,7,3,4,0.42857142857142855
inh_BC_2,864691135135829529,inhibitory,BC,39,4,536.1818181818181,13944.767110841885,0.03298495161937561,89764.0572084231,1,1,0,1.0
inh_BC_2,864691135135829529,inhibitory,BC,40,4,607.8974358974359,56695.66227070721,0.1259491683904792,156700.33249760992,12,10,2,0.8333333333333334
inh_BC_2,864691135135829529,inhibitory,BC,41,4,414.2857142857143,7738.10267581472,0.02082308809330502,132221.55270016368,0,0,0,
inh_BC_2,864691135135829529,inhibitory,BC,42,3,552.8148148148148,78562.65441838726,0.18301510673127433,125946.14295237046,14,5,9,0.35714285714285715
inh_BC_2,864691135135829529,inhibitory,BC,43,3,567.7209302325581,61339.855662431466,0.14100545822561608,117334.74357439255,6,4,2,0.6666666666666666
inh_BC_2,864691135135829529,inhibitory,BC,44,2,834.4363636363636,81177.13553518389,0.15392095133411993,88673.94942266386,14,4,10,0.2857142857142857
inh_BC_2,864691135135829529,inhibitory,BC,45,2,646.0370370370371,159254.2042869072,0.3431806761031043,127712.48379852551,41,20,21,0.4878048780487805
inh_BC_2,864691135135829529,inhibitory,BC,46,2,860.1428571428571,61354.25817210341,0.1145829616157989,50279.18126324707,30,13,17,0.43333333333333335
inh_BC_2,864691135135829529,inhibitory,BC,47,2,1242.6666666666667,1553.5623858920114,0.0024138595694135423,20378.833370141365,0,0,0,
inh_BC_2,864691135135829529,inhibitory,BC,48,5,577.6,20738.126193724314,0.047262484501717744,129571.10540507977,0,0,0,
inh_BC_2,864691135135829529,inhibitory,BC,49,5,736.0,15191.303390200443,0.030670210552345395,126797.69400331784,2,1,1,0.5
inh_BC_2,864691135135829529,inhibitory,BC,50,3,637.1868131868132,134100.50228760365,0.290976316797107,141498.06908429414,34,24,10,0.7058823529411765
inh_BC_2,864691135135829529,inhibitory,BC,51,3,692.8421052631579,53904.68342176399,0.11216826202922599,101400.15965137433,20,14,6,0.7
inh_BC_2,864691135135829529,inhibitory,BC,52,3,656.253164556962,116580.26222308111,0.24925848432956563,187552.64830179635,8,3,5,0.375
inh_BC_2,864691135135829529,inhibitory,BC,53,3,597.0526315789474,53672.22446118231,0.12031060592114762,156098.62942084696,8,4,4,0.5
inh_BC_2,864691135135829529,inhibitory,BC,54,2,727.5643564356436,150096.42973241516,0.30478618788910167,172625.21425893146,16,5,11,0.3125
inh_BC_2,864691135135829529,inhibitory,BC,55,2,727.3535353535353,146122.3812342513,0.2967594730515236,170638.19000984955,20,9,11,0.45
inh_BC_2,864691135135829529,inhibitory,BC,56,3,646.7,118016.56344659021,0.25418631262631813,139964.59207259386,35,24,11,0.6857142857142857
inh_BC_2,864691135135829529,inhibitory,BC,57,3,522.9090909090909,13185.512668211555,0.03158235795919091,87549.06668340456,6,3,3,0.5
inh_BC_2,864691135135829529,inhibitory,BC,58,4,840.6666666666666,7527.9485764747005,0.014220843510106851,98002.63113244553,3,2,1,0.6666666666666666
inh_BC_2,864691135135829529,inhibitory,BC,59,4,625.7647058823529,72762.06752916439,0.1593162685898687,130619.69060879038,6,2,4,0.3333333333333333
inh_BC_2,864691135135829529,inhibitory,BC,60,5,687.0212765957447,68708.89990956952,0.1435782081241436,136121.05537546764,9,6,3,0.6666666666666666
inh_BC_2,864691135135829529,inhibitory,BC,61,5,596.6666666666666,37855.276834272816,0.08488308705532473,120694.24383781927,3,1,2,0.3333333333333333
inh_BC_2,864691135135829529,inhibitory,BC,62,3,856.6792452830189,78165.98949074118,0.14627473991428702,60238.60930845796,27,14,13,0.5185185185185185
inh_BC_2,864691135135829529,inhibitory,BC,63,3,725.7391304347826,134635.89852974142,0.2737355673845778,88473.56382795807,36,20,16,0.5555555555555556
inh_BC_2,864691135135829529,inhibitory,BC,64,2,995.5714285714286,19327.307121027476,0.03355025017888401,29179.266326138357,8,3,5,0.375
inh_BC_2,864691135135829529,inhibitory,BC,65,2,912.5185185185185,37511.75234080489,0.06801538119888301,38271.48893602706,15,5,10,0.3333333333333333
inh_BC_2,864691135135829529,inhibitory,BC,66,3,731.6851851851852,160346.83995091694,0.32468251543407256,109840.03008933805,23,14,9,0.6086956521739131
inh_BC_2,864691135135829529,inhibitory,BC,67,3,636.8163265306123,70535.38372764907,0.15309484453905917,64934.30197770412,11,5,6,0.45454545454545453
inh_BC_2,864691135135829529,inhibitory,BC,68,3,686.6434782608695,169570.1902665531,0.3544414341048632,123628.01501992864,42,23,19,0.5476190476190477
inh_BC_2,864691135135829529,inhibitory,BC,69,3,655.9298245614035,167886.61274918416,0.35904427408224004,122786.22626124417,35,13,22,0.37142857142857144
inh_BC_2,864691135135829529,inhibitory,BC,70,4,656.4117647058823,150928.55103397107,0.3226590508633439,135482.18020161107,22,12,10,0.5454545454545454
inh_BC_2,864691135135829529,inhibitory,BC,71,4,635.1578947368421,110343.18654271465,0.23980890092000115,115189.49795598286,38,20,18,0.5263157894736842
inh_BC_2,864691135135829529,inhibitory,BC,72,4,741.2307692307693,18120.070142601646,0.036453881907371366,108381.63912512937,3,1,2,0.3333333333333333
inh_BC_2,864691135135829529,inhibitory,BC,73,4,505.0,9008.966985591367,0.021957856053363874,103826.08754662423,2,1,1,0.5
inh_BC_2,864691135135829529,inhibitory,BC,74,4,465.7142857142857,7644.656638583327,0.019402550885030134,103143.9323731202,2,1,1,0.5
inh_BC_2,864691135135829529,inhibitory,BC,75,3,595.5555555555555,24685.02257731333,0.05540296608651994,260015.9404137957,1,0,1,0.0
inh_BC_2,864691135135829529,inhibitory,BC,76,3,494.0,7838.577166925361,0.019316764760717895,251592.7177086017,0,0,0,
inh_BC_2,864691135135829529,inhibitory,BC,77,5,549.6296296296297,38666.865662679484,0.09033676381842241,136775.10702776993,10,5,5,0.5
inh_BC_2,864691135135829529,inhibitory,BC,78,5,451.5,9152.523919423624,0.023592427144648737,122017.93615614201,1,0,1,0.0
inh_BC_2,864691135135829529,inhibitory,BC,79,5,430.2857142857143,7642.081579414151,0.020178730174595007,121262.71498613726,0,0,0,
inh_BC_2,864691135135829529,inhibitory,BC,80,2,998.7272727272727,31294.07312974409,0.054237450366592305,39055.86498493613,11,3,8,0.2727272727272727
inh_BC_2,864691135135829529,inhibitory,BC,81,2,690.7241379310345,83709.58269400199,0.17445502675199903,65263.61976706508,23,11,12,0.4782608695652174
inh_BC_2,864691135135829529,inhibitory,BC,82,5,948.5454545454545,31355.60385141177,0.05576307604771156,85231.3056422276,12,5,7,0.4166666666666667
inh_BC_2,864691135135829529,inhibitory,BC,83,5,624.0,2119.897686232192,0.004648183164550901,70613.45255963781,0,0,0,
inh_BC_2,864691135135829529,inhibitory,BC,84,6,1005.2,13494.581220006357,0.023312765702029448,107656.39817793666,9,4,5,0.4444444444444444
inh_BC_2,864691135135829529,inhibitory,BC,85,6,635.3333333333334,1712.5936906097431,0.0037214667773393956,101765.40441323834,0,0,0,
inh_BC_2,864691135135829529,inhibitory,BC,86,3,755.4102564102565,115331.13102481938,0.22983477496411978,112368.46706221785,19,7,12,0.3684210526315789
inh_BC_2,864691135135829529,inhibitory,BC,87,3,817.1304347826087,31713.283085980107,0.060765368838995,70559.54309279822,6,5,1,0.8333333333333334
inh_BC_2,864691135135829529,inhibitory,BC,88,2,1567.3333333333333,2947.970516524986,0.00407852452388615,20124.48986830517,2,0,2,0.0
inh_BC_2,864691135135829529,inhibitory,BC,89,2,1101.111111111111,11016.105503836909,0.018183318312596647,24158.55736196113,4,2,2,0.5
inh_BC_2,864691135135829529,inhibitory,BC,90,3,909.3827160493827,120041.89531260837,0.218031942136627,81619.42278287184,31,19,12,0.6129032258064516
inh_BC_2,864691135135829529,inhibitory,BC,91,3,969.8,72640.18171764052,0.12776045782777737,57918.56598538792,24,16,8,0.6666666666666666
inh_BC_2,864691135135829529,inhibitory,BC,92,2,1266.8,13527.97151091649,0.020818013220663466,29634.536661802435,4,0,4,0.0
inh_BC_2,864691135135829529,inhibitory,BC,93,2,941.8888888888889,51577.267034148135,0.0920490088632274,48659.18442341826,24,9,15,0.375
inh_BC_2,864691135135829529,inhibitory,BC,94,3,1207.25,10538.082256525526,0.016612064340759704,41667.563545523444,12,7,5,0.5833333333333334
inh_BC_2,864691135135829529,inhibitory,BC,95,3,679.9285714285714,122763.44272470319,0.25786834970261235,97780.24377961227,23,15,8,0.6521739130434783
inh_BC_2,864691135135829529,inhibitory,BC,96,4,750.1090909090909,162456.8577473956,0.32489008798390695,128165.03354748401,41,29,12,0.7073170731707317
inh_BC_2,864691135135829529,inhibitory,BC,97,4,820.12,72265.43763443141,0.1382141677233179,83069.32349100191,19,9,10,0.47368421052631576
inh_BC_2,864691135135829529,inhibitory,BC,98,4,707.9574468085107,69055.14093743858,0.14215203005094704,120943.75510450757,12,9,3,0.75
inh_BC_2,864691135135829529,inhibitory,BC,99,4,495.0,8913.60541273602,0.021943779605102545,90872.98734215628,1,0,1,0.0
inh_MC,864691135273485073,inhibitory,MC,0,0,2451.1111111111113,17984.61516980795,0.019896664521995407,8992.307584903974,17,8,9,0.47058823529411764
inh_MC,864691135273485073,inhibitory,MC,1,1,1514.5555555555557,37811.04248732339,0.053215319582213906,18905.521243661697,26,12,14,0.46153846153846156
inh_MC,864691135273485073,inhibitory,MC,2,1,1695.8333333333333,29244.22823622047,0.03889638214182305,14622.114118110236,19,4,15,0.21052631578947367
inh_MC,864691135273485073,inhibitory,MC,3,1,1876.3636363636363,26308.49380360335,0.033265810431379564,13154.246901801675,11,6,5,0.5454545454545454
inh_MC,864691135273485073,inhibitory,MC,4,1,1106.344827586207,54454.18907551599,0.0896698962862657,27227.094537757996,22,11,11,0.5
inh_MC,864691135273485073,inhibitory,MC,5,1,1282.857142857143,40571.49386079612,0.062042955516151646,20285.74693039806,19,9,10,0.47368421052631576
inh_MC,864691135273485073,inhibitory,MC,6,1,1698.4,33710.53732400659,0.04480291917042401,16855.268662003295,21,11,10,0.5238095238095238
inh_MC,864691135273485073,inhibitory,MC,7,1,3263.2,17028.867740853395,0.0163276827603202,8514.433870426697,22,9,13,0.4090909090909091
inh_MC,864691135273485073,inhibitory,MC,8,1,1776.3636363636363,25976.810254790835,0.033758295650890585,12988.405127395417,16,12,4,0.75
inh_MC,864691135273485073,inhibitory,MC,9,1,1096.909090909091,13797.764275800553,0.02281833913705551,24883.497307708225,5,0,5,0.0
inh_MC,864691135273485073,inhibitory,MC,10,1,785.2244897959183,70543.71806675672,0.1378865975289196,53256.474203186306,35,18,17,0.5142857142857142
inh_MC,864691135273485073,inhibitory,MC,11,2,970.8,6015.442232239918,0.010574584307670132,29316.21491972331,8,5,3,0.625
inh_MC,864691135273485073,inhibitory,MC,12,2,567.936507936508,91300.70076746342,0.20983834141862506,71958.84418733505,34,27,7,0.7941176470588235
inh_MC,864691135273485073,inhibitory,MC,13,3,759.4814814814815,39017.67360590687,0.07754671485393719,51832.77283879671,17,12,5,0.7058823529411765
inh_MC,864691135273485073,inhibitory,MC,14,3,724.1463414634146,58800.252265001254,0.11968139597824452,61724.062168343895,19,13,6,0.6842105263157895
inh_MC,864691135273485073,inhibitory,MC,15,4,604.1666666666666,69531.69635968017,0.1549405424344187,137619.1397710107,35,19,16,0.5428571428571428
inh_MC,864691135273485073,inhibitory,MC,16,4,484.5882352941176,22440.752814150423,0.05583565513917652,114073.66799824583,5,3,2,0.6
inh_MC,864691135273485073,inhibitory,MC,17,3,693.7882352941176,125459.4740957355,0.260885910161404,150649.58791571172,34,17,17,0.5
inh_MC,864691135273485073,inhibitory,MC,18,3,477.14285714285717,18545.364751530604,0.04650201730578,97192.53324360927,3,1,2,0.3333333333333333
inh_MC,864691135273485073,inhibitory,MC,19,3,462.8888888888889,25168.570310270436,0.06407384637374809,149743.32016437728,5,4,1,0.8
inh_MC,864691135273485073,inhibitory,MC,20,3,375.55555555555554,10534.328789617974,0.029773534981470867,142426.19940405106,1,0,1,0.0
inh_MC,864691135273485073,inhibitory,MC,21,4,712.2528735632184,128841.78519766605,0.2644236257807429,135762.50224058316,50,28,22,0.56
inh_MC,864691135273485073,inhibitory,MC,22,4,441.44,34624.08270960783,0.09026160720255916,88653.65099655406,14,8,6,0.5714285714285714
inh_MC,864691135273485073,inhibitory,MC,23,4,508.6666666666667,10424.240051672352,0.025315609722175583,181221.9940521894,1,1,0,1.0
inh_MC,864691135273485073,inhibitory,MC,24,4,616.2857142857143,8995.319822698695,0.01984660316413607,180507.5339377026,0,0,0,
inh_MC,864691135273485073,inhibitory,MC,25,4,610.1428571428571,82157.48586174569,0.18217635247468075,107769.64356536126,24,14,10,0.5833333333333334
inh_MC,864691135273485073,inhibitory,MC,26,4,566.6857142857143,49829.27989358133,0.11465001241878639,91605.54058127909,20,8,12,0.4
inh_MC,864691135273485073,inhibitory,MC,27,2,618.1100917431193,161512.56524401787,0.35582300670504186,112538.66206761744,48,28,20,0.5833333333333334
inh_MC,864691135273485073,inhibitory,MC,28,2,991.1428571428571,7715.1406267376415,0.013422590664280568,35639.949758977324,2,1,1,0.5
inh_MC,864691135273485073,inhibitory,MC,29,2,1314.2857142857142,8944.800730097633,0.013514077451359097,21501.26810590221,3,2,1,0.6666666666666666
inh_MC,864691135273485073,inhibitory,MC,30,2,798.4615384615385,17010.63656063843,0.032972675807058226,25534.18602117261,5,2,3,0.4
inh_MC,864691135273485073,inhibitory,MC,31,3,1069.3333333333333,7540.950007447601,0.012630779005409116,29744.14347467483,2,1,1,0.5
inh_MC,864691135273485073,inhibitory,MC,32,3,612.2857142857143,49693.84281920611,0.10999834374621598,50820.589880554086,28,21,7,0.75
inh_MC,864691135273485073,inhibitory,MC,33,4,742.4,5926.776525997866,0.011914071383821334,36478.00674139756,6,3,3,0.5
inh_MC,864691135273485073,inhibitory,MC,34,4,785.3333333333334,6305.35038795537,0.012323748789429202,36667.29367237632,3,1,2,0.3333333333333333
inh_MC,864691135273485073,inhibitory,MC,35,5,549.8529411764706,100006.5376630238,0.23359618346384106,89823.2376978659,55,43,12,0.7818181818181819
inh_MC,864691135273485073,inhibitory,MC,36,5,578.6875,92519.73793027618,0.21065558147349786,86079.8378314921,54,48,6,0.8888888888888888
inh_MC,864691135273485073,inhibitory,MC,37,5,577.1627906976744,126685.88687368407,0.2888282714391367,102784.33844123853,61,42,19,0.6885245901639344
inh_MC,864691135273485073,inhibitory,MC,38,5,699.3333333333334,10623.787952220897,0.022003811027954887,44753.28898050695,4,3,1,0.75
inh_MC,864691135273485073,inhibitory,MC,39,2,833.0,7503.184999475817,0.014239140695350575,58205.7815752539,6,4,2,0.6666666666666666
inh_MC,864691135273485073,inhibitory,MC,40,2,449.0,14852.839211370494,0.03839254805188663,61880.608681201236,3,2,1,0.6666666666666666
inh_MC,864691135273485073,inhibitory,MC,41,3,714.4,5986.455288228533,0.012267601151380324,64950.601719106075,2,1,1,0.5
inh_MC,864691135273485073,inhibitory,MC,42,3,498.0851063829787,67782.52129041904,0.16635144153005132,95848.63472020133,10,8,2,0.8
inh_MC,864691135273485073,inhibitory,MC,43,4,589.2162162162163,109612.72900127238,0.24733425695149838,122750.19386385653,22,16,6,0.7272727272727273
inh_MC,864691135273485073,inhibitory,MC,44,4,477.80645161290323,43162.446243617385,0.10815352357632961,89525.05248502904,8,6,2,0.75
inh_MC,864691135273485073,inhibitory,MC,45,2,708.6666666666666,177608.8913766777,0.36543010951610977,126615.48817566223,66,34,32,0.5151515151515151
inh_MC,864691135273485073,inhibitory,MC,46,2,721.2888888888889,131281.54997085824,0.26773780701218947,103451.8174727525,47,32,15,0.6808510638297872
inh_MC,864691135273485073,inhibitory,MC,47,2,829.5714285714286,19454.141602151685,0.03699523641838878,50298.56466187196,11,9,2,0.8181818181818182
inh_MC,864691135273485073,inhibitory,MC,48,2,412.9032258064516,44303.53084397232,0.11941938461768786,62723.25928278228,5,4,1,0.8
inh_MC,864691135273485073,inhibitory,MC,49,2,666.0,75441.36577689653,0.16011538168373285,126249.01612501293,31,21,10,0.6774193548387096
inh_MC,864691135273485073,inhibitory,MC,50,2,621.7,56702.369506815856,0.12455793553051141,116879.51798997259,13,3,10,0.23076923076923078
inh_MC,864691135273485073,inhibitory,MC,51,4,638.258064516129,44300.36260654799,0.09604389248788445,113274.36960411852,21,18,3,0.8571428571428571
inh_MC,864691135273485073,inhibitory,MC,52,4,620.5714285714286,38847.564585796,0.08541389690411094,110547.97059374252,12,9,3,0.75
inh_MC,864691135273485073,inhibitory,MC,53,3,743.2,117114.53975432027,0.23529819349543635,118582.90534010794,54,33,21,0.6111111111111112
inh_MC,864691135273485073,inhibitory,MC,54,3,621.8181818181819,62789.30454724259,0.13791598068540403,91420.2877365691,39,22,17,0.5641025641025641
inh_MC,864691135273485073,inhibitory,MC,55,3,559.0,34535.859584955695,0.08000644866468201,118843.22215369549,7,6,1,0.8571428571428571
inh_MC,864691135273485073,inhibitory,MC,56,3,448.61538461538464,16656.736928615646,0.043073828299462866,109903.66082552547,5,3,2,0.6
inh_MC,864691135273485073,inhibitory,MC,57,6,558.5714285714286,8955.362100905715,0.020754124586370166,54542.86400707025,5,4,1,0.8
inh_MC,864691135273485073,inhibitory,MC,58,6,528.6415094339623,76348.08941973778,0.18187716253878633,88239.22766648629,35,26,9,0.7428571428571429
inh_MC,864691135273485073,inhibitory,MC,59,7,522.2307692307693,76083.30815304368,0.18235546657034427,97062.19913404496,35,23,12,0.6571428571428571
inh_MC,864691135273485073,inhibitory,MC,60,7,447.46153846153845,74833.31438414135,0.19376607952682473,96437.2022495938,30,21,9,0.7
inh_MC,864691135273485073,inhibitory,MC,61,3,686.4782608695652,136512.3539540071,0.2853771447769828,107753.69704934969,36,27,9,0.75
inh_MC,864691135273485073,inhibitory,MC,62,3,792.2,27193.380562142258,0.05291836394968143,53094.21035341728,8,5,3,0.625
inh_MC,864691135273485073,inhibitory,MC,63,4,536.3636363636364,14926.045588573252,0.03530008310861084,143574.17474045997,3,1,2,0.3333333333333333
inh_MC,864691135273485073,inhibitory,MC,64,4,489.1111111111111,9819.401470696139,0.02431878536379763,141020.8526815214,0,0,0,
inh_MC,864691135273485073,inhibitory,MC,65,3,605.8666666666667,43332.921164954576,0.09642509256474058,55705.964883969114,18,13,5,0.7222222222222222
inh_MC,864691135273485073,inhibitory,MC,66,3,356.0,24554.97260953732,0.07128121314269122,46316.990606260486,6,5,1,0.8333333333333334
inh_MC,864691135273485073,inhibitory,MC,67,2,600.72,111182.22475445124,0.24846197994898606,81567.92263201645,48,37,11,0.7708333333333334
inh_MC,864691135273485073,inhibitory,MC,68,2,633.5384615384615,75598.4821064268,0.1645080711113774,63776.05130800424,28,26,2,0.9285714285714286
inh_MC,864691135273485073,inhibitory,MC,69,4,434.0,34122.67484247481,0.08971371280620466,94433.76288768381,7,6,1,0.8571428571428571
inh_MC,864691135273485073,inhibitory,MC,70,4,374.57142857142856,7820.027613984162,0.022131028136744717,81282.43927343849,2,2,0,1.0
inh_MC,864691135273485073,inhibitory,MC,71,2,793.0,7528.286817939101,0.014642667155846523,37474.680732976136,7,6,1,0.8571428571428571
inh_MC,864691135273485073,inhibitory,MC,72,2,648.5581395348837,125679.12722957994,0.2703020418666038,96550.10093879656,62,46,16,0.7419354838709677
inh_MC,864691135273485073,inhibitory,MC,73,3,654.3809523809524,61614.46744922494,0.1319252730523431,72046.05786655816,21,17,4,0.8095238095238095
inh_MC,864691135273485073,inhibitory,MC,74,3,551.5238095238095,60138.69060084735,0.14025955684809246,71308.16944236937,21,16,5,0.7619047619047619
inh_MC,864691135273485073,inhibitory,MC,75,4,535.2549019607843,74156.74156031366,0.17556216966881552,112745.88207031396,39,31,8,0.7948717948717948
inh_MC,864691135273485073,inhibitory,MC,76,4,374.54545454545456,13848.02778366327,0.03919189727470991,82591.52518198878,8,5,3,0.625
inh_MC,864691135273485073,inhibitory,MC,77,2,676.85,58675.6226316235,0.12352990786802576,58582.03955203222,16,10,6,0.625
inh_MC,864691135273485073,inhibitory,MC,78,2,587.3157894736842,110857.98672758263,0.25054848223334036,84673.22160001178,33,24,9,0.7272727272727273
inh_MC_2,864691136119505176,inhibitory,MC,0,0,2575.1428571428573,13537.638404019905,0.014611771556122654,6768.819202009952,6,2,4,0.3333333333333333
inh_MC_2,864691136119505176,inhibitory,MC,1,1,2046.888888888889,35373.949527781944,0.04282496778292422,17686.974763890972,17,6,11,0.35294117647058826
inh_MC_2,864691136119505176,inhibitory,MC,2,1,2760.0,19640.44156920281,0.02047657582812269,9820.220784601404,6,0,6,0.0
inh_MC_2,864691136119505176,inhibitory,MC,3,1,6693.0,12679.91924264504,0.008489198769131267,6339.95962132252,8,1,7,0.125
inh_MC_2,864691136119505176,inhibitory,MC,4,1,2201.75,22430.643627169175,0.02618293697288434,11215.321813584587,11,2,9,0.18181818181818182
inh_MC_2,864691136119505176,inhibitory,MC,5,1,945.2093023255813,73490.98528075463,0.13092744827571814,36745.49264037731,31,18,13,0.5806451612903226
inh_MC_2,864691136119505176,inhibitory,MC,6,1,1846.0,14947.634298619063,0.019055363732707515,21011.455553329437,15,5,10,0.3333333333333333
inh_MC_2,864691136119505176,inhibitory,MC,7,1,1484.2758620689656,41029.59634913754,0.05833115277865808,34052.43657858868,28,8,20,0.2857142857142857
inh_MC_2,864691136119505176,inhibitory,MC,8,1,1263.7142857142858,185310.88255152808,0.28552037428544275,106193.07967978394,54,38,16,0.7037037037037037
inh_MC_2,864691136119505176,inhibitory,MC,9,3,936.8571428571429,19515.928873072084,0.034923130581491706,59439.01151066528,8,6,2,0.75
inh_MC_2,864691136119505176,inhibitory,MC,10,3,801.6363636363636,128725.96879669826,0.24902221497823276,114044.03147247837,47,32,15,0.6808510638297872
inh_MC_2,864691136119505176,inhibitory,MC,11,2,706.9756097560976,243150.48933245233,0.5008798488185561,150060.51736886514,89,49,40,0.550561797752809
inh_MC_2,864691136119505176,inhibitory,MC,12,2,1219.25,21195.774371490264,0.03324784743606324,39083.1598883841,2,0,2,0.0
inh_MC_2,864691136119505176,inhibitory,MC,13,3,920.5,9844.569897464746,0.01777237538669531,47762.98594480546,1,0,1,0.0
inh_MC_2,864691136119505176,inhibitory,MC,14,3,689.4054054054054,52499.589819686014,0.1095164091234783,69090.4959059161,27,16,11,0.5925925925925926
inh_MC_2,864691136119505176,inhibitory,MC,15,4,767.4725274725274,134686.68688536956,0.26628939940471513,136540.3193898861,69,55,14,0.7971014492753623
inh_MC_2,864691136119505176,inhibitory,MC,16,4,693.6385542168674,120933.40975858032,0.2515013457868458,129663.68082649149,49,25,24,0.5102040816326531
inh_MC_2,864691136119505176,inhibitory,MC,17,4,838.6117647058824,125847.99487294254,0.2380271257208943,115609.2683300091,53,41,12,0.7735849056603774
inh_MC_2,864691136119505176,inhibitory,MC,18,4,752.2388059701492,97986.40578706183,0.19568096805914417,101678.47378706875,46,35,11,0.7608695652173914
inh_MC_2,864691136119505176,inhibitory,MC,19,4,847.9402985074627,97673.20062508732,0.18371871906671536,151719.96882977968,36,25,11,0.6944444444444444
inh_MC_2,864691136119505176,inhibitory,MC,20,4,690.952380952381,121799.73776958525,0.25379491815810845,163783.23740202864,36,29,7,0.8055555555555556
inh_MC_2,864691136119505176,inhibitory,MC,21,3,825.8333333333334,88154.13359948783,0.16801850053831313,130154.78485395832,42,35,7,0.8333333333333334
inh_MC_2,864691136119505176,inhibitory,MC,22,3,802.1632653061224,70812.67101411276,0.13694312007924964,121484.05356127079,27,20,7,0.7407407407407407
inh_MC_2,864691136119505176,inhibitory,MC,23,2,850.5625,46423.73701632336,0.08718617181316704,45642.51213533085,14,6,8,0.42857142857142855
inh_MC_2,864691136119505176,inhibitory,MC,24,2,581.047619047619,60111.18165649821,0.1365872086628331,52486.23445541828,14,12,2,0.8571428571428571
inh_MC_2,864691136119505176,inhibitory,MC,25,2,745.0422535211268,210130.61480609962,0.4216571866592622,159632.54215620726,57,42,15,0.7368421052631579
inh_MC_2,864691136119505176,inhibitory,MC,26,2,1085.304347826087,31510.48330105697,0.0523889772682985,70322.47640368593,13,11,2,0.8461538461538461
inh_MC_2,864691136119505176,inhibitory,MC,27,2,1134.923076923077,18058.7756533399,0.029360653428661142,21709.307069314993,5,0,5,0.0
inh_MC_2,864691136119505176,inhibitory,MC,28,2,822.7142857142857,39047.94559253018,0.07456487559735919,32203.892038910133,9,5,4,0.5555555555555556
inh_MC_2,864691136119505176,inhibitory,MC,29,3,679.0909090909091,113250.96456731274,0.2380337719700099,116880.01564537323,20,17,3,0.85
inh_MC_2,864691136119505176,inhibitory,MC,30,3,548.7142857142857,38436.677189237664,0.08987384664308705,79472.8719563357,8,6,2,0.75
inh_MC_2,864691136119505176,inhibitory,MC,31,5,649.5873015873016,91762.83339718096,0.19720080300890594,196553.09337919013,43,26,17,0.6046511627906976
inh_MC_2,864691136119505176,inhibitory,MC,32,5,578.6666666666666,10655.393176574888,0.024261400875117453,155999.3732688871,2,1,1,0.5
inh_MC_2,864691136119505176,inhibitory,MC,33,5,673.3939393939394,47748.18336631156,0.10078197820507982,224430.6608254791,16,8,8,0.5
inh_MC_2,864691136119505176,inhibitory,MC,34,5,646.8888888888889,23795.16429384105,0.05124299313952379,212454.15128924386,12,6,6,0.5
inh_MC_2,864691136119505176,inhibitory,MC,35,3,889.0,4450.617124937711,0.008175794776236396,32964.00345845379,3,3,0,1.0
inh_MC_2,864691136119505176,inhibitory,MC,36,3,726.0512820512821,114327.29978392625,0.23239507782044078,87902.34478794807,27,21,6,0.7777777777777778
inh_MC_2,864691136119505176,inhibitory,MC,37,3,775.3207547169811,78066.46243595722,0.15356223426605986,90761.09605315383,17,11,6,0.6470588235294118
inh_MC_2,864691136119505176,inhibitory,MC,38,3,509.7142857142857,8038.127211798471,0.019500785244438424,55746.92844107446,0,0,0,
inh_MC_2,864691136119505176,inhibitory,MC,39,4,803.7623762376238,149533.53400459938,0.28889191524018903,109956.07902322234,16,14,2,0.875
inh_MC_2,864691136119505176,inhibitory,MC,40,4,776.4705882352941,99234.47249862026,0.195056617098583,84806.54827023277,15,10,5,0.6666666666666666
inh_MC_2,864691136119505176,inhibitory,MC,41,4,621.9069767441861,62596.24654278461,0.13748211521906625,188188.51233971945,14,11,3,0.7857142857142857
inh_MC_2,864691136119505176,inhibitory,MC,42,4,525.8181818181819,13546.282427601778,0.03235660549141896,163663.53028212802,5,4,1,0.8
inh_MC_2,864691136119505176,inhibitory,MC,43,2,712.5714285714286,166066.2861190242,0.3407437496794402,102673.58462871492,58,39,19,0.6724137931034483
inh_MC_2,864691136119505176,inhibitory,MC,44,2,861.3103448275862,40614.09179251406,0.07579796425388921,39947.48746545984,12,9,3,0.75
inh_MC_2,864691136119505176,inhibitory,MC,45,4,596.0,58905.45251792151,0.13215785893986526,203684.577912663,15,10,5,0.6666666666666666
inh_MC_2,864691136119505176,inhibitory,MC,46,4,580.5853658536586,58899.66797565523,0.13388762307750135,203681.68564152985,16,14,2,0.875
inh_MC_2,864691136119505176,inhibitory,MC,47,3,772.2933333333333,110930.04248545808,0.21863448493946094,124319.40188622157,19,13,6,0.6842105263157895
inh_MC_2,864691136119505176,inhibitory,MC,48,3,479.8,27324.936242986176,0.06832657679405481,82516.84876498563,4,3,1,0.75
inh_MC_2,864691136119505176,inhibitory,MC,49,2,1048.1538461538462,18048.495613228024,0.03053438093943847,44398.197334395954,4,3,1,0.75
inh_MC_2,864691136119505176,inhibitory,MC,50,2,1213.4285714285713,7466.751468291152,0.011740462753018974,39107.32526192752,2,1,1,0.5
inh_MC_2,864691136119505176,inhibitory,MC,51,5,642.5454545454545,63960.8448130987,0.13820472493277097,210513.68817302975,15,14,1,0.9333333333333333
inh_MC_2,864691136119505176,inhibitory,MC,52,5,642.5714285714286,27527.66140453176,0.059479764393163395,192297.09646874625,11,10,1,0.9090909090909091
inh_MC_2,864691136119505176,inhibitory,MC,53,5,605.8571428571429,39849.11911072034,0.08867357880133424,223808.22238793108,14,11,3,0.7857142857142857
inh_MC_2,864691136119505176,inhibitory,MC,54,5,609.4545454545455,29191.975612429127,0.06476695132600181,218479.65063878548,17,11,6,0.6470588235294118
inh_MC_2,864691136119505176,inhibitory,MC,55,4,540.9333333333333,19603.786112753078,0.04616668707850119,188208.90892720403,2,2,0,1.0
inh_MC_2,864691136119505176,inhibitory,MC,56,4,477.2,12235.427471133637,0.030678177566498016,184524.7296063943,2,2,0,1.0
inh_MC_2,864691136119505176,inhibitory,MC,57,3,976.1764705882352,49460.92337622604,0.086707902290013,78152.90682912299,16,12,4,0.75
inh_MC_2,864691136119505176,inhibitory,MC,58,3,505.2,11693.382375023351,0.02849502929613044,59269.13632852165,5,4,1,0.8
inh_BPC,864691136923311076,inhibitory_BPC,BPC,0,0,1272.0,6010.805031713868,0.00923102044805693,3005.402515856934,4,3,1,0.75
inh_BPC,864691136923311076,inhibitory_BPC,BPC,1,1,872.2068965517242,40953.23352476598,0.07595197423137967,20476.61676238299,55,18,37,0.32727272727272727
inh_BPC,864691136923311076,inhibitory_BPC,BPC,2,3,702.0,56718.677387357624,0.11725143493319737,97036.88876500222,22,16,6,0.7272727272727273
inh_BPC,864691136923311076,inhibitory_BPC,BPC,3,3,597.1111111111111,24098.78678491384,0.054016722592343074,80726.94346378032,13,9,4,0.6923076923076923
inh_BPC,864691136923311076,inhibitory_BPC,BPC,4,1,790.3103448275862,85014.97875541673,0.16563695752402066,48518.29440942223,66,34,32,0.5151515151515151
inh_BPC,864691136923311076,inhibitory_BPC,BPC,5,1,960.7741935483871,43513.937138808506,0.07689150167808396,27767.77360111812,22,12,10,0.5454545454545454
inh_BPC,864691136923311076,inhibitory_BPC,BPC,6,6,1140.5714285714287,8923.827324527298,0.014472732708227052,inf,5,1,4,0.2
inh_BPC,864691136923311076,inhibitory_BPC,BPC,7,6,870.625,45163.418730292906,0.08383625495260154,inf,24,13,11,0.5416666666666666
inh_BPC,864691136923311076,inhibitory_BPC,BPC,8,6,615.5652173913044,66748.75071943544,0.14735562986927936,inf,8,1,7,0.125
inh_BPC,864691136923311076,inhibitory_BPC,BPC,9,6,699.3333333333334,37645.000817647924,0.0779696929065277,inf,11,5,6,0.45454545454545453
inh_BPC,864691136923311076,inhibitory_BPC,BPC,10,6,1000.3636363636364,15005.567677648947,0.025985681374197857,inf,2,1,1,0.5
inh_BPC,864691136923311076,inhibitory_BPC,BPC,11,6,966.1379310344828,40469.38108585582,0.07131282211428974,inf,18,6,12,0.3333333333333333
inh_BPC,864691136923311076,inhibitory_BPC,BPC,12,6,743.5,20983.521729852415,0.04215009132218834,inf,6,3,3,0.5
inh_BPC,864691136923311076,inhibitory_BPC,BPC,13,6,612.5714285714286,82266.45511771904,0.1820560194395321,inf,10,3,7,0.3
inh_BPC,864691136923311076,inhibitory_BPC,BPC,14,6,908.5,4370.3803377371905,0.007941771641599135,inf,2,1,1,0.5
inh_BPC,864691136923311076,inhibitory_BPC,BPC,15,6,672.5714285714286,28653.766060452977,0.06051640645275876,inf,14,9,5,0.6428571428571429
inh_BPC,864691136923311076,inhibitory_BPC,BPC,16,6,806.2857142857143,50972.41148533516,0.09832214061666066,inf,19,5,14,0.2631578947368421
inh_BPC,864691136923311076,inhibitory_BPC,BPC,17,6,596.0618556701031,143259.38945069042,0.32139421700263815,inf,20,11,9,0.55
inh_BPC,864691136923311076,inhibitory_BPC,BPC,18,2,702.8333333333334,16399.68359017359,0.033882068882482755,57724.58396560917,15,13,2,0.8666666666666667
inh_BPC,864691136923311076,inhibitory_BPC,BPC,19,2,936.2857142857143,8187.587686019396,0.014655896623366861,53618.53601353207,6,3,3,0.5
inh_BPC,864691136923311076,inhibitory_BPC,BPC,20,2,577.0927835051547,143286.5745836402,0.32669561563006194,112596.52081658608,61,49,12,0.8032786885245902
inh_BPC,864691136923311076,inhibitory_BPC,BPC,21,2,773.6,27724.316546557428,0.05459630429345997,54815.39179804469,17,9,8,0.5294117647058824
inh_BPC,864691136923311076,inhibitory_BPC,BPC,22,6,656.0952380952381,61284.87214257916,0.13104802159971954,inf,3,1,2,0.3333333333333333
inh_BPC,864691136923311076,inhibitory_BPC,BPC,23,6,553.7272727272727,30512.078981933195,0.07102062176144254,inf,2,0,2,0.0
inh_BPC,864691136923311076,inhibitory_BPC,BPC,24,3,497.03225806451616,91233.5169941053,0.22414174894655095,111541.18425774862,20,9,11,0.45
inh_BPC,864691136923311076,inhibitory_BPC,BPC,25,3,554.9811320754717,76015.27381819925,0.1767349259854274,103932.06266979559,25,18,7,0.72
inh_BPC,864691136923311076,inhibitory_BPC,BPC,26,4,520.6666666666666,25492.45256597063,0.06119167761012596,138142.45374166637,9,4,5,0.4444444444444444
inh_BPC,864691136923311076,inhibitory_BPC,BPC,27,4,578.8,18570.78257734355,0.04227918154926417,134681.61874735283,3,2,1,0.6666666666666666
inh_BPC,864691136923311076,inhibitory_BPC,BPC,28,3,701.5555555555555,25192.37358161982,0.052095316537166474,70308.51664735169,16,12,4,0.75
inh_BPC,864691136923311076,inhibitory_BPC,BPC,29,3,860.0,5118.2249494530715,0.009559403011160322,60271.44233126831,3,2,1,0.6666666666666666
inh_BPC,864691136923311076,inhibitory_BPC,BPC,30,6,651.0,25428.539716771127,0.054587292461551716,inf,3,0,3,0.0
inh_BPC,864691136923311076,inhibitory_BPC,BPC,31,6,624.0,46973.06640306124,0.10299526145061612,inf,3,1,2,0.3333333333333333
inh_BPC,864691136923311076,inhibitory_BPC,BPC,32,6,614.0,57628.94996557244,0.12738466471760715,inf,5,2,3,0.4
inh_BPC,864691136923311076,inhibitory_BPC,BPC,33,6,574.5185185185185,37796.07750632794,0.0863684930847562,inf,2,2,0,1.0
inh_BPC,864691136923311076,inhibitory_BPC,BPC,34,2,694.25,10544.229198980915,0.02191883769125494,96297.89838662105,3,1,2,0.3333333333333333
inh_BPC,864691136923311076,inhibitory_BPC,BPC,35,2,530.2857142857143,29178.098255305384,0.06940050745297881,105614.83291478328,15,14,1,0.9333333333333333
inh_BPC,864691136923311076,inhibitory_BPC,BPC,36,4,529.0416666666666,70187.05847287961,0.16713704903388912,117998.2326746014,15,10,5,0.6666666666666666
inh_BPC,864691136923311076,inhibitory_BPC,BPC,37,4,586.6153846153846,55275.90142871105,0.12500279874732348,110542.65415251712,21,13,8,0.6190476190476191
inh_BPC,864691136923311076,inhibitory_BPC,BPC,38,3,634.5,28172.472615994986,0.06125898258247626,115656.249294109,4,3,1,0.75
inh_BPC,864691136923311076,inhibitory_BPC,BPC,39,3,509.8125,45357.45801721129,0.11002822193805585,124248.74199471716,8,4,4,0.5
inh_BPC,864691136923311076,inhibitory_BPC,BPC,40,6,602.7407407407408,79445.82500250338,0.17724191468592088,inf,3,1,2,0.3333333333333333
inh_BPC,864691136923311076,inhibitory_BPC,BPC,41,6,569.6470588235294,22185.959128082686,0.05091384619140999,inf,0,0,0,
inh_BPC,864691136923311076,inhibitory_BPC,BPC,42,6,552.5454545454545,14337.985557523154,0.0334090987861163,inf,0,0,0,
inh_BPC,864691136923311076,inhibitory_BPC,BPC,43,6,486.0,11762.958247855126,0.02922530473188431,inf,3,1,2,0.3333333333333333
inh_BPC,864691136923311076,inhibitory_BPC,BPC,44,5,612.4545454545455,31118.505301969744,0.06887195718936208,102420.60983928376,9,4,5,0.4444444444444444
inh_BPC,864691136923311076,inhibitory_BPC,BPC,45,5,517.7777777777778,10664.140767032055,0.025669345347593887,92193.42757181491,3,2,1,0.6666666666666666
inh_BPC,864691136923311076,inhibitory_BPC,BPC,46,4,507.04761904761904,60876.858179254385,0.14807729901969915,160180.9146917337,8,6,2,0.75
inh_BPC,864691136923311076,inhibitory_BPC,BPC,47,4,517.6,20086.490375580393,0.048357913550779286,139785.73078989668,4,3,1,0.75
inh_BPC,864691136923311076,inhibitory_BPC,BPC,48,6,536.0,15968.08790491491,0.03777732020239141,inf,1,0,1,0.0
inh_BPC,864691136923311076,inhibitory_BPC,BPC,49,6,512.6666666666666,13903.154804524136,0.033632290486563694,inf,2,1,1,0.5
inh_BPC,864691136923311076,inhibitory_BPC,BPC,50,4,520.8666666666667,86140.47593198578,0.20673052696574565,105900.79277198773,20,13,7,0.65
inh_BPC,864691136923311076,inhibitory_BPC,BPC,51,4,680.0,24030.80238230405,0.05047478096872981,74845.95599714687,13,8,5,0.6153846153846154
inh_BPC,864691136923311076,inhibitory_BPC,BPC,52,6,762.5217391304348,33034.51436003213,0.06552430740529058,inf,9,3,6,0.3333333333333333
inh_BPC,864691136923311076,inhibitory_BPC,BPC,53,6,769.2173913043479,31500.0262109325,0.06220810832798279,inf,4,1,3,0.25
inh_BPC,864691136923311076,inhibitory_BPC,BPC,54,6,671.7446808510638,68874.12378511771,0.1455507997489932,inf,9,2,7,0.2222222222222222
inh_BPC,864691136923311076,inhibitory_BPC,BPC,55,6,615.7142857142857,7989.097014043249,0.01763472563671073,inf,1,0,1,0.0
inh_BPC_2,864691135715512858,inhibitory_BPC,BPC,0,0,1090.0,16433.167440529312,0.027262687079149278,53469.442516631774,5,3,2,0.6
inh_BPC_2,864691135715512858,inhibitory_BPC,BPC,1,1,546.5945945945946,107788.27606548012,0.25252215511212395,99146.99682910717,20,12,8,0.6
inh_BPC_2,864691135715512858,inhibitory_BPC,BPC,2,3,882.4444444444445,11989.73958206865,0.022106841170712786,107091.06605481761,1,1,0,1.0
inh_BPC_2,864691135715512858,inhibitory_BPC,BPC,3,3,535.2631578947369,139044.1409759908,0.32917712263977583,170618.2667517787,34,25,9,0.7352941176470589
inh_BPC_2,864691135715512858,inhibitory_BPC,BPC,4,2,799.1428571428571,82296.29018892803,0.15945152403023324,41148.14509446402,60,7,53,0.11666666666666667
inh_BPC_2,864691135715512858,inhibitory_BPC,BPC,5,1,1302.125,45252.858796367116,0.06868791112885665,22626.429398183558,15,5,10,0.3333333333333333
inh_BPC_2,864691135715512858,inhibitory_BPC,BPC,6,4,697.3584905660377,77758.94316610886,0.16128089703046397,151965.40742890636,26,21,5,0.8076923076923077
inh_BPC_2,864691135715512858,inhibitory_BPC,BPC,7,4,713.2173913043479,65998.7733433786,0.13535849870662506,146085.32251754124,22,15,7,0.6818181818181818
inh_BPC_2,864691135715512858,inhibitory_BPC,BPC,8,1,997.7142857142857,29849.12450426703,0.051759387629437145,76610.58848902995,7,5,2,0.7142857142857143
inh_BPC_2,864691135715512858,inhibitory_BPC,BPC,9,1,876.5714285714286,17803.987751947006,0.03293701660432413,70588.02011286994,3,1,2,0.3333333333333333
inh_BPC_2,864691135715512858,inhibitory_BPC,BPC,10,6,615.7297297297297,53706.32815497486,0.11854712522281671,223824.67960198488,16,12,4,0.75
inh_BPC_2,864691135715512858,inhibitory_BPC,BPC,11,6,556.9142857142857,49036.283207337605,0.11381093540923143,221489.65712816626,12,8,4,0.6666666666666666
inh_BPC_2,864691135715512858,inhibitory_BPC,BPC,12,4,668.5185185185185,38435.885769026514,0.0814218189678569,276311.27757414855,11,9,2,0.8181818181818182
inh_BPC_2,864691135715512858,inhibitory_BPC,BPC,13,4,581.8181818181819,29908.11774734885,0.06791349246611265,272047.3935633097,5,3,2,0.6
inh_BPC_2,864691135715512858,inhibitory_BPC,BPC,14,7,618.9722222222222,106498.97843255172,0.2344609333605942,inf,6,3,3,0.5
inh_BPC_2,864691135715512858,inhibitory_BPC,BPC,15,7,625.2121212121212,46827.7203811006,0.10257698954951301,inf,8,1,7,0.125
inh_BPC_2,864691135715512858,inhibitory_BPC,BPC,16,2,710.2253521126761,104306.96898906122,0.21437585405892204,143688.63523569406,24,17,7,0.7083333333333334
inh_BPC_2,864691135715512858,inhibitory_BPC,BPC,17,2,973.0,9561.045522619817,0.016788411019508183,96315.67350247338,2,0,2,0.0
inh_BPC_2,864691135715512858,inhibitory_BPC,BPC,18,7,443.14285714285717,8947.198275385279,0.02327961600058767,inf,1,1,0,1.0
inh_BPC_2,864691135715512858,inhibitory_BPC,BPC,19,7,506.57142857142856,7572.735721046367,0.01842863135336171,inf,1,1,0,1.0
inh_BPC_2,864691135715512858,inhibitory_BPC,BPC,20,2,677.0357142857143,82390.051418668,0.17343215155912273,120685.03969817742,18,14,4,0.7777777777777778
inh_BPC_2,864691135715512858,inhibitory_BPC,BPC,21,2,522.0,68962.75948856097,0.16532556171963975,113971.39373312393,22,8,14,0.36363636363636365
inh_BPC_2,864691135715512858,inhibitory_BPC,BPC,22,3,645.1666666666666,70187.62673630909,0.15135097558431007,117390.10355708258,14,13,1,0.9285714285714286
inh_BPC_2,864691135715512858,inhibitory_BPC,BPC,23,3,556.6095238095238,153219.54938378307,0.35571279872981304,158906.06488081958,34,24,10,0.7058823529411765
inh_BPC_2,864691135715512858,inhibitory_BPC,BPC,24,5,684.6666666666666,20748.70376951062,0.04343221768598461,201219.23089671612,5,5,0,1.0
inh_BPC_2,864691135715512858,inhibitory_BPC,BPC,25,5,623.7142857142857,17970.93968924205,0.039412916058926065,199830.34885658184,3,3,0,1.0
inh_BPC_2,864691135715512858,inhibitory_BPC,BPC,26,6,528.4285714285714,40398.02186617521,0.09625594933172524,229014.82963429048,8,7,1,0.875
inh_BPC_2,864691135715512858,inhibitory_BPC,BPC,27,6,459.4,11983.6630814517,0.030623492741395336,214807.65024192873,1,1,0,1.0
inh_BPC_2,864691135715512858,inhibitory_BPC,BPC,28,5,566.7368421052631,26154.806524055686,0.060175736745622134,301552.26398064557,8,6,2,0.75
inh_BPC_2,864691135715512858,inhibitory_BPC,BPC,29,5,573.2,11507.298561637162,0.02632575999847878,294228.5099994363,4,3,1,0.75
inh_BPC_2,864691135715512858,inhibitory_BPC,BPC,30,6,550.72,72510.5513644406,0.16923742567511024,247848.85846369172,20,17,3,0.85
inh_BPC_2,864691135715512858,inhibitory_BPC,BPC,31,6,571.0588235294117,48400.356300374464,0.1109350447621611,235793.76093165867,8,7,1,0.875
inh_BPC_2,864691135715512858,inhibitory_BPC,BPC,32,5,527.1538461538462,75900.42347722594,0.18106567858543274,217034.92092784352,22,15,7,0.6818181818181818
inh_BPC_2,864691135715512858,inhibitory_BPC,BPC,33,5,714.5714285714286,17886.80633526692,0.036649715565281564,188028.112356864,7,6,1,0.8571428571428571
inh_BPC_2,864691135715512858,inhibitory_BPC,BPC,34,7,595.741935483871,44726.002810655074,0.10036715829199094,inf,0,0,0,
inh_BPC_2,864691135715512858,inhibitory_BPC,BPC,35,7,484.44444444444446,24277.383434949155,0.06041440672494806,inf,1,1,0,1.0
inh_BPC_2,864691135715512858,inhibitory_BPC,BPC,36,7,487.05882352941177,23674.923564496225,0.05875685004265446,inf,2,1,1,0.5
inh_BPC_2,864691135715512858,inhibitory_BPC,BPC,37,7,467.46666666666664,20025.626692243775,0.050730765913859,inf,0,0,0,
inh_BPC_2,864691135715512858,inhibitory_BPC,BPC,38,3,564.2,13390.25252010244,0.03087684045110592,168575.19166756264,2,1,1,0.5
inh_BPC_2,864691135715512858,inhibitory_BPC,BPC,39,3,503.4166666666667,69041.02308430447,0.1685404118598677,196400.57694966366,14,7,7,0.5
inh_BPC_2,864691135715512858,inhibitory_BPC,BPC,40,3,700.047619047619,61251.2149594106,0.12679774895883458,226467.72720993,24,20,4,0.8333333333333334
inh_BPC_2,864691135715512858,inhibitory_BPC,BPC,41,3,539.5081967213115,88974.890479605,0.20981139233692522,240329.5649700272,17,9,8,0.5294117647058824
inh_BPC_2,864691135715512858,inhibitory_BPC,BPC,42,7,617.8947368421053,83956.64910986664,0.18499435485566512,inf,3,2,1,0.6666666666666666
inh_BPC_2,864691135715512858,inhibitory_BPC,BPC,43,7,571.8260869565217,32071.12612434361,0.07345863515609825,inf,0,0,0,
inh_BPC_2,864691135715512858,inhibitory_BPC,BPC,44,4,534.3272727272728,80709.82157795157,0.1912420294479608,215625.22871658963,25,20,5,0.8
inh_BPC_2,864691135715512858,inhibitory_BPC,BPC,45,4,522.4444444444445,10056.096210822914,0.024097389055695168,180298.36603302532,2,1,1,0.5
inh_BPC_2,864691135715512858,inhibitory_BPC,BPC,46,4,657.8260869565217,135990.94379338063,0.29041234203347227,220479.38882192742,27,21,6,0.7777777777777778
inh_BPC_2,864691135715512858,inhibitory_BPC,BPC,47,4,499.1929824561403,81687.54225813286,0.20025447100908095,193327.68805430352,16,11,5,0.6875
