neuron_label,root_id,cell_type,subtype,branch_idx,branch_order,mean_diameter_nm,total_length_nm,electrotonic_length,soma_distance_nm,synapse_count,exc_count,inh_count,exc_fraction,regime,regime_name,order_regime,kmeans_regime,is_bpc,clark_evans_raw,interval_cv_raw,pairwise_compactness_raw,clark_evans_z,interval_cv_z,pairwise_compactness_z
exc_23P,864691135848859998,excitatory,23P,0,0,2591.8571428571427,25636.3903823545,0.0275811247967032,12818.19519117725,21,0,21,0.0,1,nonlinear-prone,0,0,False,0.8099501190204434,1.5006329492362602,0.2309640439295545,-0.7848724079459519,3.1831813583182744,-2.911535026133452
exc_23P,864691135848859998,excitatory,23P,1,1,7612.0,14778.011774254344,0.0092774205921085,7389.005887127171,17,0,17,0.0,0,summation-like,0,0,False,0.9307624511726091,0.5425227742816894,0.25750942134792276,-0.030564664816396865,-1.8935122683498025,-1.7906055701568342
exc_23P,864691135848859998,excitatory,23P,2,1,3637.2,17370.50202110955,0.0157757278741185,8685.251010554775,14,1,13,0.0714285714285714,0,summation-like,0,0,False,0.555544765898316,1.3244644339731837,0.2758444963087552,-1.8296042536419703,1.9916041197734773,-1.2830543130148018
exc_23P,864691135848859998,excitatory,23P,3,1,7540.0,13192.846546519064,0.0083217270192883,6596.423273259532,9,5,4,0.5555555555555556,0,summation-like,0,0,False,0.8723741705614376,0.7052093895853745,0.2276747174266987,-0.08975891195450843,-0.6253418572974399,-1.7480943177484238
exc_23P,864691135848859998,excitatory,23P,4,1,4181.5,15863.12266838469,0.0134364103692297,7931.561334192345,23,4,19,0.1739130434782608,0,summation-like,0,0,False,0.7099289831578873,1.0137448926882944,0.212884491430976,-1.5477955162680337,0.4738398887943864,-3.599526006007235
exc_23P,864691135848859998,excitatory,23P,5,1,3052.285714285714,20248.236039785235,0.0200740605697765,10124.118019892618,14,2,12,0.1428571428571428,0,summation-like,0,0,False,0.9105547878279435,0.8563686205410772,0.1831568943287426,-0.080227793217475,-0.27851153829300956,-3.292608983727349
exc_23P,864691135848859998,excitatory,23P,6,8,895.8666666666667,20984.12767145045,0.0383998792251644,149010.76447000282,1,0,1,0.0,1,nonlinear-prone,2,0,False,,,,,,
exc_23P,864691135848859998,excitatory,23P,7,8,877.9487179487179,55710.03014445101,0.1029815552437722,166373.7157065031,0,0,0,,1,nonlinear-prone,2,2,False,,,,,,
exc_23P,864691135848859998,excitatory,23P,8,1,1993.090909090909,14696.158995328473,0.0180302154008835,32984.46988001874,5,0,5,0.0,0,summation-like,0,0,False,0.8652460790259425,1.159214278808632,0.2179276021271442,0.19916788447120337,1.594405250706832,-1.1763710117347947
exc_23P,864691135848859998,excitatory,23P,9,1,1330.888888888889,10661.96451138462,0.0160076271569028,30967.37263804681,7,0,7,0.0,0,summation-like,0,0,False,0.5001752583624662,1.256669619241657,0.27166854545970415,-1.4290162028729756,1.7964061072523398,-0.8251818262537022
exc_23P,864691135848859998,excitatory,23P,10,9,724.3157894736842,54562.270688754965,0.1110424631869421,186783.96365010552,2,0,2,0.0,1,nonlinear-prone,2,2,False,,,,,,
exc_23P,864691135848859998,excitatory,23P,11,9,698.2608695652174,30806.720294010785,0.0638553427512105,174906.18845273342,3,1,2,0.3333333333333333,1,nonlinear-prone,2,0,False,,0.6579075716716584,0.4030524490526875,,0.5249742324708266,0.4494112499803811
exc_23P,864691135848859998,excitatory,23P,12,2,1715.428571428571,9048.011465985075,0.011965406295087,44856.55511067552,7,2,5,0.2857142857142857,0,summation-like,0,0,False,0.6632461033032379,0.7671003955077852,0.28288884818552723,-0.7417862904021121,-0.17676455474345484,-0.6309971828454362
exc_23P,864691135848859998,excitatory,23P,13,2,1394.0,6490.13853506084,0.0095210140841941,43577.6186452134,0,0,0,,0,summation-like,0,0,False,,,,,,
exc_23P,864691135848859998,excitatory,23P,14,3,1641.7142857142858,19617.006669411683,0.0265182327717582,59189.06417837389,16,2,14,0.125,0,summation-like,0,0,False,0.6218803349909036,0.8830788270016151,0.2710127230910636,-1.650306795445262,-0.173335824461058,-1.4733306744284218
exc_23P,864691135848859998,excitatory,23P,15,3,944.2285714285714,102614.82669174546,0.1829077782799817,100687.97418954078,13,3,10,0.2307692307692307,2,compartmentalized,0,2,False,1.0419906544670081,0.9445991134992341,0.3929575709015774,0.6041085103311653,0.193798334009303,1.2724724468917814
exc_23P,864691135848859998,excitatory,23P,16,3,1028.0,17362.232225027186,0.0296598964709033,55503.80402525741,7,0,7,0.0,1,nonlinear-prone,0,0,False,0.81524902901901,0.857175588297736,0.2949182952510547,-0.18363457437906364,0.18850963836058857,-0.5173717966765834
exc_23P,864691135848859998,excitatory,23P,17,3,1022.5714285714286,7508.993051948084,0.0128616149277466,50577.18443871786,0,0,0,,0,summation-like,0,0,False,,,,,,
exc_23P,864691135848859998,excitatory,23P,18,4,1011.6190476190476,30157.10023898088,0.051932796332055,58363.50969348831,11,0,11,0.0,1,nonlinear-prone,1,0,False,0.7932988226800105,0.9371585115176838,0.26246794246486416,-0.5095775910740671,0.2535196315311726,-1.3302899799081846
exc_23P,864691135848859998,excitatory,23P,19,4,476.0,9664.940061334752,0.0242636602419184,48117.429604665245,1,0,1,0.0,0,summation-like,1,0,False,,,,,,
exc_23P,864691135848859998,excitatory,23P,20,4,572.5714285714286,8281.620369229528,0.0189566289493398,47425.76975861263,1,1,0,1.0,0,summation-like,1,0,False,,,,,,
exc_23P,864691135848859998,excitatory,23P,21,4,1734.5,10448.073207147758,0.0137407260839998,74221.60411665362,4,1,3,0.25,0,summation-like,1,0,False,,0.7311406742123326,0.4278646003799233,,0.29255868531056456,0.7811972643338915
exc_23P,864691135848859998,excitatory,23P,22,4,935.3529411764706,98085.28568153972,0.1756615581070162,118040.2103538496,5,0,5,0.0,2,compartmentalized,1,2,False,0.5887437842203106,0.9628625608475658,0.3581871403537387,-0.835515715681731,0.8546084286669098,0.21605222026066684
exc_23P,864691135848859998,excitatory,23P,23,4,815.7777777777778,92392.5863635499,0.1771788247244765,110381.21331954596,15,0,15,0.0,2,compartmentalized,1,2,False,0.5939348981444771,1.1372123389624575,0.3053745908161217,-1.6990901427102547,1.166614003119059,-0.6676315190096698
exc_23P,864691135848859998,excitatory,23P,24,4,879.0,56486.238223831024,0.104353938105963,92428.03924968652,12,1,11,0.0833333333333333,1,nonlinear-prone,1,0,False,1.2377032805205608,0.5663613250704941,0.27092492879079527,1.514494738900192,-1.463113875051954,-1.1971077370574783
exc_23P,864691135848859998,excitatory,23P,25,5,1490.6,13482.141485100808,0.019126651699343,86186.7114627779,2,1,1,0.5,0,summation-like,1,0,False,,,,,,
exc_23P,864691135848859998,excitatory,23P,26,5,964.3636363636364,29925.355466717825,0.0527812331081005,94408.3184535864,2,0,2,0.0,1,nonlinear-prone,1,0,False,,,,,,
exc_23P,864691135848859998,excitatory,23P,27,5,819.2888888888889,65621.44916947863,0.1255705833627676,106252.78439771806,10,3,7,0.3,2,compartmentalized,1,2,False,0.6669332915518887,1.0501971960540109,0.34012418834806246,-0.9345726008601914,0.7369643828982548,0.11821949962545251
exc_23P,864691135848859998,excitatory,23P,28,5,760.2105263157895,53638.25778733565,0.106553654921822,100261.1887066466,10,4,6,0.4,1,nonlinear-prone,1,2,False,0.6819364121758975,0.9412674583531405,0.33062892776081115,-0.9360625833869303,0.3216389715510454,-0.0462126535876339
exc_23P,864691135848859998,excitatory,23P,29,6,1595.3333333333333,7442.326414433755,0.0102057193527688,96648.94541254516,0,0,0,,0,summation-like,2,0,False,,,,,,
exc_23P,864691135848859998,excitatory,23P,30,6,1246.6666666666667,20068.677398455537,0.0311317981116678,102962.12090455604,3,0,3,0.0,1,nonlinear-prone,2,0,False,,0.3995669722909106,0.1192341438135211,,-0.33434315387930164,-1.5019746792304185
exc_23P,864691135848859998,excitatory,23P,31,7,1266.888888888889,25437.10335567817,0.0391434425892876,113088.66029760112,3,1,2,0.3333333333333333,1,nonlinear-prone,2,0,False,,0.5116066388785839,0.34075101066204294,,0.04961793281608282,0.014616519363660159
exc_23P,864691135848859998,excitatory,23P,32,7,1143.3488372093022,61608.46986092731,0.0997956641351766,131174.3435502257,9,1,8,0.1111111111111111,1,nonlinear-prone,2,0,False,0.7511539067786404,0.8254996480636914,0.3734746446753385,-0.617791258802482,-0.08665223121163781,0.6370871537742441
exc_23P,864691135848859998,excitatory,23P,33,8,1100.8387096774193,45143.83252227908,0.0745241801746828,148379.12823657974,4,0,4,0.0,1,nonlinear-prone,2,0,False,,0.7671715785762178,0.3476210661415826,,0.41230744221225707,0.14535861342469653
exc_23P,864691135848859998,excitatory,23P,34,8,777.52,109791.9183641147,0.2156627884800358,180703.17115749756,8,2,6,0.25,2,compartmentalized,2,2,False,1.071885238882185,1.1034645700741934,0.2950135136426952,0.7913893885354706,1.173324166221224,-0.6263911810170586
exc_23P,864691135848859998,excitatory,23P,35,4,961.1428571428572,19624.616614820527,0.0346711172849825,66065.67912250932,1,1,0,1.0,1,nonlinear-prone,1,0,False,,,,,,
exc_23P,864691135848859998,excitatory,23P,36,4,812.8,63716.19993237492,0.1224104927772227,88111.47078128651,15,6,9,0.4,2,compartmentalized,1,2,False,0.735670745485097,1.3107749213631725,0.2610441074049459,-0.9874475789205777,1.9141951989064911,-1.7689476960954302
exc_23P,864691135848859998,excitatory,23P,37,9,741.7142857142857,18747.746163031472,0.0377043423573554,203602.60386024436,0,0,0,,1,nonlinear-prone,2,0,False,,,,,,
exc_23P,864691135848859998,excitatory,23P,38,9,695.5,8359.26206271777,0.0173612104178852,198408.3618100875,0,0,0,,0,summation-like,2,0,False,,,,,,
exc_23P,864691135848859998,excitatory,23P,39,5,732.5,46611.0320761457,0.0943290655397981,99183.50346799244,19,5,14,0.2631578947368421,1,nonlinear-prone,1,0,False,0.8977625800110046,0.8200353013362216,0.32967720299302994,-0.20675378706301914,-0.675980549896067,-0.09287498829770362
exc_23P,864691135848859998,excitatory,23P,40,5,594.0,9188.216291865469,0.020648980534194,80472.09557585232,0,0,0,,0,summation-like,1,0,False,,,,,,
exc_23P,864691135848859998,excitatory,23P,41,5,590.25,9187.990304008848,0.0207139611657062,80471.982581924,1,0,1,0.0,0,summation-like,1,0,False,,,,,,
exc_23P,864691135848859998,excitatory,23P,42,5,547.0,8731.296576065812,0.0204477583640939,80243.63571795248,0,0,0,,0,summation-like,1,0,False,,,,,,
exc_23P,864691135848859998,excitatory,23P,43,5,581.1428571428571,7674.513275057443,0.0174369297109825,79715.24406744831,0,0,0,,0,summation-like,1,0,False,,,,,,
exc_23P,864691135848859998,excitatory,23P,44,5,666.0,7669.716169950133,0.0162780660094245,79712.84551489465,0,0,0,,0,summation-like,1,0,False,,,,,,
exc_23P,864691135848859998,excitatory,23P,45,5,565.7142857142857,7370.064682102336,0.0169720129234332,79563.01977097074,1,0,1,0.0,0,summation-like,1,0,False,,,,,,
exc_23P,864691135848859998,excitatory,23P,46,9,977.6,5978.660869591797,0.0104733098049285,173940.3749325152,0,0,0,,0,summation-like,2,0,False,,,,,,
exc_23P,864691135848859998,excitatory,23P,47,9,731.5151515151515,46100.29988893955,0.0933582527296913,194001.19444218907,0,0,0,,1,nonlinear-prone,2,2,False,,,,,,
exc_23P,864691135848859998,excitatory,23P,48,10,744.6315789473684,140760.0194392451,0.2825330256759056,247309.71508693363,3,0,3,0.0,2,compartmentalized,2,2,False,,0.7642821670519678,0.07862942888044198,,0.8967908259471903,-1.7114168880109522
exc_23P,864691135848859998,excitatory,23P,49,10,745.8709677419355,42928.97972486033,0.0860952799941607,198394.19522974125,2,0,2,0.0,1,nonlinear-prone,2,2,False,,,,,,
exc_23P,864691135848859998,excitatory,23P,50,2,1053.6,6013.01100562053,0.010146464614507,20377.007523919816,0,0,0,,0,summation-like,0,0,False,,,,,,
exc_23P,864691135848859998,excitatory,23P,51,2,987.2727272727273,14020.51793842226,0.0244402764895034,24380.760990320683,8,0,8,0.0,0,summation-like,0,0,False,1.050331504663904,0.8079566261618153,0.35896080067742026,0.6728186622960021,-0.12507172942293956,0.3629513076434382
exc_23P,864691135848859998,excitatory,23P,52,2,1464.857142857143,8993.277525764612,0.0128700722939219,24744.874802667546,2,1,1,0.5,0,summation-like,0,0,False,,,,,,
exc_23P,864691135848859998,excitatory,23P,53,2,1058.8,4299.414451497862,0.0072370733265339,22397.94326553417,4,0,4,0.0,0,summation-like,0,0,False,,0.250723280910747,0.40494588447498603,,-1.4429975318852895,0.6182674134070867
exc_23P,864691135848859998,excitatory,23P,54,3,909.9545454545456,129748.317791035,0.2355876466146213,88257.67192224758,32,9,23,0.28125,2,compartmentalized,0,2,False,1.1872541005398882,1.0510251217064261,0.3919703489528747,1.690169971641811,0.6271870805708535,2.08486927352417
exc_23P,864691135848859998,excitatory,23P,55,3,1078.1142857142856,49525.04680116231,0.0826138994240164,48146.036427311235,14,1,13,0.0714285714285714,1,nonlinear-prone,0,0,False,0.7924818966135008,1.137280499278605,0.26733998288284233,-0.6781336290362889,1.1458478505619276,-1.477744100534282
exc_23P,864691135848859998,excitatory,23P,56,3,884.875,117566.30301576936,0.2164723970914399,88024.66507343453,24,9,15,0.375,2,compartmentalized,0,2,False,1.041832024978181,0.9668727426944228,0.3222805293335017,0.5579697792463761,0.1942886450449594,-0.3350973726498258
exc_23P,864691135848859998,excitatory,23P,57,3,1420.6666666666667,1561.4254892252825,0.0022690067961182,30022.226310162485,0,0,0,,0,summation-like,0,0,False,,,,,,
exc_23P,864691135848859998,excitatory,23P,58,3,1152.5,27011.85724954921,0.0435807405990124,42747.44219032445,5,0,5,0.0,1,nonlinear-prone,0,0,False,0.30104743538647705,1.358093635314487,0.25333470554682447,-1.895645707949235,2.321503233215857,-0.8361669145206522
exc_23P,864691135848859998,excitatory,23P,59,9,678.0,13548.784281349812,0.028500081936115,202026.86243857883,0,0,0,,1,nonlinear-prone,2,0,False,,,,,,
exc_23P,864691135848859998,excitatory,23P,60,9,704.1818181818181,12502.82047856719,0.0258063283653348,201503.8805371875,0,0,0,,0,summation-like,2,0,False,,,,,,
exc_23P,864691135848859998,excitatory,23P,61,4,1066.0,31582.04401998225,0.0529812572034635,41054.5708300903,14,1,13,0.0714285714285714,1,nonlinear-prone,1,0,False,0.5493871461469491,1.3247607239356907,0.3035830055942009,-1.904717203611391,1.9733783183675524,-0.59978967564754
exc_23P,864691135848859998,excitatory,23P,62,4,843.830985915493,102964.61620136996,0.1941426252332968,76745.85692078415,20,2,18,0.1,2,compartmentalized,1,2,False,0.8908145697015067,1.0156380968583476,0.3861124838047815,-0.29709283461653424,0.39869292655342703,1.4763917731151102
exc_23P,864691135848859998,excitatory,23P,63,5,850.4,72359.35948534982,0.1359075912957534,93025.27258275633,12,3,9,0.25,2,compartmentalized,1,2,False,0.7392176115596806,1.1893611813924783,0.43673198195150065,-0.8057957928649258,1.3241256592076864,2.040618287334756
exc_23P,864691135848859998,excitatory,23P,64,5,827.1111111111111,64046.26624443063,0.1219754745038647,88868.72596229674,7,4,3,0.5714285714285714,2,compartmentalized,1,2,False,0.3294288558691623,1.5434586143039355,0.3452155787619506,-2.086062234715082,2.94231770805437,0.1710424333131754
exc_23P,864691135848859998,excitatory,23P,65,5,770.4878048780488,59814.252229882986,0.1180272859315616,105820.89140399656,9,4,5,0.4444444444444444,2,compartmentalized,1,2,False,0.9907424085097747,0.7425060245743277,0.29851526183839067,0.425865242818616,-0.4464385736398703,-0.611376832128785
exc_23P,864691135848859998,excitatory,23P,66,5,830.9230769230769,53618.9175179654,0.1018821870248647,102723.22404803777,4,0,4,0.0,1,nonlinear-prone,1,0,False,,0.12878424129578217,0.43171701909536303,,-1.9367009662487744,0.8423225072866665
exc_23P,864691135848859998,excitatory,23P,67,5,656.0,7866.384892810725,0.0168222429084778,79846.95773546041,1,1,0,1.0,0,summation-like,1,0,False,,,,,,
exc_23P,864691135848859998,excitatory,23P,68,4,1026.8,5914.069228445391,0.010108904676367,57288.71557891459,3,0,3,0.0,0,summation-like,1,0,False,,0.5984856129064279,0.32576249391795953,,0.3537950311095497,-0.04744042826511168
exc_23P,864691135848859998,excitatory,23P,69,4,820.4705882352941,73506.43889292986,0.1405576546977932,91084.90041115682,22,8,14,0.3636363636363636,2,compartmentalized,1,2,False,0.8987740130106804,1.0902338922421946,0.3401679058641086,-0.3272618353366237,0.8598460796282996,0.19602399620804092
exc_23P,864691135848859998,excitatory,23P,70,3,1174.3333333333333,7510.857987821855,0.0120047876888183,35146.44895344274,5,1,4,0.2,0,summation-like,0,0,False,0.6913319726772786,0.7599293535143185,0.41363004400679,-0.4751787031468829,0.12904283271358388,0.7917744042975856
exc_23P,864691135848859998,excitatory,23P,71,3,886.56,70777.32878237955,0.1301969254899746,66779.6843507216,14,3,11,0.2142857142857142,2,compartmentalized,0,2,False,0.9703417559338907,1.0100015239508162,0.25018139198781403,0.18261443146313436,0.5280791212803216,-1.8814796060426304
exc_23P,864691135848859998,excitatory,23P,72,5,850.4444444444445,92684.8411075522,0.1740789918507826,106588.17074691338,18,3,15,0.1666666666666666,2,compartmentalized,1,2,False,0.8563815189278579,0.9262042135564484,0.3847812268320263,-0.4641569303269948,0.00566440003033769,1.315742519276231
exc_23P,864691135848859998,excitatory,23P,73,5,827.1481481481482,78162.00554815536,0.1488554263038237,99326.75296721495,13,3,10,0.2307692307692307,2,compartmentalized,1,2,False,0.8399078355893265,1.3206615531782022,0.43784944069346915,-0.40368261332751393,2.0073592733722214,2.234051808375247
exc_23P,864691135848859998,excitatory,23P,74,4,887.0958904109589,107371.98252694272,0.1974541726277262,92587.86921082504,14,2,12,0.1428571428571428,2,compartmentalized,1,2,False,0.8643904456107404,0.8011552209342925,0.36334075884677314,-0.31915165374977617,-0.5422260257654875,0.5961971807804561
exc_23P,864691135848859998,excitatory,23P,75,4,891.65625,93123.48302632256,0.1708130744226104,85463.61946051495,21,2,19,0.0952380952380952,2,compartmentalized,1,2,False,0.807094517867386,1.0737749253846576,0.35887225272266854,-0.8333697009370645,0.7576961184768568,0.760526242811664
exc_23P,864691135848859998,excitatory,23P,76,3,978.8571428571428,8981.242952695406,0.0157230724253197,28276.51655665946,2,0,2,0.0,0,summation-like,0,0,False,,,,,,
exc_23P,864691135848859998,excitatory,23P,77,3,1123.3333333333333,1477.653739787415,0.0024147878473862,24524.72195020546,0,0,0,,0,summation-like,0,0,False,,,,,,
exc_23P,864691135848859998,excitatory,23P,78,4,835.8507462686567,97891.8471691893,0.1854568092635998,79748.86263936978,29,5,24,0.1724137931034483,2,compartmentalized,1,2,False,0.7569078918949914,1.0900463168257233,0.30823124587458395,-1.4308342798237355,0.9497064341275346,-0.8649835760876152
exc_23P,864691135848859998,excitatory,23P,79,4,992.2222222222222,23881.49553384097,0.0415257679566348,42743.68682169561,8,2,6,0.25,1,nonlinear-prone,1,0,False,0.7765741328391578,0.6854513298736401,0.34367148738658654,-0.4255463014540422,-0.6232385139364791,0.08241773129661319
exc_23P,864691135848859998,excitatory,23P,80,4,956.9333333333332,20820.14523980457,0.0368640919553546,43177.210652909445,7,1,6,0.1428571428571428,1,nonlinear-prone,1,0,False,1.3306039335036255,0.571304113851998,0.37321452941977823,1.8222602222853201,-0.9570821201649168,0.5218491955722419
exc_23P,864691135848859998,excitatory,23P,81,4,823.8823529411765,47931.56598852656,0.0914638851717644,56732.92102727044,7,2,5,0.2857142857142857,1,nonlinear-prone,1,0,False,0.4328220913985376,1.0621126871620523,0.2751597904595826,-1.6360761120949232,0.9684460680579422,-0.7574322332878392
exc_23P,864691135848859998,excitatory,23P,82,8,901.2903225806452,44797.78840020013,0.081730630162765,184377.47268078945,2,0,2,0.0,1,nonlinear-prone,2,0,False,,,,,,
exc_23P,864691135848859998,excitatory,23P,83,8,912.8333333333334,33273.891817214586,0.0603209930146543,178615.52438929665,1,0,1,0.0,1,nonlinear-prone,2,0,False,,,,,,
exc_23P,864691135848859998,excitatory,23P,84,5,810.6785714285714,81530.95886442182,0.1568407211762688,94352.76270502264,12,5,7,0.4166666666666667,2,compartmentalized,1,2,False,0.9308170889706335,0.7345599260923629,0.29939342714979794,0.08776331248705986,-0.6817624376980082,-0.6615985539573767
exc_23P,864691135848859998,excitatory,23P,85,5,808.2608695652174,31180.620071411508,0.0600716551215065,69177.59330851748,5,1,4,0.2,1,nonlinear-prone,1,0,False,0.6660709080554822,0.5319003938045699,0.28549149396795676,-0.5047441189944525,-0.761415373927219,-0.4979247083900045
exc_23P,864691135848859998,excitatory,23P,86,9,676.7777777777778,52081.56498031184,0.1096532752072514,232817.1493710454,2,1,1,0.5,1,nonlinear-prone,2,2,False,,,,,,
exc_23P,864691135848859998,excitatory,23P,87,9,588.5142857142857,48922.97243857982,0.1104574361361574,231237.8531001794,4,2,2,0.5,1,nonlinear-prone,2,2,False,,0.5836157083808009,0.3344365819745799,,-0.24911368327252756,-0.020553471438658835
exc_23P,864691135848859998,excitatory,23P,88,3,839.9240506329114,116416.8149243763,0.2200170472574879,82756.05795347125,22,6,16,0.2727272727272727,2,compartmentalized,0,2,False,0.9307275006973782,0.7771414496647201,0.3336714384919512,-0.1519928529537188,-0.8887887195441829,0.04180623296414139
exc_23P,864691135848859998,excitatory,23P,89,3,857.52,71367.45795566161,0.1334869242238837,60231.379469113905,23,1,22,0.0434782608695652,2,compartmentalized,0,2,False,1.1027263433811563,1.1605978234518446,0.4179131466450243,0.8893288714046915,1.2698916586708846,2.420649448858437
exc_23P,864691135848859998,excitatory,23P,90,2,1540.4,5243.187821784118,0.0073171050088057,15814.440457411123,0,0,0,,0,summation-like,0,0,False,,,,,,
exc_23P,864691135848859998,excitatory,23P,91,2,411.0,14841.036629256956,0.0400962681182951,20613.364861147544,0,0,0,,1,nonlinear-prone,0,0,False,,,,,,
exc_23P,864691135848859998,excitatory,23P,92,2,349.0,11612.336331988396,0.0340461117135681,18999.01471251326,0,0,0,,1,nonlinear-prone,0,0,False,,,,,,
exc_23P,864691135848859998,excitatory,23P,93,3,1040.2857142857142,19342.614277929817,0.0328472852109459,28107.34150726809,9,0,9,0.0,1,nonlinear-prone,0,0,False,0.8849411483846862,0.6871041530387236,0.3219649187985253,-0.06662276217646435,-0.64454567303138,-0.19297281052480467
exc_23P,864691135848859998,excitatory,23P,94,3,1306.8,12158.047490859462,0.0184212840770597,24515.058113732914,6,0,6,0.0,0,summation-like,0,0,False,1.064446046021288,1.0713133974769862,0.2648213508380009,0.8148423287812833,1.2019113404639863,-0.8720641794997819
exc_23P,864691135848859998,excitatory,23P,95,3,1333.888888888889,24848.92520569469,0.0372656249452258,30860.496971150525,2,0,2,0.0,1,nonlinear-prone,0,0,False,,,,,,
exc_23P,864691135848859998,excitatory,23P,96,3,915.5882352941176,98666.7148371269,0.1785998928119802,67769.39178686663,12,1,11,0.0833333333333333,2,compartmentalized,0,2,False,0.8517797203350354,1.0968632852066111,0.29746725064350604,-0.1980777098645688,0.8249731038082909,-0.751358195440372
exc_23P,864691135848859998,excitatory,23P,97,3,1167.2727272727273,13631.033245498302,0.0218526059778474,25251.550991052332,0,0,0,,0,summation-like,0,0,False,,,,,,
exc_23P,864691135848859998,excitatory,23P,98,3,1266.8,12776.950218268234,0.0196622766649843,24824.5094774373,0,0,0,,0,summation-like,0,0,False,,,,,,
exc_23P,864691135848859998,excitatory,23P,99,3,1274.8,12776.934027788018,0.0196004594794822,24824.50138219719,0,0,0,,0,summation-like,0,0,False,,,,,,
exc_23P,864691135848859998,excitatory,23P,100,3,1201.5555555555557,11266.636536872447,0.0178025815396122,24069.352636739408,0,0,0,,0,summation-like,0,0,False,,,,,,
exc_23P,864691135848859998,excitatory,23P,101,3,1222.0,10936.786790666598,0.0171362097819284,23904.42776363648,0,0,0,,0,summation-like,0,0,False,,,,,,
exc_23P,864691135848859998,excitatory,23P,102,3,1243.428571428571,8246.451623224124,0.0128090618228441,22559.260179915243,0,0,0,,0,summation-like,0,0,False,,,,,,
exc_23P,864691135848859998,excitatory,23P,103,2,991.818181818182,14995.47696014856,0.0260798373498043,22275.75025432862,7,1,6,0.1428571428571428,0,summation-like,0,0,False,0.6606730778877897,0.522027403258212,0.15990375424457298,-0.804054980424508,-1.125966412103659,-2.3531251955520607
exc_23P,864691135848859998,excitatory,23P,104,2,1071.5,9007.883306057412,0.0150725693611183,19281.95342728305,2,0,2,0.0,0,summation-like,0,0,False,,,,,,
exc_23P,864691135848859998,excitatory,23P,105,4,881.012987012987,113583.78772773327,0.2095973654061132,94570.54251009964,20,5,15,0.25,2,compartmentalized,1,2,False,1.2006597970104949,0.9721931568399886,0.3918626921297035,1.456753658525295,0.23655989700538044,1.5634911596346626
exc_23P,864691135848859998,excitatory,23P,106,4,884.3030303030303,95652.480778646,0.176179879584047,85604.889035556,19,7,12,0.3684210526315789,2,compartmentalized,1,2,False,0.8594503031364593,1.2367538793089983,0.33086523407274604,-0.426939649287858,1.63267578289878,-0.021751960259658795
exc_23P,864691135848859998,excitatory,23P,107,3,1029.9130434782608,33083.38649907875,0.056463826536592,46315.181983942275,11,4,7,0.3636363636363636,1,nonlinear-prone,0,0,False,0.6868668771841271,1.12342287129412,0.19484714891961294,-0.9901342102558466,1.0983561297647322,-2.5803104756850184
exc_23P,864691135848859998,excitatory,23P,108,3,1043.3793103448277,39521.9583171804,0.0670159182758254,49534.4678929931,19,1,18,0.0526315789473684,1,nonlinear-prone,0,0,False,0.8312758983319503,0.7509633756342036,0.23004805639827422,-0.673204649504377,-0.9442931526795608,-2.717219979733105
exc_23P,864691135848859998,excitatory,23P,109,4,863.28,110333.7451445993,0.2056805133717771,85760.9544314623,29,4,25,0.1379310344827586,2,compartmentalized,1,2,False,1.0221473564891985,0.7800131347496784,0.386880534717456,0.4186802845349753,-1.0971453426340627,1.82319811832988
exc_23P,864691135848859998,excitatory,23P,110,4,1106.0,45319.68342989241,0.0746397079463198,53253.92357410885,19,1,18,0.0526315789473684,1,nonlinear-prone,1,0,False,0.8530797855326483,1.0739499796349092,0.31714059697160685,-0.5462053641445168,0.7934288080717166,-0.3457631014472114
exc_23P,864691135848859998,excitatory,23P,111,4,860.5970149253732,98769.22311882852,0.1844090996514285,112241.48679289591,10,0,10,0.0,2,compartmentalized,1,2,False,0.4259690201980141,1.7674338384594843,0.42113863621852704,-2.1227516937603537,4.0744791967718665,1.571419655464159
exc_23P,864691135848859998,excitatory,23P,112,4,834.5833333333334,68785.99069326882,0.1304144668225927,97249.87058011604,16,2,14,0.125,2,compartmentalized,1,2,False,0.5849939222795809,1.4331781586662602,0.3310633379867123,-1.9379673851756771,2.571934263873713,-0.06696706645188431
exc_23P,864691135848859998,excitatory,23P,113,5,797.6744186046511,61614.14559095785,0.1194890822757769,85491.50738409502,12,6,6,0.5,2,compartmentalized,1,2,False,0.7409523756646453,0.9580268743844449,0.35942176537884796,-0.815542268819375,0.2859969342552848,0.5701915725493604
exc_23P,864691135848859998,excitatory,23P,114,5,727.7777777777778,50816.64248536022,0.1031732709513117,80092.7558312962,11,3,8,0.2727272727272727,1,nonlinear-prone,1,0,False,1.111474017321306,0.9937075143637059,0.3082970549206089,0.9865428315579785,0.5254730853476627,-0.4740575631330745
exc_23P,864691135848859998,excitatory,23P,115,4,793.8636363636364,63884.2646913741,0.1241885548120895,101237.57939727035,16,6,10,0.375,2,compartmentalized,1,2,False,0.9752390729379364,0.741869085003593,0.36593725108026676,0.2596608842556825,-0.8710511579555581,0.7835376675141248
exc_23P,864691135848859998,excitatory,23P,116,4,752.0,63166.124632562976,0.1261641424052109,100878.5093678648,9,4,5,0.4444444444444444,2,compartmentalized,1,2,False,0.7350470053949585,0.9624850653492826,0.2769525946038185,-0.6512729929174589,0.45251665829387683,-0.9803209891037512
exc_23P,864691135848859998,excitatory,23P,117,2,1132.0,12030.006776378836,0.0195840850219679,21878.12605657411,5,0,5,0.0,0,summation-like,0,0,False,0.661586574228914,0.620563685088884,0.13832367960305345,-0.5646468472282946,-0.4064291795351714,-2.1084746255914935
exc_23P,864691135848859998,excitatory,23P,118,2,899.2444444444444,131521.2406954154,0.2402246906269438,81623.7430160924,24,2,22,0.0833333333333333,2,compartmentalized,0,2,False,0.9967859037096215,1.1623664545196197,0.3128002139510593,0.23728095406296962,1.3009044144670305,-0.6232371619565851
exc_23P,864691135848859998,excitatory,23P,119,3,875.1325301204819,120324.30901115626,0.2227804566887669,88055.28395034166,21,6,15,0.2857142857142857,2,compartmentalized,0,2,False,0.7882784147942309,1.0208541794768018,0.3513267179604291,-0.9343428416673217,0.5201249172066487,0.5155027214605871
exc_23P,864691135848859998,excitatory,23P,120,3,1012.1052631578948,26128.71352704618,0.0449848019767884,40957.48620828662,9,2,7,0.2222222222222222,1,nonlinear-prone,0,0,False,1.1799981983639272,0.7229011393245677,0.38581261014782703,1.2299414620294336,-0.5440683268514523,0.8233735183030623
exc_23P,864691135848859998,excitatory,23P,121,2,1024.6666666666667,7511.562068274646,0.0128528542679594,40054.13592787644,4,1,3,0.25,0,summation-like,0,0,False,,0.6545187362122705,0.33948041887535674,,0.05357132877741688,0.03901514121357184
exc_23P,864691135848859998,excitatory,23P,122,2,1004.2608695652174,66105.76414155812,0.1142553872527637,69351.23696451818,7,0,7,0.0,1,nonlinear-prone,0,2,False,0.6517094632860417,1.070217392977062,0.33475174927225193,-0.8041461228312579,1.0564136688580978,-0.0006391217546185584
exc_23P,864691135848859998,excitatory,23P,123,3,898.3116883116883,113966.34918742956,0.2082685715552927,100793.09155572856,12,2,10,0.1666666666666666,2,compartmentalized,0,2,False,0.816992388792928,0.9675868441161681,0.3144275419155938,-0.42537634665733715,0.3158254716099886,-0.37566946845446325
exc_23P,864691135848859998,excitatory,23P,124,3,891.1636363636363,78467.08433741683,0.1439691413177963,83043.45913072219,15,3,12,0.2,2,compartmentalized,0,2,False,1.0833443134237895,0.6887213171747273,0.3088384557002234,0.7977464905271807,-1.06937599835136,-0.6086099362369254
exc_23P,864691135848859998,excitatory,23P,125,4,829.04,72686.76718305457,0.138270087727949,90365.226563337,9,5,4,0.5555555555555556,2,compartmentalized,1,2,False,0.7553008610724088,0.8252700529268453,0.38981883373659026,-0.5936045554610422,-0.061984273076772,0.8989157260505999
exc_23P,864691135848859998,excitatory,23P,126,4,790.64,71817.21179068324,0.1398942216868244,89930.44886715132,14,3,11,0.2142857142857142,2,compartmentalized,1,2,False,0.5973536978332494,0.9672332567701851,0.30130602253630145,-1.6238000543661286,0.3071515491054158,-0.7497771255761535
exc_23P,864691135848859998,excitatory,23P,127,4,833.4347826086956,66361.15065911895,0.1259037670651085,106089.13515745186,7,1,6,0.1428571428571428,2,compartmentalized,1,2,False,0.9488048521821227,0.7739155189435213,0.33276173705970746,0.32850487696698233,-0.15133378632595826,-0.050870874618859946
exc_23P,864691135848859998,excitatory,23P,128,4,823.4,56861.523902022,0.1085359696954523,101339.3217789034,8,0,8,0.0,1,nonlinear-prone,1,2,False,0.8872792645758153,1.004892500820351,0.2585735519299087,0.06402683619393099,0.7273934754386411,-1.1059100726757296
exc_23P,864691135848859998,excitatory,23P,129,7,1074.3333333333333,25522.24103049378,0.0426491036177106,125757.58011903072,1,0,1,0.0,1,nonlinear-prone,2,0,False,,,,,,
exc_23P,864691135848859998,excitatory,23P,130,7,831.8125,91825.16199892006,0.1743851942158237,158909.04060324386,4,1,3,0.25,2,compartmentalized,2,2,False,,0.32787294749480383,0.15177716491949664,,-1.1990928279757116,-1.6427880939991628
exc_23P,864691135848859998,excitatory,23P,131,7,798.1632653061224,70062.56810477132,0.1358315984650712,148027.74365616948,3,0,3,0.0,2,compartmentalized,2,2,False,,0.4073869837241594,0.07767268935411148,,-0.2839169281151648,-1.697728760310982
exc_23P_2,864691135866483845,excitatory,23P,0,0,2438.3636363636365,21123.473472259655,0.0234302393160204,10561.736736129827,18,8,10,0.4444444444444444,0,summation-like,0,0,False,0.971131229639511,0.9971774754332378,0.27034545803514004,0.16379378566660538,0.3833030215763168,-1.6729138241142762
exc_23P_2,864691135866483845,excitatory,23P,1,1,2608.8571428571427,19749.09909772009,0.0211778938510003,9874.549548860045,7,0,7,0.0,0,summation-like,0,0,False,0.794300441944364,1.5161547980461296,0.1881054637957627,-0.23339044377635149,2.86156486992617,-1.9670402803327391
exc_23P_2,864691135866483845,excitatory,23P,2,1,6929.0,15886.521582775758,0.0104533180372628,7943.260791387879,5,0,5,0.0,0,summation-like,0,0,False,0.46548678758324535,1.147728479013981,0.4009089475187031,-1.2033408461489592,1.6288051633612266,0.7158490037503104
exc_23P_2,864691135866483845,excitatory,23P,3,1,6718.0,12057.794159795563,0.0080576517492268,6028.897079897782,4,3,1,0.75,0,summation-like,0,0,False,,0.8739047289238153,0.04558510970004439,,0.8880370283106362,-2.6057480794248176
exc_23P_2,864691135866483845,excitatory,23P,4,1,2323.5,21558.749893057862,0.0244969977989931,10779.374946528931,5,0,5,0.0,0,summation-like,0,0,False,0.5968106311737702,1.1923234860333254,0.12462940416682991,-0.7336246102303092,1.7974599873942279,-2.160987957317109
exc_23P_2,864691135866483845,excitatory,23P,5,1,936.0,143896.42562217414,0.2576159267728696,71948.21281108707,43,10,33,0.2325581395348837,2,compartmentalized,0,2,False,0.8471423657192666,1.0268678162533798,0.29772479593983603,-1.0660056172014718,0.4211764532081068,-1.5335831486314113
exc_23P_2,864691135866483845,excitatory,23P,6,1,1511.4,40304.48025921746,0.056783772699008,20152.24012960873,16,1,15,0.0625,1,nonlinear-prone,0,0,False,0.8517828017822562,0.9524547376820218,0.3264769439154105,-0.4533207460810727,0.18779755997195233,-0.16946918687946289
exc_23P_2,864691135866483845,excitatory,23P,7,1,2528.5,21824.87119352972,0.0237728274222359,10912.43559676486,17,4,13,0.2352941176470588,0,summation-like,0,0,False,0.8940835570675608,0.7513007246349522,0.30830586784090264,-0.27763495166303376,-0.8701645449599104,-0.5573899248049834
exc_23P_2,864691135866483845,excitatory,23P,8,1,1660.0,4501.400345445569,0.0060513771811973,23374.17364498244,0,0,0,,0,summation-like,0,0,False,,,,,,
exc_23P_2,864691135866483845,excitatory,23P,9,1,1025.3846153846157,16764.448626298155,0.0286752031330078,29505.69778540873,3,0,3,0.0,1,nonlinear-prone,0,0,False,,0.3930782680218852,0.043845761222274474,,-0.3802892087558213,-1.9055112723629295
exc_23P_2,864691135866483845,excitatory,23P,10,2,1668.0,7547.241223444503,0.0101216388048118,29398.494429427472,5,0,5,0.0,0,summation-like,0,0,False,0.9389938430214869,0.6671939680543792,0.3414744451061221,0.4618261839945164,-0.23393646771458843,0.11431933278149846
exc_23P_2,864691135866483845,excitatory,23P,11,2,884.9230769230769,16806.15639669936,0.0309439868417194,34027.9520160549,3,0,3,0.0,1,nonlinear-prone,0,0,False,,0.3786855747692304,0.5822344749936355,,-0.3629478100948736,1.6851421884937083
exc_23P_2,864691135866483845,excitatory,23P,12,4,695.2666666666667,87766.90671671942,0.1823121930975373,83306.70697097885,20,4,16,0.2,2,compartmentalized,1,2,False,0.44589615788162995,1.0676363215869389,0.3377274527128291,-2.945317816762101,0.7304402227757754,0.1340157918336023
exc_23P_2,864691135866483845,excitatory,23P,13,4,886.5714285714286,7648.719740267387,0.0140699485649869,43247.61348275283,1,0,1,0.0,0,summation-like,1,0,False,,,,,,
exc_23P_2,864691135866483845,excitatory,23P,14,3,1520.8,6025.591275272786,0.0084629981304082,36184.91067878612,5,0,5,0.0,0,summation-like,0,0,False,0.5911919897402541,0.7393074622826177,0.4366254645518356,-0.7129285579956001,-0.014462073697500936,1.0792791769256407
exc_23P_2,864691135866483845,excitatory,23P,15,3,1146.5,9170.231938782585,0.014833851193852,37757.231010541014,1,0,1,0.0,0,summation-like,0,0,False,,,,,,
exc_23P_2,864691135866483845,excitatory,23P,16,4,1420.1666666666667,16593.76233644905,0.024117697049077,47494.58748464704,8,1,7,0.125,0,summation-like,1,0,False,0.32644973655609777,0.9305017261856751,0.12023534706514215,-2.2602200272971733,0.4234166294051948,-3.1614483293949167
exc_23P_2,864691135866483845,excitatory,23P,17,4,825.4857142857143,101730.8768756409,0.1939360895328068,90063.14475424297,16,1,15,0.0625,2,compartmentalized,1,2,False,0.8359598605885998,1.0494402980783226,0.32536276646449824,-0.5197698178975333,0.6566968137627431,-0.16033181433024457
exc_23P_2,864691135866483845,excitatory,23P,18,5,804.3333333333334,7515.0725057677155,0.0145136206930111,70827.06773388972,2,0,2,0.0,0,summation-like,1,0,False,,,,,,
exc_23P_2,864691135866483845,excitatory,23P,19,5,627.3333333333334,1630.7023417522155,0.0035660394229567,67884.88265188197,0,0,0,,0,summation-like,1,0,False,,,,,,
exc_23P_2,864691135866483845,excitatory,23P,20,8,481.2307692307692,17455.28240134558,0.0435823669452992,204370.70760322543,1,0,1,0.0,1,nonlinear-prone,2,0,False,,,,,,
exc_23P_2,864691135866483845,excitatory,23P,21,8,1002.6666666666666,1982.5157970134876,0.003429248799666,196634.32430105945,1,1,0,1.0,0,summation-like,2,0,False,,,,,,
exc_23P_2,864691135866483845,excitatory,23P,22,6,746.0,20945.530276180853,0.0420032188804062,85057.36912486401,7,2,5,0.2857142857142857,1,nonlinear-prone,2,0,False,0.9365328939300509,0.6382781385696875,0.38895679676060657,0.29670722460766435,-0.6798878106464316,0.7180035140830787
exc_23P_2,864691135866483845,excitatory,23P,23,6,610.6666666666666,2253.444915787263,0.0049946546698399,75711.32644466721,0,0,0,,0,summation-like,2,0,False,,,,,,
exc_23P_2,864691135866483845,excitatory,23P,24,3,907.0909090909092,15051.900790775377,0.0273732628235907,49888.22550545396,0,0,0,,1,nonlinear-prone,0,0,False,,,,,,
exc_23P_2,864691135866483845,excitatory,23P,25,3,1039.7142857142858,7960.185424627964,0.0135215602005118,46342.367822380256,1,0,1,0.0,0,summation-like,0,0,False,,,,,,
exc_23P_2,864691135866483845,excitatory,23P,26,2,889.0,22282.85935719719,0.0409336683021757,23199.22383839416,3,1,2,0.3333333333333333,1,nonlinear-prone,0,0,False,,0.18441513033323878,0.36055544595622735,,-1.1241938893776968,0.13715909585963484
exc_23P_2,864691135866483845,excitatory,23P,27,2,974.0,7528.000178955043,0.0132117628537348,15821.794249273084,0,0,0,,0,summation-like,0,0,False,,,,,,
exc_23P_2,864691135866483845,excitatory,23P,28,5,1302.0,13472.857622411471,0.0204510144483645,62527.897464077294,4,1,3,0.25,0,summation-like,1,0,False,,0.49144447044815776,0.43160511899021015,,-0.5924908612663237,0.7989482894139049
exc_23P_2,864691135866483845,excitatory,23P,29,5,1476.857142857143,7826.356764587551,0.011154523551481,59704.64703516533,5,2,3,0.4,0,summation-like,1,0,False,0.6229440514739019,1.0011279283808787,0.2349674847926269,-0.6723966804698737,0.9837866573255445,-1.039199049129047
exc_23P_2,864691135866483845,excitatory,23P,30,9,608.3636363636364,14795.921013661842,0.0328564779963471,205023.54270639707,4,4,0,1.0,1,nonlinear-prone,2,0,False,,0.7990677823215657,0.23722447460541168,,0.5055625043014175,-0.7996385426340239
exc_23P_2,864691135866483845,excitatory,23P,31,9,566.5,8335.746457108315,0.0191824982286073,201793.4554281203,0,0,0,,0,summation-like,2,0,False,,,,,,
exc_23P_2,864691135866483845,excitatory,23P,32,4,974.9230769230768,17937.22149145808,0.0314652091619528,66382.78664657069,4,2,2,0.5,1,nonlinear-prone,1,0,False,,0.8535003255008196,0.1549853601806726,,0.7876285908753189,-1.538649121047408
exc_23P_2,864691135866483845,excitatory,23P,33,4,820.0392156862745,73150.73166858568,0.1399142635758987,93989.5417351345,10,5,5,0.5,2,compartmentalized,1,2,False,1.319716350401034,0.5352132441699718,0.3281265096250036,1.864423170335896,-1.420471963270476,-0.0921467833853772
exc_23P_2,864691135866483845,excitatory,23P,34,6,1299.7931034482758,42062.50548460598,0.0639026180649609,90295.57901758602,6,0,6,0.0,1,nonlinear-prone,2,0,False,0.49158600275081404,0.9905652971256409,0.10839118377598177,-1.359917816906626,0.9092179467235308,-2.8953203554090408
exc_23P_2,864691135866483845,excitatory,23P,35,6,994.9433962264152,76688.25247429291,0.1331650577917077,107608.45251242947,5,0,5,0.0,2,compartmentalized,2,2,False,1.1634677308481007,0.6744034578188378,0.30187963036473736,1.1915982318110598,-0.200745665467023,-0.3585081672330702
exc_23P_2,864691135866483845,excitatory,23P,36,3,819.0526315789474,26125.753424846193,0.0500004077511353,47403.530229415854,7,1,6,0.1428571428571428,1,nonlinear-prone,0,0,False,0.709053195305976,0.8848023343167224,0.21842707009903417,-0.6416562542571427,0.3717195044821664,-1.6267362882392236
exc_23P_2,864691135866483845,excitatory,23P,37,3,853.6811594202899,99294.04871462134,0.1861384093877389,83987.67787430342,26,3,23,0.1153846153846153,2,compartmentalized,0,2,False,0.9665935971015294,0.9816855572546377,0.3052477152515647,0.08146411706406616,0.2111620558397595,-0.9746811545391052
exc_23P_2,864691135866483845,excitatory,23P,38,5,787.6842105263158,82684.7151870112,0.161365167150063,116693.75498580532,9,1,8,0.1111111111111111,2,compartmentalized,1,2,False,1.192841308508489,0.9446225019798583,0.45400081984520024,1.312591278871296,0.41244566260505766,2.038342181706261
exc_23P_2,864691135866483845,excitatory,23P,39,5,800.578947368421,53717.58997197443,0.1039860459551106,102210.19237828694,8,3,5,0.375,1,nonlinear-prone,1,2,False,0.8924756589154226,0.8736883688084454,0.30685191641617066,0.026679039202900972,0.12569676016118228,-0.4327626966517524
exc_23P_2,864691135866483845,excitatory,23P,40,4,729.4098360655738,90004.89967990249,0.1825328235367486,105468.8567817902,16,5,11,0.3125,2,compartmentalized,1,2,False,1.0817660164172676,0.9685178288184366,0.36498282688163874,0.7605056607578697,0.22326078552570253,0.7621880866468634
exc_23P_2,864691135866483845,excitatory,23P,41,4,750.1212121212121,46102.91097797986,0.092198371883475,83517.86243082889,11,7,4,0.6363636363636364,1,nonlinear-prone,1,0,False,0.7049725445849552,0.9120521222281809,0.3945012936330448,-0.857793409463185,0.1099974529346235,1.1253745614957236
exc_23P_2,864691135866483845,excitatory,23P,42,4,815.3333333333334,6603.124539166908,0.0126660884593173,63767.96921142241,0,0,0,,0,summation-like,1,0,False,,,,,,
exc_23P_2,864691135866483845,excitatory,23P,43,7,1098.0,10338.047166261038,0.0170882648522534,116495.85534301952,0,0,0,,0,summation-like,2,0,False,,,,,,
exc_23P_2,864691135866483845,excitatory,23P,44,7,1098.428571428571,39529.22638947636,0.0653270477313637,131091.4449546272,6,1,5,0.1666666666666666,1,nonlinear-prone,2,0,False,0.5594109324491973,0.9811587412090095,0.4737722450403138,-1.082967236032304,0.7692979244791949,1.7405461445488124
exc_23P_2,864691135866483845,excitatory,23P,45,8,1106.3333333333333,79218.66108910089,0.1304503132884081,161274.2094707005,5,2,3,0.4,2,compartmentalized,2,2,False,0.6976205388417587,0.8639628495086507,0.3178288674177481,-0.39285256575625177,0.49823948691122644,-0.1619077393732446
exc_23P_2,864691135866483845,excitatory,23P,46,8,726.9268292682926,59088.79328220598,0.1200384556023192,151209.27556725303,3,1,2,0.3333333333333333,2,compartmentalized,2,2,False,,0.7754004276085684,0.3263054673719912,,0.9550266055145721,-0.09077217132563625
exc_23P_2,864691135866483845,excitatory,23P,47,3,932.181818181818,14956.568874854136,0.026831335431304,27064.078776177674,4,1,3,0.25,0,summation-like,0,0,False,,0.7058317584844944,0.2957037634006031,,0.17399862257930224,-0.32934869895846125
exc_23P_2,864691135866483845,excitatory,23P,48,3,929.4666666666668,19837.459273868528,0.0356393492770555,29504.523975684868,6,0,6,0.0,1,nonlinear-prone,0,0,False,0.7459760796940523,1.4518187713143533,0.13429280301867877,-0.41482491156285667,2.5577680113183527,-2.49352141725209
exc_23P_2,864691135866483845,excitatory,23P,49,4,797.1428571428571,19336.24573315288,0.0375115236299153,44210.486080181174,10,5,5,0.5,1,nonlinear-prone,1,0,False,0.8141388936969723,1.4011090855496189,0.36002505194646417,-0.38471175170939126,2.4743764198702056,0.4558003550713361
exc_23P_2,864691135866483845,excitatory,23P,50,4,826.7368421052631,82143.6246010478,0.1564771198463244,75614.17551412864,17,3,14,0.1764705882352941,2,compartmentalized,1,2,False,0.7864148771338362,1.057603504423473,0.24227335524739224,-0.8637594780160923,0.7908192445962716,-2.2792227610798643
exc_23P_2,864691135866483845,excitatory,23P,51,5,779.9649122807018,83817.02613631365,0.1643824095980384,95787.12201491444,14,2,12,0.1428571428571428,2,compartmentalized,1,2,False,1.1773062019509666,0.7366309497536655,0.3666435707418451,1.3169523796812936,-0.8073192354142,0.7455310886540183
exc_23P_2,864691135866483845,excitatory,23P,52,5,723.1636363636363,79758.12106403822,0.1624490783581334,93757.66947877672,10,2,8,0.2,2,compartmentalized,1,2,False,0.6772549307287351,1.1373446235528482,0.3840095450108415,-0.8957333448017727,1.072092518160505,0.9280870422620874
exc_23P_2,864691135866483845,excitatory,23P,53,2,958.0,12048.118657934256,0.0213204864281119,43911.981427524945,3,2,1,0.6666666666666666,0,summation-like,0,0,False,,0.8388526146480935,0.5639882362447635,,1.2118042848843036,1.5069496469445511
exc_23P_2,864691135866483845,excitatory,23P,54,2,709.448275862069,83223.98265690896,0.171138906822959,79499.9134270123,12,4,8,0.3333333333333333,2,compartmentalized,0,2,False,0.7847815009405207,0.9824809838397703,0.2458599001593258,-0.5894194955724954,0.36404995849406335,-1.7521277143008263
exc_23P_2,864691135866483845,excitatory,23P,55,3,862.0,4488.566268907281,0.0083736467515706,52180.323890945714,0,0,0,,0,summation-like,0,0,False,,,,,,
exc_23P_2,864691135866483845,excitatory,23P,56,3,781.6875,92261.35042149734,0.1807439839778929,96066.71596724074,13,5,8,0.3846153846153846,2,compartmentalized,0,2,False,0.47633356132875465,1.3789395127466861,0.3942890055531406,-2.1865936432777535,2.219723797676924,1.2605312122505103
exc_23P_2,864691135866483845,excitatory,23P,57,9,657.0196078431372,74411.99358067352,0.1590063256575818,238089.5368055877,5,2,3,0.4,2,compartmentalized,2,2,False,0.9870554379338867,0.6646215663802487,0.26961384462724786,0.5836715853000536,-0.21420948517912258,-0.7097841897554643
exc_23P_2,864691135866483845,excitatory,23P,58,9,967.4285714285714,18501.99218177408,0.0325813943020209,210134.53610613797,2,1,1,0.5,1,nonlinear-prone,2,0,False,,,,,,
exc_23P_2,864691135866483845,excitatory,23P,59,4,757.0,4009.5885464787425,0.0079820142053444,56429.40129863872,1,0,1,0.0,0,summation-like,1,0,False,,,,,,
exc_23P_2,864691135866483845,excitatory,23P,60,4,648.3636363636364,94936.69986286314,0.2042139631183104,101892.95695683092,6,3,3,0.5,2,compartmentalized,1,2,False,0.6422532422400962,0.6902402257048033,0.2249461455208151,-0.6954873395942321,-0.32877079578737567,-1.2590688769983718
exc_23P_2,864691135866483845,excitatory,23P,61,2,891.5,4496.232591739933,0.0082480013423653,23806.86618892783,1,0,1,0.0,0,summation-like,0,0,False,,,,,,
exc_23P_2,864691135866483845,excitatory,23P,62,2,835.7777777777778,37622.63848521741,0.0712794708479207,40370.06913566656,9,1,8,0.1111111111111111,1,nonlinear-prone,0,0,False,0.8493290753621617,0.6549740921582775,0.2974258822536177,-0.17005662791903894,-0.8131494355817879,-0.5653301283582484
exc_23P_2,864691135866483845,excitatory,23P,63,5,814.0,96947.38704753926,0.1861163527586229,106907.88909564773,24,8,16,0.3333333333333333,2,compartmentalized,1,2,False,0.8795643933359861,1.0898067819593797,0.3082189213781955,-0.4793097012447387,0.8829640677486004,-0.8601499096420426
exc_23P_2,864691135866483845,excitatory,23P,64,5,883.5294117647059,47224.3427948832,0.0870193919695548,82046.3669693197,12,0,12,0.0,1,nonlinear-prone,1,0,False,0.6126696613162832,1.4207356472821746,0.31048206253959004,-1.4505253501172208,2.4801779453792023,-0.4595764676023764
exc_23P_2,864691135866483845,excitatory,23P,65,3,763.0117647058823,124075.47891480406,0.2460259799931059,88092.72194219983,16,4,12,0.25,2,compartmentalized,0,2,False,0.7368323535657855,1.3085346235725959,0.3797608455267655,-1.0345305537807672,1.9409891524016436,1.1210679177084169
exc_23P_2,864691135866483845,excitatory,23P,66,3,888.0,10612.66039696236,0.0195064577579065,31361.312683278975,1,0,1,0.0,0,summation-like,0,0,False,,,,,,
exc_23P_2,864691135866483845,excitatory,23P,67,5,772.6153846153846,76438.84518603365,0.1506236157586641,85291.39594590335,10,6,4,0.6,2,compartmentalized,1,2,False,0.9103197349566826,0.8344721393407983,0.3046050257851056,0.04410154973173782,-0.13095594465688762,-0.49809121928559313
exc_23P_2,864691135866483845,excitatory,23P,68,5,712.4905660377359,75464.16680241852,0.1548502281569857,84804.05675409577,18,9,9,0.5,2,compartmentalized,1,2,False,1.113993556811586,0.8643217578208021,0.30271674283558603,0.9780509678006767,-0.3626034488875927,-0.8396204241385917
exc_23P_2,864691135866483845,excitatory,23P,69,5,335.0,9065.316510285977,0.0271282135613427,51604.63160802951,0,0,0,,0,summation-like,1,0,False,,,,,,
exc_23P_2,864691135866483845,excitatory,23P,70,8,831.4285714285714,80828.57630308377,0.1535370119424918,135322.4288831308,8,1,7,0.125,2,compartmentalized,2,2,False,0.8208646554207616,0.9412682649428266,0.23950968242587495,-0.19590086124757372,0.3822989856767851,-1.39379676793352
exc_23P_2,864691135866483845,excitatory,23P,71,8,733.0769230769231,34314.572304816276,0.0694167766462965,112065.42688399706,2,1,1,0.5,1,nonlinear-prone,2,0,False,,,,,,
exc_23P_2,864691135866483845,excitatory,23P,72,10,734.4516129032259,44282.97702605962,0.0894985177174554,241527.02071005484,1,0,1,0.0,1,nonlinear-prone,2,1,False,,,,,,
exc_23P_2,864691135866483845,excitatory,23P,73,10,699.7142857142857,28798.218688095963,0.0596301473210445,233784.641541073,1,1,0,1.0,1,nonlinear-prone,2,1,False,,,,,,
exc_23P_2,864691135866483845,excitatory,23P,74,4,815.0140845070423,105025.90912052876,0.2014997538353529,102835.41509495862,16,3,13,0.1875,2,compartmentalized,1,2,False,1.0475247079753605,0.7439772853744754,0.37237765962095587,0.6064393509739482,-0.8477862824289776,0.9393630406493437
exc_23P_2,864691135866483845,excitatory,23P,75,4,876.1724137931035,84156.09089081698,0.1557225094431256,92400.50598010272,7,0,7,0.0,2,compartmentalized,1,2,False,0.5629379118617138,0.8866359370778987,0.20097668451211337,-1.2463550472034073,0.3840480434639065,-1.947323547364476
exc_23P_2,864691135866483845,excitatory,23P,76,4,934.88,73492.2482375558,0.1316510193673797,79088.4710987102,10,3,7,0.3,2,compartmentalized,1,2,False,0.7924873325597913,1.0060432832160746,0.4041273388597757,-0.48139390906329393,0.6131180153551644,1.1881403344292658
exc_23P_2,864691135866483845,excitatory,23P,77,4,800.0327868852459,88639.61168339147,0.1716463526247799,86662.15282162804,11,5,6,0.4545454545454545,2,compartmentalized,1,2,False,0.482488953832463,0.8331111739807133,0.16184922231502252,-1.9388423631336051,-0.16919209843374977,-3.0013750611999868
exc_23P_2,864691135866483845,excitatory,23P,78,6,1222.842105263158,26763.373971436773,0.0419195196964189,76999.5124031775,5,2,3,0.4,1,nonlinear-prone,2,0,False,0.2357936714983622,0.9105133950467497,0.10533219199145868,-1.9997938797920927,0.6218600000151482,-2.5382102420564205
exc_23P_2,864691135866483845,excitatory,23P,79,6,836.9473684210526,82352.13115951559,0.1559144603476454,104793.8909972169,8,3,5,0.375,2,compartmentalized,2,2,False,1.283052587552588,0.8105679781804266,0.3467676109366606,1.6082018389926944,0.0014086827307084545,0.24574068928676246
exc_23P_2,864691135866483845,excitatory,23P,80,7,959.6,20840.36453968703,0.0368485853094691,100801.3816587394,2,0,2,0.0,1,nonlinear-prone,2,0,False,,,,,,
exc_23P_2,864691135866483845,excitatory,23P,81,7,1160.0,4526.941342693037,0.0072800858369649,92644.6700602424,0,0,0,,0,summation-like,2,0,False,,,,,,
exc_23P_2,864691135866483845,excitatory,23P,82,5,707.6585365853658,59521.75567293886,0.1225531518962275,145595.47305395754,4,0,4,0.0,2,compartmentalized,1,2,False,,0.30525539276613306,0.1224505666136784,,-1.224363125160052,-1.8519360962167515
exc_23P_2,864691135866483845,excitatory,23P,83,5,675.2380952380952,28536.066457970453,0.0601487030111898,130102.62844647332,2,1,1,0.5,1,nonlinear-prone,1,0,False,,,,,,
exc_23P_2,864691135866483845,excitatory,23P,84,8,727.9607843137255,150966.3952444987,0.3064692604878318,186704.76155083225,5,2,3,0.4,2,compartmentalized,2,2,False,0.5704539767363331,0.9046682224783974,0.3431086014889864,-0.9933161833076886,0.69986683324231,0.09539464514194017
exc_23P_2,864691135866483845,excitatory,23P,85,8,637.2,56931.14118530367,0.1235300545301702,139687.13452123475,3,3,0,1.0,2,compartmentalized,2,2,False,,0.516732496066579,0.24035994329946175,,0.07808069826164471,-0.6198833934605548
exc_23P_2,864691135866483845,excitatory,23P,86,2,848.0,7520.9160472502435,0.0141459931059799,19646.97960640088,1,0,1,0.0,0,summation-like,0,0,False,,,,,,
exc_23P_2,864691135866483845,excitatory,23P,87,2,959.2,19536.134004977554,0.0345497308042491,25654.588585264537,2,0,2,0.0,1,nonlinear-prone,0,0,False,,,,,,
exc_23P_2,864691135866483845,excitatory,23P,88,3,803.6179775280899,131299.93003862578,0.2536882193911669,89057.4026493389,28,6,22,0.2142857142857142,2,compartmentalized,0,2,False,0.892964981649064,1.0094533501200447,0.3481112913270129,-0.4695719838243514,0.37171803981613316,0.4267909631929622
exc_23P_2,864691135866483845,excitatory,23P,89,3,817.1764705882352,123559.47533470156,0.2367438774063009,85187.17529737677,23,5,18,0.217391304347826,2,compartmentalized,0,2,False,1.1915420284339695,0.8752531485702303,0.3589136356232247,1.476365841348546,-0.344041188134532,0.7951007960683527
exc_23P_2,864691135866483845,excitatory,23P,90,2,931.0769230769232,37262.19665221586,0.0668861655623751,40455.96951963765,4,2,2,0.5,1,nonlinear-prone,0,0,False,,0.7382195137176935,0.25446651472053944,,0.3514208597128637,-0.72033350895012
exc_23P_2,864691135866483845,excitatory,23P,91,2,1053.5,8476.794694371965,0.0143045770774459,26063.2685407157,2,0,2,0.0,0,summation-like,0,0,False,,,,,,
exc_23P_2,864691135866483845,excitatory,23P,92,3,729.8032786885246,88647.06873699665,0.1797306321427197,103504.9227467736,13,5,8,0.3846153846153846,2,compartmentalized,0,2,False,1.1121519872159342,0.7962997025363893,0.3588134457553928,0.9261004675183221,-0.45586382570791395,0.5614215724943843
exc_23P_2,864691135866483845,excitatory,23P,93,3,814.08,34177.95933301431,0.0656104797550626,76270.36804478243,5,0,5,0.0,1,nonlinear-prone,0,0,False,0.4302659357762607,0.6836215235374996,0.45974330614584924,-1.4392720128132872,-0.10527202977684355,1.3609742642960827
exc_23P_2,864691135866483845,excitatory,23P,94,3,779.2682926829268,58734.19975297671,0.1152413083889811,88454.16772223393,14,8,6,0.5714285714285714,1,nonlinear-prone,0,2,False,0.825281923055047,0.9041392489178944,0.26350332004163035,-0.5067423874781477,0.04291173370296928,-1.4383289249851663
exc_23P_2,864691135866483845,excitatory,23P,95,3,754.2352941176471,48015.19633216322,0.0957603910259455,83094.66601182718,6,2,4,0.3333333333333333,1,nonlinear-prone,0,0,False,0.7521323975718295,0.8303259490278573,0.3497753057004548,-0.30112443435701824,0.18146765883528942,0.2130600826357231
exc_23P_2,864691135866483845,excitatory,23P,96,3,753.35,58505.76607545545,0.1167510785911512,71683.9132521323,13,9,4,0.6923076923076923,2,compartmentalized,0,2,False,0.8361970336329443,1.216725814147489,0.38914701913066735,-0.4726226399291609,1.6207118756059962,1.1875183954544413
exc_23P_2,864691135866483845,excitatory,23P,97,3,749.0,8640.442066966069,0.0172924162567597,46751.251247887616,2,0,2,0.0,0,summation-like,0,0,False,,,,,,
exc_23P_2,864691135866483845,excitatory,23P,98,4,796.2933333333333,110321.78933343929,0.2141338791836078,91828.5375484798,15,4,11,0.2666666666666666,2,compartmentalized,1,2,False,0.8375483515781952,0.9804257701444147,0.32777701378476604,-0.48569650896414207,0.40637979795419205,-0.07815490261163364
exc_23P_2,864691135866483845,excitatory,23P,99,4,757.4520547945206,106167.87478041652,0.2112886543820649,89751.58027196841,23,6,17,0.2608695652173913,2,compartmentalized,1,2,False,0.8706917996939219,1.3579719637266907,0.3251600015465198,-0.47357847156780025,2.3817049824009464,-0.23760540686035014
exc_23P_2,864691135866483845,excitatory,23P,100,4,629.2,5449.914568796709,0.0119002467040481,103661.7535742584,2,0,2,0.0,0,summation-like,1,0,False,,,,,,
exc_23P_2,864691135866483845,excitatory,23P,101,4,629.925925925926,37186.16224468718,0.081151629669244,119529.87741220364,4,0,4,0.0,1,nonlinear-prone,1,0,False,,0.6796404377130526,0.18093464683194857,,0.07748733231841796,-1.2897158933523474
exc_23P_2,864691135866483845,excitatory,23P,102,5,633.3333333333334,16340.987396252647,0.035564994777985,114557.20455678308,3,0,3,0.0,1,nonlinear-prone,1,0,False,,0.8757363089268435,0.30912422694292846,,1.23958988115272,-0.11930109484373431
exc_23P_2,864691135866483845,excitatory,23P,103,5,551.5,9126.6853320993,0.0212863376242427,110950.0535247064,3,1,2,0.3333333333333333,0,summation-like,1,0,False,,0.08318018143642472,0.08810649190392239,,-1.4256004331686272,-1.6149701857255359
exc_23P_2,864691135866483845,excitatory,23P,104,6,669.2727272727273,15038.585314279106,0.0318394859417994,130246.99091204896,2,1,1,0.5,1,nonlinear-prone,2,0,False,,,,,,
exc_23P_2,864691135866483845,excitatory,23P,105,6,454.0,5551.806691546671,0.0142714150563722,125503.60160068273,1,0,1,0.0,0,summation-like,2,0,False,,,,,,
exc_23P_2,864691135866483845,excitatory,23P,106,8,826.5454545454545,64694.521860976514,0.1232522238064577,183203.3190798536,8,1,7,0.125,2,compartmentalized,2,2,False,0.9236577905669152,0.8063340796757791,0.24137551417179118,0.17208203113214304,-0.025127109935423213,-1.4599257578361073
exc_23P_2,864691135866483845,excitatory,23P,107,8,745.2,26439.52856518187,0.0530490866917497,164075.8224319563,1,0,1,0.0,1,nonlinear-prone,2,0,False,,,,,,
exc_23P_2,864691135866483845,excitatory,23P,108,7,725.0,4518.574038809455,0.0091916404323755,140025.57058859323,1,0,1,0.0,0,summation-like,2,0,False,,,,,,
exc_23P_2,864691135866483845,excitatory,23P,109,7,540.0,1769.7644238863068,0.0041713747507757,138651.16578113165,0,0,0,,0,summation-like,2,0,False,,,,,,
exc_23P_2,864691135866483845,excitatory,23P,110,8,788.0,16534.319033433283,0.0322614461979673,150552.0171247146,7,2,5,0.2857142857142857,1,nonlinear-prone,2,0,False,0.865458043169745,0.7873216061733932,0.384234408049601,0.06260311794620603,-0.09889815335247887,0.7311924684464682
exc_23P_2,864691135866483845,excitatory,23P,111,8,498.0,3262.2790357591,0.0080069489801548,143915.9971258775,0,0,0,,0,summation-like,2,0,False,,,,,,
exc_23P_2,864691135866483845,excitatory,23P,112,2,799.4202898550725,101059.6535818324,0.1957721224310257,90834.30705013366,30,6,24,0.2,2,compartmentalized,0,2,False,1.1353110039263523,0.7028113555850054,0.2858737449100291,1.2017923478112984,-1.579683921550291,-1.7272778995600244
exc_23P_2,864691135866483845,excitatory,23P,113,2,822.9655172413793,83470.37376056782,0.1593683830589702,82039.66713950137,22,4,18,0.1818181818181818,2,compartmentalized,0,2,False,1.1366626419675678,1.0627821837181362,0.27230884564651614,1.1320912031987878,0.7638337766790889,-1.7991021518962156
exc_23P_2,864691135866483845,excitatory,23P,114,2,948.0,12037.710558221304,0.0214141260814888,25767.95437683074,0,0,0,,0,summation-like,0,0,False,,,,,,
exc_23P_2,864691135866483845,excitatory,23P,115,2,1053.529411764706,22613.17601234618,0.0381591645927146,31055.68710389318,8,0,8,0.0,1,nonlinear-prone,0,0,False,0.8758662809336678,0.8124347453553282,0.33744713124030323,-0.03303536422318869,-0.039938959555111425,-0.013991352839861956
exc_23P_2,864691135866483845,excitatory,23P,116,3,785.9767441860465,126842.84491890317,0.2478116694298214,95208.23211539297,27,4,23,0.1481481481481481,2,compartmentalized,0,2,False,0.7306075234564562,1.2523494710417853,0.30044176990672716,-1.5361116010432467,1.8614785581108735,-1.0939365240249153
exc_23P_2,864691135866483845,excitatory,23P,117,3,815.4216867469879,121323.50418363333,0.2327096773766918,92448.56174775804,18,6,12,0.3333333333333333,2,compartmentalized,0,2,False,0.8260810877601071,0.9297435776578553,0.33952724483095126,-0.6383163724054437,-0.02774934294946666,0.1343782682782344
exc_23P_2,864691135866483845,excitatory,23P,118,3,922.9620253164557,116481.4807847124,0.2100030460221867,93663.3959801095,23,4,19,0.1739130434782608,2,compartmentalized,0,2,False,1.0833453977212182,1.3239965990635016,0.3955800060440874,0.8080038391581498,2.22995419975234,1.8797586677045655
exc_23P_2,864691135866483845,excitatory,23P,119,3,862.4324324324324,108499.35432442476,0.2023602657237856,89672.33274996569,25,4,21,0.16,2,compartmentalized,0,2,False,0.8587599904749608,1.2424765022910393,0.2851773987892061,-0.6622262633688901,1.840055343845666,-1.5431650978514162
exc_23P_2,864691135866483845,excitatory,23P,120,7,827.7647058823529,49690.48765297673,0.0945976687118626,170797.8225760643,1,0,1,0.0,1,nonlinear-prone,2,2,False,,,,,,
exc_23P_2,864691135866483845,excitatory,23P,121,7,740.1379310344828,40765.12796201366,0.0820716389748325,166335.14273058277,0,0,0,,1,nonlinear-prone,2,0,False,,,,,,
exc_4P,864691135738528881,excitatory,4P,0,0,2272.6666666666665,18052.385931375473,0.0207408889274829,9026.192965687736,20,1,19,0.05,0,summation-like,0,0,False,0.6793237767345498,1.5176056480012237,0.261089844609174,-1.5282022515728066,3.1433816098445346,-1.9725577357589106
exc_4P,864691135738528881,excitatory,4P,1,1,3139.6666666666665,16618.10228798052,0.016244273167894,8309.05114399026,22,0,22,0.0,0,summation-like,0,0,False,0.7412849271753784,1.3454747336903838,0.3362050523919561,-1.2826870833886161,2.2868736089299,0.12004243976474101
exc_4P,864691135738528881,excitatory,4P,2,1,3747.5,15650.298089271651,0.0140027205099902,7825.149044635826,13,0,13,0.0,0,summation-like,0,0,False,0.7246399705223423,1.4421917712972665,0.20005927916645908,-0.9880675850104509,2.5864097255199754,-2.7878629104253254
exc_4P,864691135738528881,excitatory,4P,3,1,2224.25,26726.682729389428,0.0310394406174815,13363.341364694714,5,0,5,0.0,1,nonlinear-prone,0,0,False,0.8484910448848472,0.7814324369706768,0.3280509597003552,0.07840374019527964,0.25183835928750303,-0.07540435254229008
exc_4P,864691135738528881,excitatory,4P,4,1,6541.0,15316.99396095722,0.0103731842967216,7658.496980478611,6,0,6,0.0,0,summation-like,0,0,False,0.2611204722932004,0.8831524476836105,0.05895670578333449,-2.2059368225308424,0.41067561561068766,-3.3307360583364076
exc_4P,864691135738528881,excitatory,4P,5,1,2395.1428571428573,20936.153665519385,0.0234310533945302,10468.076832759692,9,0,9,0.0,0,summation-like,0,0,False,0.9168296238946111,0.7374108642248888,0.29184871763967163,0.09980776826036702,-0.5029974284282678,-0.726268330817181
exc_4P,864691135738528881,excitatory,4P,6,1,875.0681818181819,142351.9830110076,0.2635743852962888,71175.9915055038,42,2,40,0.0476190476190476,2,compartmentalized,0,2,False,0.7333765626174336,1.144122347240172,0.3165295736535309,-2.063608415303248,1.3352279831938754,-0.7028273041071234
exc_4P,864691135738528881,excitatory,4P,7,1,909.7297297297296,120643.12675612688,0.2190821619697579,60321.563378063445,24,1,23,0.0416666666666666,2,compartmentalized,0,2,False,0.8616834584884898,1.5088300891704567,0.3711035076954186,-0.6055748885222275,3.247725018020056,1.2161139216921717
exc_4P,864691135738528881,excitatory,4P,8,1,2571.3333333333335,20606.95532033676,0.0222584678667958,10303.47766016838,13,1,12,0.0769230769230769,0,summation-like,0,0,False,0.7583769209707515,0.9390844707992604,0.21436773360370381,-0.7732371418311436,0.17009904326595743,-2.448529881264777
exc_4P,864691135738528881,excitatory,4P,9,8,877.0,10143.98574859129,0.018761582225925,98851.20952950658,2,0,2,0.0,0,summation-like,2,0,False,,,,,,
exc_4P,864691135738528881,excitatory,4P,10,8,591.0,2819.3641800081077,0.0063521107965093,95188.898745215,0,0,0,,0,summation-like,2,0,False,,,,,,
exc_4P,864691135738528881,excitatory,4P,11,1,978.6666666666666,7529.084447365099,0.013182124145307,21816.928155058024,5,0,5,0.0,0,summation-like,0,0,False,0.8856279918547629,1.0384785672633075,0.2774038417104156,0.21974509462287078,1.2318478397941603,-0.5860554624487073
exc_4P,864691135738528881,excitatory,4P,12,1,990.5,8989.44006638052,0.0156446563789909,22547.105964565733,1,0,1,0.0,0,summation-like,0,0,False,,,,,,
exc_4P,864691135738528881,excitatory,4P,13,3,723.9344262295082,89896.3538151552,0.1830008427206543,101885.78083223743,13,2,11,0.1538461538461538,2,compartmentalized,0,2,False,0.808735128650102,1.002136083058654,0.3030662723521229,-0.4662899629796968,0.441964766161399,-0.5621756027841178
exc_4P,864691135738528881,excitatory,4P,14,3,1438.6666666666667,1824.6416132404893,0.0026348634431362,57849.92473128008,0,0,0,,0,summation-like,0,0,False,,,,,,
exc_4P,864691135738528881,excitatory,4P,15,2,955.1428571428572,19452.5128264754,0.0344748330402636,35307.72679197827,7,1,6,0.1428571428571428,1,nonlinear-prone,0,0,False,1.0023193883386363,1.0384947977499495,0.3942635878981936,0.5785832644153719,0.813087040125839,0.8450615880243904
exc_4P,864691135738528881,excitatory,4P,16,2,805.3968253968254,90896.9183497784,0.1754303906074926,71029.92955362977,28,5,23,0.1785714285714285,2,compartmentalized,0,2,False,0.7396010762644726,1.0249637792233175,0.25914506698425427,-1.5078478743210837,0.5243368067379129,-2.4171179829019236
exc_4P,864691135738528881,excitatory,4P,17,6,862.0434782608696,67590.67432554196,0.1260906319398909,100211.0155138263,16,7,9,0.4375,2,compartmentalized,2,2,False,0.5735319982503997,1.321572415972239,0.26056272044470435,-1.8995147186687338,1.9861147067387157,-1.7160026937441426
exc_4P,864691135738528881,excitatory,4P,18,6,759.4222222222222,65016.22025315085,0.1292232604810772,98923.78847763076,4,2,2,0.5,2,compartmentalized,2,2,False,,0.5691726912064031,0.17507145610839514,,-0.28812160643311635,-1.4587243904926432
exc_4P,864691135738528881,excitatory,4P,19,5,810.75,46006.05028589058,0.0884977233678206,79253.99911408871,14,2,12,0.1428571428571428,1,nonlinear-prone,1,0,False,0.8792307338936604,0.9480267539818721,0.35060619246498576,-0.2408300588948655,0.17166948780787344,0.3780701976437454
exc_4P,864691135738528881,excitatory,4P,20,5,707.4285714285714,8042.444647615022,0.0165617951985801,60272.19629495093,1,1,0,1.0,0,summation-like,1,0,False,,,,,,
exc_4P,864691135738528881,excitatory,4P,21,3,607.4526315789474,140042.20233548904,0.3112170275328364,115055.0843729605,22,4,18,0.1818181818181818,2,compartmentalized,0,2,False,0.5461358574363626,1.0769251723854019,0.19127574702461653,-2.5420035417981355,0.7825630541633,-4.229126463059845
exc_4P,864691135738528881,excitatory,4P,22,3,774.7636363636364,79748.79764689867,0.1569278977874228,84908.3820286653,29,8,21,0.2758620689655172,2,compartmentalized,0,2,False,0.9616251110338871,0.9439862833037298,0.2944818031846068,-0.024536054313854506,-0.03227079712541475,-1.2973357107711307
exc_4P,864691135738528881,excitatory,4P,23,4,895.4090909090909,64008.95701490698,0.117163039106738,90766.72404535384,13,5,8,0.3846153846153846,2,compartmentalized,1,2,False,0.9048641191749632,0.8060621613760454,0.36707991389300976,-0.05456418557645017,-0.42484668454664576,0.6641283573586383
exc_4P,864691135738528881,excitatory,4P,24,4,1145.7142857142858,7100.044854492526,0.0114890350830103,62312.267965146595,6,1,5,0.1666666666666666,0,summation-like,1,0,False,0.970634807025886,0.5823078518636413,0.4335113870163588,0.5234567232880614,-0.7499495388643858,1.216193166929795
exc_4P,864691135738528881,excitatory,4P,25,2,886.0909090909091,130139.15776481538,0.2394580704511397,80386.5728433649,31,9,22,0.2903225806451613,2,compartmentalized,0,2,False,1.0622129498768513,0.99894602687161,0.258161457101312,0.6351749182684506,0.2769651815307398,-2.647108171207253
exc_4P,864691135738528881,excitatory,4P,26,2,808.875,115838.28308048406,0.2230858542913941,73236.13550119926,27,9,18,0.3333333333333333,2,compartmentalized,0,2,False,1.1308445687539452,0.6278152745390334,0.303047365195741,1.2062593427731734,-2.000545911900886,-0.9308206607227625
exc_4P,864691135738528881,excitatory,4P,27,2,1601.5,4504.499494721591,0.0061651507214298,18870.352035341315,6,2,4,0.3333333333333333,0,summation-like,0,0,False,0.7366594271529284,0.8107260218996704,0.3498646836004832,-0.4297423349717748,0.18434761065629693,0.13721002717546427
exc_4P,864691135738528881,excitatory,4P,28,2,920.0,12184.780196694452,0.0220031273796247,22710.492386327747,7,0,7,0.0,0,summation-like,0,0,False,0.8687562641533908,1.0844099161128797,0.273319328954616,0.024954336919697655,1.1142186955643818,-0.9043174106416317
exc_4P,864691135738528881,excitatory,4P,29,3,1402.7142857142858,19405.66208500503,0.0283794831644495,30825.43282520463,4,0,4,0.0,1,nonlinear-prone,0,0,False,,0.5374368717959374,0.18180379218030596,,-0.3945113728651346,-1.2766334165252138
exc_4P,864691135738528881,excitatory,4P,30,3,1110.7692307692307,16594.215130015065,0.0272712737557727,29419.70934770965,12,2,10,0.1666666666666666,0,summation-like,0,0,False,1.1430072376561087,0.5535947589731236,0.2854717823667275,1.0715061507487036,-1.4963842886643328,-0.9268255790276897
exc_4P,864691135738528881,excitatory,4P,31,4,1477.2,13559.431682993538,0.0193233519997339,47307.979709203915,5,0,5,0.0,0,summation-like,1,0,False,1.0498563415320765,0.5265962808610855,0.49100224369119627,0.8344152676805152,-0.7622299785253398,1.6976351256633377
exc_4P,864691135738528881,excitatory,4P,32,4,966.3333333333334,51710.3243633059,0.0911117543490057,66383.4260493601,14,5,9,0.3571428571428571,1,nonlinear-prone,1,0,False,0.6536057425607027,1.0277011744190785,0.2553825664690302,-1.3224961982404624,0.516543838987513,-1.704337205008554
exc_4P,864691135738528881,excitatory,4P,33,5,1185.0454545454545,130564.45079267956,0.2077390155490164,119369.92094704046,42,15,27,0.3571428571428571,2,compartmentalized,1,2,False,0.9257294353396586,1.2195481176330727,0.2805942144192409,-0.3452687664775068,1.646472927852933,-2.165642840363485
exc_4P,864691135738528881,excitatory,4P,34,5,1204.8,12327.98280035466,0.0194533843626746,60251.68695087801,5,0,5,0.0,0,summation-like,1,0,False,0.8588651248378725,0.5408065786744604,0.28711416265448153,0.11525845851591479,-0.735018541442257,-0.5415067946651998
exc_4P,864691135738528881,excitatory,4P,35,2,799.3734939759037,122133.02140048365,0.2366022425549792,82002.6643657612,46,8,38,0.1739130434782608,2,compartmentalized,0,2,False,0.840107107902955,0.9513940103777515,0.3056490808613602,-1.2059586450724649,-0.13213449238036454,-1.1687974972541089
exc_4P,864691135738528881,excitatory,4P,36,2,1002.5454545454544,30469.206960518164,0.0527071752966917,36170.757145778465,4,1,3,0.25,1,nonlinear-prone,0,0,False,,1.1217253929467956,0.2586247991364754,,1.7237470149196863,-0.642541513521973
exc_4P,864691135738528881,excitatory,4P,37,3,825.9411764705883,100422.56878513531,0.1913891857212891,79014.16687724263,17,5,12,0.2941176470588235,2,compartmentalized,0,2,False,0.7833837746294045,0.7784497797276161,0.34378643583863305,-0.9245918502889691,-0.7106547779177511,0.24630024883934543
exc_4P,864691135738528881,excitatory,4P,38,3,698.8421052631579,53701.97662935747,0.1112657159846196,55653.87079935371,22,13,9,0.5909090909090909,1,nonlinear-prone,0,2,False,1.3133195527348047,0.6459914654444039,0.34542252770328774,2.1856458348850514,-1.621232873993429,0.3815316195540378
exc_4P,864691135738528881,excitatory,4P,39,2,1176.0,6028.083252348081,0.0096280028044845,18664.33971544569,3,0,3,0.0,0,summation-like,0,0,False,,0.7440807787401682,0.22404796482480832,,0.856815792985731,-0.7438178095526341
exc_4P,864691135738528881,excitatory,4P,40,2,1036.6896551724135,41287.305835388186,0.0702348710254137,36293.95100696574,11,4,7,0.3636363636363636,1,nonlinear-prone,0,0,False,0.8520299199361163,1.0039461172816033,0.2811167818139908,-0.28073925253915444,0.608139397735274,-1.0260786922028666
exc_4P,864691135738528881,excitatory,4P,41,3,1121.0,4493.238279472917,0.0073505065885462,23925.000481356194,2,0,2,0.0,0,summation-like,0,0,False,,,,,,
exc_4P,864691135738528881,excitatory,4P,42,3,793.0704225352113,102323.66689723093,0.1990127248284325,72840.2147902352,37,8,29,0.2162162162162162,2,compartmentalized,0,2,False,1.008029721655234,0.9432013563087107,0.343445154177648,0.29575281239468204,-0.10973474312476955,0.37931940322405144
exc_4P,864691135738528881,excitatory,4P,43,3,791.8222222222222,65246.87235105065,0.127000807626029,82369.98070863998,16,6,10,0.375,2,compartmentalized,0,2,False,1.056148421180268,0.8981869517194842,0.35006107423498295,0.626316981175509,-0.11150126535190154,0.4443124891912562
exc_4P,864691135738528881,excitatory,4P,44,3,888.0,12267.182403844445,0.0225475296879957,55880.13573503687,2,0,2,0.0,0,summation-like,0,0,False,,,,,,
exc_4P,864691135738528881,excitatory,4P,45,4,1087.5,22547.64892711942,0.0374496064945259,37445.44408465236,10,2,8,0.2,1,nonlinear-prone,1,0,False,0.4230935691003077,0.6878448627921525,0.16707238304375452,-2.0178994349977586,-0.8236332903342036,-2.8731804616116015
exc_4P,864691135738528881,excitatory,4P,46,4,768.5714285714286,7527.281559241362,0.014871564900381,29935.26040071333,3,0,3,0.0,0,summation-like,1,0,False,,0.7664575572523501,0.47284989728833615,,0.9559881356782524,0.9403545524498841
exc_4P,864691135738528881,excitatory,4P,47,5,798.1408450704225,104584.9970465234,0.2027637186845226,101011.76707147378,38,8,30,0.2105263157894736,2,compartmentalized,1,2,False,0.7411925504244101,1.049303544458124,0.31429822220629716,-1.835896104610285,0.6067513140496146,-0.6884015882336334
exc_4P,864691135738528881,excitatory,4P,48,5,817.8378378378378,52959.54401326667,0.1014311302061427,75199.04055484541,22,13,9,0.5909090909090909,1,nonlinear-prone,1,0,False,0.8844055404804417,1.001325120431538,0.36269645206096257,-0.4134600409151059,0.38658526452738656,0.7970917439144168
exc_4P,864691135738528881,excitatory,4P,49,2,810.0952380952381,91027.4118296563,0.1751720378678796,66120.66123516491,32,3,29,0.09375,2,compartmentalized,0,2,False,1.0626378540907475,0.9120136305198118,0.3501353437716982,0.6978155197990991,-0.3199413800113652,0.6256988263693336
exc_4P,864691135738528881,excitatory,4P,50,2,823.4426229508197,88240.25218083494,0.1684266056926488,64727.081410754225,24,3,21,0.125,2,compartmentalized,0,2,False,0.826561222409411,1.3324581788444367,0.29625205923913317,-0.8040689014811482,2.247438293465251,-1.1720192017531612
exc_4P,864691135738528881,excitatory,4P,51,6,812.2857142857143,8927.47606951033,0.017156745710994,99925.58433379502,4,1,3,0.25,0,summation-like,2,0,False,,1.241921176124424,0.3037887498835455,,2.042304442388726,-0.2784546490607199
exc_4P,864691135738528881,excitatory,4P,52,6,806.0,33078.60694118644,0.0638175780243884,112001.14976963308,7,1,6,0.1428571428571428,1,nonlinear-prone,2,0,False,0.8838545450663583,1.1355526176927804,0.42759680734108396,0.10143282181534516,1.2918720854926895,1.2674576134771185
exc_4P,864691135738528881,excitatory,4P,53,7,859.2,6020.655270042301,0.0112501225754787,107399.65000357134,2,0,2,0.0,0,summation-like,2,0,False,,,,,,
exc_4P,864691135738528881,excitatory,4P,54,7,559.0,2940.2084359113787,0.0068113444436657,105859.42658650588,0,0,0,,0,summation-like,2,0,False,,,,,,
exc_4P,864691135738528881,excitatory,4P,55,8,923.5,4520.245791554938,0.0081471221546323,112670.10053436997,0,0,0,,0,summation-like,2,0,False,,,,,,
exc_4P,864691135738528881,excitatory,4P,56,8,548.0,3422.5970481161517,0.0080080378941921,112121.27616265057,0,0,0,,0,summation-like,2,0,False,,,,,,
exc_4P,864691135738528881,excitatory,4P,57,9,838.4,6017.82212942939,0.0113834614083728,117939.13449486213,2,0,2,0.0,0,summation-like,2,0,False,,,,,,
exc_4P,864691135738528881,excitatory,4P,58,9,513.0,3117.8990699472906,0.0075398724182895,116489.17296512106,1,0,1,0.0,0,summation-like,2,0,False,,,,,,
exc_4P,864691135738528881,excitatory,4P,59,10,942.0,6016.193623510462,0.0107363579141052,123956.14237133204,1,0,1,0.0,0,summation-like,2,0,False,,,,,,
exc_4P,864691135738528881,excitatory,4P,60,10,539.5,2944.240327811868,0.0069428560337218,122420.16572348274,1,0,1,0.0,0,summation-like,2,0,False,,,,,,
exc_4P,864691135738528881,excitatory,4P,61,11,948.4,5960.02525604639,0.0106001730386895,129944.25181111047,2,0,2,0.0,0,summation-like,2,0,False,,,,,,
exc_4P,864691135738528881,excitatory,4P,62,11,619.0,2714.789655067393,0.0059765628158443,128321.63401062098,0,0,0,,0,summation-like,2,0,False,,,,,,
exc_4P,864691135738528881,excitatory,4P,63,12,902.0,8271.959233990598,0.0150857096263151,137060.24405612895,9,1,8,0.1111111111111111,0,summation-like,2,0,False,0.20261794009803577,1.7704941759790294,0.2645338471136602,-2.812339686465209,3.8284373909672533,-1.08886170492505
exc_4P,864691135738528881,excitatory,4P,64,12,688.6666666666666,2191.1671790590026,0.00457332020798,134019.84802866317,1,0,1,0.0,0,summation-like,2,0,False,,,,,,
exc_4P,864691135738528881,excitatory,4P,65,5,681.0526315789474,55599.14878773244,0.1166912876963159,120038.16262487926,11,4,7,0.3636363636363636,2,compartmentalized,1,2,False,0.4868241935860395,1.313898256032192,0.3499813268192773,-1.8724556954686138,1.8589655516859376,0.31324617307916297
exc_4P,864691135738528881,excitatory,4P,66,5,820.0,3223.2580680268165,0.0061652228531022,93850.21726502644,0,0,0,,0,summation-like,1,0,False,,,,,,
exc_4P,864691135738528881,excitatory,4P,67,4,947.3333333333334,2771.437216784798,0.0049319000046944,63399.4455453515,0,0,0,,0,summation-like,1,0,False,,,,,,
exc_4P,864691135738528881,excitatory,4P,68,4,757.741935483871,43268.25358384066,0.0860932955102117,83647.85372887942,16,4,12,0.25,1,nonlinear-prone,1,0,False,0.7613677824592416,0.9957990641266111,0.344205238908694,-0.875659470526558,0.43227229777384213,0.2687062378756891
exc_4P,864691135738528881,excitatory,4P,69,5,728.5806451612904,44351.78234609102,0.0899980064978354,86961.0553267894,14,6,8,0.4285714285714285,1,nonlinear-prone,1,0,False,0.7066686726640835,1.0134318201765509,0.3623137675674684,-1.126666761736114,0.5335425958047704,0.652166039832721
exc_4P,864691135738528881,excitatory,4P,70,5,875.3333333333334,6423.476786637323,0.0118917029683841,67996.90254706255,1,0,1,0.0,0,summation-like,1,0,False,,,,,,
exc_4P,864691135738528881,excitatory,4P,71,2,764.9459459459459,109298.57122597436,0.2164510707322596,81691.11161074319,21,3,18,0.1428571428571428,2,compartmentalized,0,2,False,0.5403604527656763,1.2852502720307672,0.38765259841261424,-2.4658307606708374,1.956920009836541,1.494849878246997
exc_4P,864691135738528881,excitatory,4P,72,2,832.3428571428572,101692.61750131004,0.1930629441795759,77888.13474841102,29,8,21,0.2758620689655172,2,compartmentalized,0,2,False,0.7628164870049366,1.2113911412440341,0.3039907105251262,-1.375166182117148,1.6328851161368363,-0.943561385500726
exc_4P,864691135738528881,excitatory,4P,73,4,777.8333333333334,87079.29741501226,0.1710142375439488,81256.46562022332,22,4,18,0.1818181818181818,2,compartmentalized,1,2,False,0.85348713660913,1.2371720399472947,0.29864928068334107,-0.6109794032695074,1.6112667522214574,-1.0528404937300753
exc_4P,864691135738528881,excitatory,4P,74,4,919.1428571428572,18534.157058426248,0.0334843565681517,46983.895441930305,5,1,4,0.2,1,nonlinear-prone,1,0,False,0.8997336277540106,0.9709195232610223,0.42079424935647997,0.29052476435592356,0.961742801542241,0.9961499780625
exc_4P,864691135738528881,excitatory,4P,75,4,839.4285714285714,7596.6855195957,0.0143612718125135,41515.15967251503,1,0,1,0.0,0,summation-like,1,0,False,,,,,,
exc_4P,864691135738528881,excitatory,4P,76,2,752.3170731707318,120919.36957227028,0.2414660304797198,87186.36751552456,41,9,32,0.2195121951219512,2,compartmentalized,0,2,False,0.9472025861435867,1.0452127966117617,0.31643450956332686,-0.16983371549164916,0.5311175186155533,-0.6486063922559293
exc_4P,864691135738528881,excitatory,4P,77,2,939.7647058823528,23019.861803725216,0.0411295326023794,38236.61363125204,4,0,4,0.0,1,nonlinear-prone,0,0,False,,1.0078387724389926,0.3114192608773774,,1.267590862684857,-0.2483429571197591
exc_4P,864691135738528881,excitatory,4P,78,3,784.6896551724138,84916.19265593251,0.1660359676094801,93863.4569540038,18,4,14,0.2222222222222222,2,compartmentalized,0,2,False,0.6993131505837851,1.2702529847086503,0.25100825062688314,-1.286845346791485,1.7484701428133678,-2.104223122387591
exc_4P,864691135738528881,excitatory,4P,79,3,823.2941176470588,22937.360567993812,0.0437851218604801,62874.040910034455,11,2,9,0.1818181818181818,1,nonlinear-prone,0,0,False,0.8976539391967205,0.8562472486531979,0.31401022914166316,-0.0166310682131639,-0.10376197498729087,-0.34922414414972747
exc_4P,864691135738528881,excitatory,4P,80,6,768.5714285714286,9037.169253757944,0.017854632912992,75727.22556726019,2,1,1,0.5,0,summation-like,2,0,False,,,,,,
exc_4P,864691135738528881,excitatory,4P,81,6,563.2,3900.482853902839,0.0090021796879916,73158.88236733264,1,0,1,0.0,0,summation-like,2,0,False,,,,,,
exc_4P,864691135738528881,excitatory,4P,82,7,823.0,13533.406461071783,0.0258385319685793,87012.51342467505,6,0,6,0.0,0,summation-like,2,0,False,0.9537594805285475,0.5816734698949528,0.28667421785161906,0.423791536506441,-0.7465317315550128,-0.5514422658015995
exc_4P,864691135738528881,excitatory,4P,83,7,577.3333333333334,1562.646748247504,0.0035621165356828,81027.13356826291,0,0,0,,0,summation-like,2,0,False,,,,,,
exc_5PET,864691135884866160,excitatory,5PET,0,0,5585.333333333333,11985.517715942577,0.0087840111232159,5992.758857971288,24,1,23,0.0416666666666666,0,summation-like,0,0,False,0.6857791881165141,0.8548771037250795,0.1836256099043312,-1.6470286254977535,-0.5284675899705802,-4.722739817563167
exc_5PET,864691135884866160,excitatory,5PET,1,1,1188.4646464646464,306785.8545011766,0.4874194157119292,153392.9272505883,15,4,11,0.2666666666666666,2,compartmentalized,0,2,False,0.27824592598911707,2.9618902208473488,0.3204547103076774,-3.4032411139549366,10.23431935528019,-0.2603770661953815
exc_5PET,864691135884866160,excitatory,5PET,2,1,3423.3333333333335,30466.7093511002,0.0285207920674001,15233.3546755501,18,1,17,0.0555555555555555,1,nonlinear-prone,0,0,False,0.6900540024481377,1.4909823415348482,0.25913773838672516,-1.3871958312537136,2.9406696220430457,-1.8906116230208312
exc_5PET,864691135884866160,excitatory,5PET,3,1,3248.4,30070.058386890072,0.0288974917102418,15035.029193445036,32,0,32,0.0,1,nonlinear-prone,0,0,False,0.583052802330398,1.7277900980023257,0.16790123106810517,-2.868096889415284,4.871245043237439,-5.750517072833603
exc_5PET,864691135884866160,excitatory,5PET,4,1,7186.0,15953.636725921217,0.0103080548215328,7976.818362960608,21,0,21,0.0,0,summation-like,0,0,False,0.5493663808348389,1.2454716174452252,0.19048088352812692,-2.470739385454302,1.7431768760853903,-3.945279221909475
exc_5PET,864691135884866160,excitatory,5PET,5,1,2307.5833333333335,48613.18244717934,0.0554288647146689,24306.59122358967,43,1,42,0.0232558139534883,1,nonlinear-prone,0,0,False,0.9376364495797275,1.7097867478307867,0.2342453477869832,-0.2968748542790912,5.402548415986803,-4.280814518635782
exc_5PET,864691135884866160,excitatory,5PET,6,1,3378.3636363636365,26321.077073770564,0.0248033925876359,13160.538536885282,36,0,36,0.0,0,summation-like,0,0,False,0.7954403389374457,0.9875304747424773,0.2710009218713602,-1.3220089735656828,0.15864850322187676,-2.3444899202263425
exc_5PET,864691135884866160,excitatory,5PET,7,1,6799.333333333333,17299.131101540974,0.0114908392980683,8649.565550770487,28,0,28,0.0,0,summation-like,0,0,False,0.5539265702842642,2.5590977111008253,0.11911228842609975,-2.789235018016775,9.724537398727925,-6.967770782100886
exc_5PET,864691135884866160,excitatory,5PET,8,1,9629.0,17099.10126293192,0.0095442832206222,8549.55063146596,14,0,14,0.0,0,summation-like,0,0,False,0.6051152470923058,0.9186143933869312,0.129838257756057,-1.5890252586165037,0.07155144542121519,-4.5672271911753555
exc_5PET,864691135884866160,excitatory,5PET,9,1,3684.6666666666665,7470.962942534781,0.0067412138878941,15720.999187209967,2,0,2,0.0,0,summation-like,0,0,False,,,,,,
exc_5PET,864691135884866160,excitatory,5PET,10,1,2149.285714285714,18683.99278051585,0.0220741120194442,21327.514106200502,12,2,10,0.1666666666666666,0,summation-like,0,0,False,0.8588665810903768,0.8448386929092134,0.35325713966396927,-0.2446746769553842,-0.26173090744771693,0.39554009564184844
exc_5PET,864691135884866160,excitatory,5PET,11,2,3779.3333333333335,7363.0006308177635,0.0065600608234319,23137.98097388624,5,0,5,0.0,0,summation-like,0,0,False,0.8515757355696151,0.6504726263285276,0.2284978766436533,0.16181401697157957,-0.2805298269416129,-1.057053996251652
exc_5PET,864691135884866160,excitatory,5PET,12,2,1122.2650602409635,120940.01763464676,0.1977347202910964,79926.48947580074,33,12,21,0.3636363636363636,2,compartmentalized,0,2,False,1.088421524964177,1.1616750311179846,0.32069798927866655,0.8878584092804253,1.4434431004225978,-0.4542872165833357
exc_5PET,864691135884866160,excitatory,5PET,13,18,1070.7272727272727,30061.659879678984,0.0503192491187397,251468.0000696708,11,4,7,0.3636363636363636,1,nonlinear-prone,2,1,False,1.1650912133635818,0.7059595100278702,0.2958218239350287,1.1423562049954763,-0.7597480421307046,-0.6175270090949387
exc_5PET,864691135884866160,excitatory,5PET,14,18,751.7714285714286,49974.61590846911,0.0998314052140272,261424.47808406583,14,9,5,0.6428571428571429,1,nonlinear-prone,2,1,False,1.2094229390159286,1.0141302815006963,0.3724348695818045,1.3885909064907118,0.5273144033997595,0.8611180034867275
exc_5PET,864691135884866160,excitatory,5PET,15,18,859.7777777777778,23130.21244637683,0.0432063063944399,248002.27635301973,10,5,5,0.5,1,nonlinear-prone,2,1,False,0.7005628735946882,1.340291127966684,0.2942975856980276,-0.931819171970256,2.145601180592216,-0.728934788513012
exc_5PET,864691135884866160,excitatory,5PET,16,3,3414.0,4520.158136883112,0.0042372344811008,29079.56035773668,0,0,0,,0,summation-like,0,0,False,,,,,,
exc_5PET,864691135884866160,excitatory,5PET,17,3,1090.7045454545455,128581.6251998658,0.2132484958447312,91110.29388922802,46,21,25,0.4565217391304347,2,compartmentalized,0,2,False,0.822695345936984,1.3192927684578966,0.3291825491659608,-1.355513282470963,2.529274750141701,-0.17137855619734949
exc_5PET,864691135884866160,excitatory,5PET,18,4,3582.0,1510.042052394568,0.001381932652464,32094.660452375516,1,0,1,0.0,0,summation-like,1,0,False,,,,,,
exc_5PET,864691135884866160,excitatory,5PET,19,4,1575.911111111111,64500.81804057006,0.0889938491546503,63590.04844646326,32,11,21,0.34375,1,nonlinear-prone,1,0,False,1.0194552651802007,1.0643694154919365,0.37095766473865593,0.4259580119794783,0.6379466177976292,1.348249748186078
exc_5PET,864691135884866160,excitatory,5PET,20,5,3430.5,4514.457536816916,0.0042217011609501,35106.91024698126,4,0,4,0.0,0,summation-like,1,0,False,,0.8538158324197805,0.24815745287258717,,0.7564480321736288,-0.8110386628182209
exc_5PET,864691135884866160,excitatory,5PET,21,5,1069.1052631578948,110907.6428950412,0.1857855228294344,88303.50292609341,32,12,20,0.375,2,compartmentalized,1,2,False,0.9471409468913521,1.06036813195505,0.3286679124860954,-0.11189115047704254,0.6915668634371793,-0.15364522870921773
exc_5PET,864691135884866160,excitatory,5PET,22,6,3344.0,7523.81001944055,0.0071263198984347,41126.04402510999,8,0,8,0.0,0,summation-like,2,0,False,0.7611152417239987,1.0179588255631151,0.4423138905863129,-0.4755836529648968,0.7081895107515785,1.6571411425038016
exc_5PET,864691135884866160,excitatory,5PET,23,6,1048.5925925925926,118740.26064380031,0.2008423214362661,96734.26933728988,48,19,29,0.3958333333333333,2,compartmentalized,2,2,False,1.1129752781335307,0.8921848530491118,0.2971924790902564,1.1428124570025011,-0.5780659034346054,-1.5884156913138223
exc_5PET,864691135884866160,excitatory,5PET,24,7,3118.4,5940.604708458858,0.0058267364056011,47858.2513890597,6,1,5,0.1666666666666666,0,summation-like,2,0,False,1.0905617321753434,0.5013683464054562,0.3560242789277836,0.9398029902711363,-1.05463012751297,0.2981525142026136
exc_5PET,864691135884866160,excitatory,5PET,25,7,1160.0,95053.76400182792,0.1528624978048098,92414.83103574422,31,17,14,0.5483870967741935,2,compartmentalized,2,2,False,1.0079743213739178,0.8994521020094735,0.29428855858260067,0.29281854788285905,-0.3348996547516664,-1.3681275620550506
exc_5PET,864691135884866160,excitatory,5PET,26,8,2700.0,9005.837849565629,0.00949298661426,55331.47266807193,6,1,5,0.1666666666666666,0,summation-like,2,0,False,0.3874583251055559,0.9095199452882594,0.2588841660609427,-1.6402999666254732,0.529663449916854,-0.9772032767663332
exc_5PET,864691135884866160,excitatory,5PET,27,8,1573.142857142857,18505.502078402787,0.0255550902223801,60081.304782490515,7,0,7,0.0,0,summation-like,2,0,False,0.9948660067934906,0.5937989103898139,0.3101466448856958,0.5009907588869346,-0.84653022629514,-0.342719795398426
exc_5PET,864691135884866160,excitatory,5PET,28,19,1367.428571428571,8951.143154295829,0.0132582683563932,270974.4015866582,2,1,1,0.5,0,summation-like,2,1,False,,,,,,
exc_5PET,864691135884866160,excitatory,5PET,29,19,734.0,2683.905469895112,0.0054260002925161,267840.7827444578,0,0,0,,0,summation-like,2,1,False,,,,,,
exc_5PET,864691135884866160,excitatory,5PET,30,24,1612.3076923076924,17973.544697433324,0.0245171734975487,449425.3401689625,0,0,0,,0,summation-like,2,1,False,,,,,,
exc_5PET,864691135884866160,excitatory,5PET,31,24,930.8,27486.13369102318,0.0493453341938879,454181.6346657574,0,0,0,,1,nonlinear-prone,2,1,False,,,,,,
exc_5PET,864691135884866160,excitatory,5PET,32,5,920.0,65999.3486475226,0.1191808183505567,128840.1317905096,14,10,4,0.7142857142857143,2,compartmentalized,1,2,False,1.0243116086575756,0.7165337409007904,0.36257239231877375,0.4853086870402619,-0.8687755841408037,0.6936368088361017
exc_5PET,864691135884866160,excitatory,5PET,33,5,881.0,7962.80612854243,0.0146939587114308,99821.86053101953,2,0,2,0.0,0,summation-like,1,0,False,,,,,,
exc_5PET,864691135884866160,excitatory,5PET,34,9,2690.5454545454545,14953.618810878042,0.0157901685655764,67311.20099829377,8,2,6,0.25,0,summation-like,2,0,False,0.8917054889910841,0.7533181111515163,0.3886524049007812,0.09695227185420965,-0.38250210505854454,0.7815178992251611
exc_5PET,864691135884866160,excitatory,5PET,35,9,1270.9714285714283,102801.51529645284,0.1579400421986242,111235.14924108118,35,19,16,0.5428571428571428,2,compartmentalized,2,2,False,0.7525016212790984,1.2182523495346338,0.29815979148220384,-1.5069099476202013,1.6765671990236257,-1.3338856331203761
exc_5PET,864691135884866160,excitatory,5PET,36,20,1125.3333333333333,11220.073613194583,0.0183195896735848,281060.0099704034,5,2,3,0.4,0,summation-like,2,1,False,0.8561544833091232,0.5755606678116775,0.347722006193024,0.13466214303383184,-0.5576722649119751,0.13125462519690306
exc_5PET,864691135884866160,excitatory,5PET,37,20,804.0,2819.71471313565,0.0054467541558121,276859.8305203739,0,0,0,,0,summation-like,2,1,False,,,,,,
exc_5PET,864691135884866160,excitatory,5PET,38,25,1326.6666666666667,7511.2785339071315,0.0112951911647654,462167.7517846327,0,0,0,,0,summation-like,2,1,False,,,,,,
exc_5PET,864691135884866160,excitatory,5PET,39,25,1107.909090909091,63605.85917116762,0.1046660145962057,490215.0421032629,1,1,0,1.0,1,nonlinear-prone,2,1,False,,,,,,
exc_5PET,864691135884866160,excitatory,5PET,40,10,2708.5714285714284,8936.660973688136,0.0094051508032251,79256.34089057686,7,3,4,0.4285714285714285,0,summation-like,2,0,False,1.25013158237749,0.38517409151866094,0.2978513548516628,1.4876159355546121,-1.6997277778396152,-0.5565853606919713
exc_5PET,864691135884866160,excitatory,5PET,41,10,1676.5806451612902,43756.93918453965,0.058532266130116,96666.47999600264,17,7,10,0.4117647058823529,1,nonlinear-prone,2,0,False,1.0622235092385235,0.6273863526761814,0.3427358468045165,0.6046213365704536,-1.5274301715877379,0.22031592349011878
exc_5PET,864691135884866160,excitatory,5PET,42,26,672.1967213114754,89347.65669267715,0.1887537546397618,510597.2193979248,4,2,2,0.5,2,compartmentalized,2,1,False,,0.44741050584483416,0.27801262798189696,,-0.7441696655131578,-0.48280969737126117
exc_5PET,864691135884866160,excitatory,5PET,43,26,963.7142857142856,7570.28251771349,0.0133566813859473,469708.532310443,0,0,0,,0,summation-like,2,1,False,,,,,,
exc_5PET,864691135884866160,excitatory,5PET,44,11,2599.0,4523.071949478637,0.004859493256867,85986.20735216026,1,0,1,0.0,0,summation-like,2,0,False,,,,,,
exc_5PET,864691135884866160,excitatory,5PET,45,11,1119.2771084337348,121168.81758610564,0.1983730571973813,144309.08017047375,60,28,32,0.4666666666666667,2,compartmentalized,2,2,False,0.7302136930853266,1.48907919436698,0.2909212981326605,-2.418595662908005,4.367287904700484,-2.1655785372485905
exc_5PET,864691135884866160,excitatory,5PET,46,3,1400.5454545454545,31504.25332084854,0.0461085233658485,88425.17726301971,13,4,9,0.3076923076923077,1,nonlinear-prone,0,0,False,0.841055424072293,0.9826698560881987,0.4208654064962659,-0.39629000481089943,0.4186188908193796,1.8685006095372736
exc_5PET,864691135884866160,excitatory,5PET,47,3,1401.354838709677,42823.61321535513,0.0626570402998857,94084.857210273,8,0,8,0.0,1,nonlinear-prone,0,0,False,0.9440119132595765,0.758556336256686,0.3424403004648261,0.23884763137225887,-0.30389141822169263,0.12750205527520447
exc_5PET,864691135884866160,excitatory,5PET,48,12,2464.4,6007.104040225,0.0066278120010348,91251.29534701208,1,0,1,0.0,0,summation-like,2,0,False,,,,,,
exc_5PET,864691135884866160,excitatory,5PET,49,12,1057.3333333333333,91486.11197712371,0.1541025540046695,133990.79931546142,34,10,24,0.2941176470588235,2,compartmentalized,2,2,False,0.7215164612687159,1.0909767358027582,0.29351158354162704,-1.9357619967511164,0.9449517164110732,-1.5139939475319824
exc_5PET,864691135884866160,excitatory,5PET,50,13,960.5901639344262,88286.91527399175,0.156022740759345,178337.97435799244,26,22,4,0.8461538461538461,2,compartmentalized,2,2,False,0.7756049048265565,1.434211731080127,0.26370643126421744,-1.2346174768885225,2.8453030565337762,-2.2290552731224196
exc_5PET,864691135884866160,excitatory,5PET,51,13,943.8666666666668,19191.7905891274,0.0342153352032557,143790.41201556026,4,2,2,0.5,1,nonlinear-prone,2,0,False,,0.6171505914799313,0.2774842402836929,,-0.10728533201312532,-0.5424972108626136
exc_5PET,864691135884866160,excitatory,5PET,52,13,2595.076923076923,17668.3691638711,0.0189968666583784,103089.03194906013,6,1,5,0.1666666666666666,0,summation-like,2,0,False,0.8843026705178039,0.6304076987369737,0.2827161432769501,0.18108408749499055,-0.5798550063332518,-0.6085729034963823
exc_5PET,864691135884866160,excitatory,5PET,53,13,1102.741573033708,130305.48099261914,0.2149247534445826,159407.58786343414,40,20,20,0.5,2,compartmentalized,2,2,False,0.7754003490836332,1.108843750438455,0.30476115929825587,-1.5629409982572697,1.0085551170713807,-1.1070593642795767
exc_5PET,864691135884866160,excitatory,5PET,54,4,996.0,51697.90062147421,0.0897230163595836,157974.94616466382,5,2,3,0.4,1,nonlinear-prone,1,0,False,0.7191594888589384,0.43203081423321854,0.192836134559162,-0.35794093711097885,-1.0998344446315045,-1.5388982434937213
exc_5PET,864691135884866160,excitatory,5PET,55,4,765.1428571428571,8119.656891504154,0.0160778155153568,136185.8242996788,0,0,0,,0,summation-like,1,0,False,,,,,,
exc_5PET,864691135884866160,excitatory,5PET,56,14,2606.1,28266.444099063585,0.0303274759636479,126056.43858052748,14,7,7,0.5,1,nonlinear-prone,2,0,False,0.9758652774743038,1.1287060927126644,0.3354638215927112,0.25030600747021486,1.1398361095919394,-0.02480715885254603
exc_5PET,864691135884866160,excitatory,5PET,57,14,1024.8181818181818,127832.860464764,0.2187155814099402,175839.64676337768,40,23,17,0.575,2,compartmentalized,2,2,False,1.0598570827044203,0.9981789571401782,0.2627439514047637,0.7068237798313469,0.20663846972576866,-2.7268250602132125
exc_5PET,864691135884866160,excitatory,5PET,58,4,1107.071428571429,40242.20259102727,0.0662452203719892,124298.40521895762,13,5,8,0.3846153846153846,1,nonlinear-prone,1,0,False,0.5396185704565671,1.0054868805634758,0.25668285106333294,-1.9067660701193756,0.4810296698135522,-1.6265493187446964
exc_5PET,864691135884866160,excitatory,5PET,59,4,972.0714285714286,38943.43179654008,0.0684141220667167,123649.019821714,12,8,4,0.6666666666666666,1,nonlinear-prone,1,0,False,1.1470241105954937,1.2921059282272156,0.2382455943359724,1.0812252591792761,1.794797860396424,-2.056085131930289
exc_5PET,864691135884866160,excitatory,5PET,60,2,996.6315789473684,140752.87104702357,0.2442027597562392,118989.61797069112,31,15,16,0.4838709677419355,2,compartmentalized,0,2,False,0.9604343100763838,0.7735388461554202,0.3344815590726661,-0.05784149368079641,-1.2321968049733427,0.034969778216581905
exc_5PET,864691135884866160,excitatory,5PET,61,2,1391.6666666666667,24059.86815541611,0.0353253324682018,60643.11652488739,2,1,1,0.5,1,nonlinear-prone,0,0,False,,,,,,
exc_5PET,864691135884866160,excitatory,5PET,62,15,2644.6666666666665,43415.410366052136,0.0462401321956308,161897.36581308531,44,20,24,0.4545454545454545,1,nonlinear-prone,2,0,False,0.8470664318277621,1.3621816407933838,0.2952808519600352,-0.9884119185567533,2.781575561149372,-1.6538829505343158
exc_5PET,864691135884866160,excitatory,5PET,63,15,1196.7058823529412,98834.90590197596,0.1564866406791134,189607.11358104725,34,20,14,0.5882352941176471,2,compartmentalized,2,2,False,0.8702439199690302,0.8956284868493609,0.3412605352535119,-0.7236536766311924,-0.4349513516085867,0.23991842564746713
exc_5PET,864691135884866160,excitatory,5PET,64,19,1354.2,13478.190021723032,0.0200609177629641,218563.8151838503,3,2,1,0.6666666666666666,0,summation-like,2,0,False,,0.3007326760894633,0.29392086019037145,,-0.7139687966095805,-0.25515972949822674
exc_5PET,864691135884866160,excitatory,5PET,65,19,940.2162162162164,52362.18967774021,0.0935329340989355,238005.81501185888,16,6,10,0.375,1,nonlinear-prone,2,1,False,1.1837069815587031,0.7410226810059458,0.296573327092795,1.3186587407041401,-0.8891254503123573,-0.8148623915215455
exc_5PET,864691135884866160,excitatory,5PET,66,20,1007.8823529411764,23950.895610794556,0.0413216319044827,237278.3580001091,6,2,4,0.3333333333333333,1,nonlinear-prone,2,1,False,0.4040056322699554,1.4638666482010434,0.39649260426967414,-1.5624358729033812,2.561544066396786,0.8284458978235969
exc_5PET,864691135884866160,excitatory,5PET,67,20,803.4285714285714,7940.530529586305,0.0153439265610538,229273.17545950497,1,1,0,1.0,0,summation-like,2,0,False,,,,,,
exc_5PET,864691135884866160,excitatory,5PET,68,20,840.2857142857143,7077.637532271346,0.0133732035391975,228841.72896084748,1,1,0,1.0,0,summation-like,2,0,False,,,,,,
exc_5PET,864691135884866160,excitatory,5PET,69,25,610.0,2951.462086451325,0.0065453506641623,451252.13683095854,0,0,0,,0,summation-like,2,1,False,,,,,,
exc_5PET,864691135884866160,excitatory,5PET,70,25,888.0,28853.549156141275,0.0530338780972437,464203.1803658035,0,0,0,,1,nonlinear-prone,2,1,False,,,,,,
exc_5PET,864691135884866160,excitatory,5PET,71,26,672.48,34853.12668756716,0.0736143846179431,470154.43121796777,0,0,0,,1,nonlinear-prone,2,1,False,,,,,,
exc_5PET,864691135884866160,excitatory,5PET,72,26,884.8333333333334,32992.536494304244,0.0607499039527643,469224.13612133625,1,1,0,1.0,1,nonlinear-prone,2,1,False,,,,,,
exc_5PET,864691135884866160,excitatory,5PET,73,27,1110.25,10525.44000767327,0.0173017684943895,478756.3935731363,0,0,0,,0,summation-like,2,1,False,,,,,,
exc_5PET,864691135884866160,excitatory,5PET,74,27,704.4347826086956,30918.158606487406,0.063804873530784,488952.75287254347,0,0,0,,1,nonlinear-prone,2,1,False,,,,,,
exc_5PET,864691135884866160,excitatory,5PET,75,21,595.1764705882352,23074.357809552537,0.0518044865193252,260790.98471028265,2,2,0,1.0,1,nonlinear-prone,2,1,False,,,,,,
exc_5PET,864691135884866160,excitatory,5PET,76,21,388.8888888888889,10285.842408001075,0.0285685189332608,254396.7270095069,1,0,1,0.0,1,nonlinear-prone,2,1,False,,,,,,
exc_5PET,864691135884866160,excitatory,5PET,77,16,1992.0,1437.260240874978,0.0017638082600762,184323.70111654885,1,1,0,1.0,0,summation-like,2,0,False,,,,,,
exc_5PET,864691135884866160,excitatory,5PET,78,16,1110.375,69366.37524119532,0.1140183601952206,218288.25861670903,19,8,11,0.4210526315789473,1,nonlinear-prone,2,2,False,0.48658570848952293,1.1514671404736454,0.2654004001931812,-2.6233149037726173,1.1528008767537963,-1.8642078113340468
exc_5PET,864691135884866160,excitatory,5PET,79,17,2486.0,10464.2424315835,0.0114952351001791,190274.45245277812,5,1,4,0.2,0,summation-like,2,0,False,0.6731834594230183,1.006979011402579,0.28872029933910115,-0.4726441319284726,1.0227924498803307,-0.4327709928621089
exc_5PET,864691135884866160,excitatory,5PET,80,17,1217.111111111111,51394.838892844935,0.0806891281279241,210739.7506834088,10,7,3,0.7,1,nonlinear-prone,2,0,False,0.7225261471029167,1.003637200089652,0.24564221738350123,-0.759702279607116,0.5114572038615248,-1.620295495298118
exc_5PET,864691135884866160,excitatory,5PET,81,28,927.157894736842,27017.73247269976,0.0485995976763735,497527.9798133229,1,0,1,0.0,1,nonlinear-prone,2,1,False,,,,,,
exc_5PET,864691135884866160,excitatory,5PET,82,28,734.6666666666666,10203.342450380867,0.0206185406146263,489120.7848021635,1,1,0,1.0,0,summation-like,2,1,False,,,,,,
exc_5PET,864691135884866160,excitatory,5PET,83,18,2560.4,20785.089589901065,0.0224987618588724,205899.11846352037,17,9,8,0.5294117647058824,0,summation-like,2,0,False,0.8413234673813201,0.9901768922106221,0.323322463935173,-0.578349951488266,0.38782489571200607,-0.22612875998794302
exc_5PET,864691135884866160,excitatory,5PET,84,18,1798.7692307692307,16318.146504418924,0.0210738425153457,203665.6469207793,4,2,2,0.5,0,summation-like,2,0,False,,1.3063657686984627,0.2713130662044075,,2.3064294216150536,-0.4994033822816824
exc_5PET,864691135884866160,excitatory,5PET,85,3,1561.2,5946.609869691641,0.0082432942656643,46654.87996581997,2,0,2,0.0,0,summation-like,0,0,False,,,,,,
exc_5PET,864691135884866160,excitatory,5PET,86,3,1180.1538461538462,36012.33129354158,0.0574172715433199,61687.740677744936,16,3,13,0.1875,1,nonlinear-prone,0,0,False,0.5806681381354526,1.1310123213306578,0.39484875726125856,-1.7890275957654589,1.029889392932109,1.4272800684743117
exc_5PET,864691135884866160,excitatory,5PET,87,4,1119.467889908257,161447.23124606156,0.2642928464014374,130351.80052369655,31,19,12,0.6129032258064516,2,compartmentalized,1,2,False,0.9838542211002442,1.2327734566317874,0.25103503254740067,0.12720489885763478,1.7265144827154164,-2.9100803872819094
exc_5PET,864691135884866160,excitatory,5PET,88,4,1007.6986301369864,105630.16038752106,0.1822565866732509,102443.26509442632,20,9,11,0.45,2,compartmentalized,1,2,False,1.1518962531739376,0.87882688944881,0.30439933974785616,1.1971634722357827,-0.2848904927484653,-0.8304269659606561
exc_5PET,864691135884866160,excitatory,5PET,89,19,2656.787878787879,47536.51341790516,0.0505137385229001,240059.91996742348,38,26,12,0.6842105263157895,1,nonlinear-prone,2,0,False,0.9533970106946108,1.0475283889558584,0.33633071102488726,-0.14898446918806052,0.600094859822901,0.11407736348028243
exc_5PET,864691135884866160,excitatory,5PET,90,19,1675.1764705882354,22742.650985447628,0.0304348686531877,227662.98875119473,12,7,5,0.5833333333333334,1,nonlinear-prone,2,0,False,0.5389671471354799,0.9994293206493808,0.24166674929764093,-1.7640038069465918,0.522039875611977,-1.9294864408483692
exc_5PET,864691135884866160,excitatory,5PET,91,29,724.6086956521739,32888.52898912738,0.0669195952844428,527481.1105442365,0,0,0,,1,nonlinear-prone,2,1,False,,,,,,
exc_5PET,864691135884866160,excitatory,5PET,92,29,747.5555555555555,10726.704147937317,0.0214884550989596,516400.1981236415,0,0,0,,0,summation-like,2,1,False,,,,,,
exc_5PET,864691135884866160,excitatory,5PET,93,10,803.5217391304348,67729.0962081915,0.1308690929009702,196500.45499340337,11,5,6,0.4545454545454545,2,compartmentalized,2,2,False,0.848128678876395,0.9454895917332461,0.3397143486300397,-0.26799237871994663,0.27185391163874173,0.12598053307210744
exc_5PET,864691135884866160,excitatory,5PET,94,10,822.8888888888889,64057.421564349985,0.1223093003038906,194664.6176714826,12,9,3,0.75,2,compartmentalized,2,2,False,0.9531496857874945,0.6161631251974858,0.28697532873825543,0.2772173346852739,-1.2975051843195178,-0.9579443339349059
exc_5PET,864691135884866160,excitatory,5PET,95,4,1141.0,40663.28391818562,0.0659356442474408,84527.59547535735,10,4,6,0.4,1,nonlinear-prone,1,0,False,0.9815076022237313,0.7356711927793774,0.3083671821097903,0.37105920693702943,-0.5393944623041436,-0.44680949045219054
exc_5PET,864691135884866160,excitatory,5PET,96,4,1055.7142857142858,7937.37680374804,0.0133802560955476,68164.64191813856,0,0,0,,0,summation-like,1,0,False,,,,,,
exc_5PET,864691135884866160,excitatory,5PET,97,4,907.4,13498.716368240834,0.0245444730193476,122246.02200207098,4,3,1,0.75,0,summation-like,1,0,False,,0.1386361656990683,0.4749300320317088,,-1.818372687354367,1.2654256154368821
exc_5PET,864691135884866160,excitatory,5PET,98,4,621.5,9092.1998153265,0.0199760231356121,120042.7637256138,2,2,0,1.0,0,summation-like,1,0,False,,,,,,
exc_5PET,864691135884866160,excitatory,5PET,99,26,1385.111111111111,11973.53842257744,0.0176214171764014,478633.1788699458,0,0,0,,0,summation-like,2,1,False,,,,,,
exc_5PET,864691135884866160,excitatory,5PET,100,26,2927.3333333333335,1726.2544407939808,0.0017475489406805,473509.53687905415,0,0,0,,0,summation-like,2,1,False,,,,,,
exc_5PET,864691135884866160,excitatory,5PET,101,5,648.8,13324.678454629657,0.0286524619441161,135657.71941350622,0,0,0,,1,nonlinear-prone,1,0,False,,,,,,
exc_5PET,864691135884866160,excitatory,5PET,102,5,717.6,12030.143281524231,0.0245974571256564,135010.4518269535,3,3,0,1.0,0,summation-like,1,0,False,,0.5987654716307027,0.4077425139403618,,0.3922481915061638,0.5248741487653485
exc_5PET,864691135884866160,excitatory,5PET,103,20,2617.8333333333335,16335.729041593948,0.017487517089294,271996.04119717306,7,2,5,0.2857142857142857,0,summation-like,2,1,False,1.1246200256864909,0.5546590861728341,0.37763626250363513,0.9953458960669973,-1.02029370606711,0.637350197963066
exc_5PET,864691135884866160,excitatory,5PET,104,20,1093.2173913043478,65181.993750863774,0.1079779310243684,296419.173551808,20,14,6,0.7,1,nonlinear-prone,2,1,False,0.9729550878617277,0.8672849585724279,0.36603911914176845,0.13887888585458297,-0.36453596951265277,0.8927917401592406
exc_5PET,864691135884866160,excitatory,5PET,105,27,973.7647058823528,24035.65345084745,0.0421880591544854,496637.77480665833,0,0,0,,1,nonlinear-prone,2,1,False,,,,,,
exc_5PET,864691135884866160,excitatory,5PET,106,27,801.5,9514.761718076245,0.0184080074135517,489377.3289402727,0,0,0,,0,summation-like,2,1,False,,,,,,
exc_5PET,864691135884866160,excitatory,5PET,107,5,914.608695652174,67037.87906955736,0.1214124519922192,138378.17696922884,9,2,7,0.2222222222222222,2,compartmentalized,1,2,False,0.7936094185654365,1.2610086976936372,0.3256798044676182,-0.40139696234376876,1.7765136802633024,-0.12748724827400498
exc_5PET,864691135884866160,excitatory,5PET,108,5,852.0,8394.405840195077,0.015751821872037,109056.4403545477,1,1,0,1.0,0,summation-like,1,0,False,,,,,,
exc_5PET,864691135884866160,excitatory,5PET,109,3,1826.0,3019.8639432603386,0.0038707722375389,37051.85706603489,1,0,1,0.0,0,summation-like,0,0,False,,,,,,
exc_5PET,864691135884866160,excitatory,5PET,110,3,1477.5,9249.051647162218,0.0131793529009224,40166.45091798583,4,1,3,0.25,0,summation-like,0,0,False,,0.7531609588717363,0.4776393216196402,,0.3681081534119941,1.2154565837001357
exc_5PET,864691135884866160,excitatory,5PET,111,4,1517.2,6022.910493100246,0.0084692630010821,41573.24428421519,0,0,0,,0,summation-like,1,0,False,,,,,,
exc_5PET,864691135884866160,excitatory,5PET,112,4,1057.2558139534883,126406.1233786378,0.2129309045039664,101764.85072698396,37,15,22,0.4054054054054054,2,compartmentalized,1,2,False,0.95937877373617,0.9665111954237443,0.35565907807221925,-0.09109384390681449,0.02039648066050336,0.9177136728369047
exc_5PET,864691135884866160,excitatory,5PET,113,3,1197.353535353535,144478.13054264805,0.2286922990248779,116576.79002681414,32,16,16,0.5,2,compartmentalized,0,2,False,0.7262764934956267,1.3637258024019654,0.3093499651686545,-1.6909468078028513,2.576887819445108,-0.8639910097587851
exc_5PET,864691135884866160,excitatory,5PET,114,3,1134.8947368421052,111002.10668077416,0.1804737562907985,99838.7780958772,31,27,4,0.8709677419354839,2,compartmentalized,0,2,False,1.0630101944796986,0.8859610683084385,0.25788367624343045,0.6698090615246294,-0.4101450218774542,-2.6755446158362317
exc_5PET,864691135884866160,excitatory,5PET,115,21,2726.2727272727275,97334.672871569,0.1021041869586234,328831.2421537546,38,18,20,0.4736842105263157,1,nonlinear-prone,2,1,False,0.8576503232598747,1.036698421912517,0.34274696348515793,-0.9183041572195338,0.5216944280528156,0.393035985261274
exc_5PET,864691135884866160,excitatory,5PET,116,21,1153.0,9360.201340555084,0.0150984082550526,284844.0063882476,1,0,1,0.0,0,summation-like,2,1,False,,,,,,
exc_5PET,864691135884866160,excitatory,5PET,117,5,1129.7608695652175,136172.41201387913,0.2218995866876265,112670.90553770488,29,14,15,0.4827586206896552,2,compartmentalized,1,2,False,0.7525173959264282,0.9554904541372999,0.27681286616854694,-1.4280625445511161,0.02391334323369429,-1.9165516525932915
exc_5PET,864691135884866160,excitatory,5PET,118,5,1017.65,116891.22698077596,0.2006981301213347,103030.3130211533,36,17,19,0.4722222222222222,2,compartmentalized,1,2,False,1.0093280489137078,0.917384204707107,0.3099658976363437,0.33002959727860676,-0.28725923294849853,-0.9288321007224402
exc_5PET,864691135884866160,excitatory,5PET,119,28,1059.6190476190477,29835.465294674967,0.0502017162088183,523573.3341794195,1,1,0,1.0,1,nonlinear-prone,2,1,False,,,,,,
exc_5PET,864691135884866160,excitatory,5PET,120,28,814.8571428571429,8058.199006514271,0.015461722608555,512684.7010353391,0,0,0,,0,summation-like,2,1,False,,,,,,
exc_5PET,864691135884866160,excitatory,5PET,121,3,929.2903225806452,91181.38138093338,0.1638291158585414,95959.81861898652,19,8,11,0.4210526315789473,2,compartmentalized,0,2,False,0.8344084195316325,0.7793147144580419,0.32197063807789417,-0.5825993497272951,-0.8040519446561364,-0.26760160704671604
exc_5PET,864691135884866160,excitatory,5PET,122,3,1071.457627118644,85240.58106889036,0.142632839646262,92989.418462965,14,11,3,0.7857142857142857,2,compartmentalized,0,2,False,0.7401150143878364,1.5087910437616425,0.2645709368891096,-0.9102999539997638,2.796241160024728,-1.506340572295147
exc_5PET,864691135884866160,excitatory,5PET,123,27,780.3888888888889,51998.263486022544,0.1019515725767622,500371.79584246245,3,3,0,1.0,1,nonlinear-prone,2,1,False,,0.861608740301566,0.5842703189004214,,1.2825894637534585,1.6960554327929827
exc_5PET,864691135884866160,excitatory,5PET,124,27,1256.3636363636365,47165.65912392759,0.0728834389580885,497955.49366141495,3,3,0,1.0,1,nonlinear-prone,2,1,False,,0.9049077497265657,0.319743448408435,,1.368472357471606,-0.1285410876339082
exc_5PET,864691135884866160,excitatory,5PET,125,2,1348.84,73289.506493369,0.1093005145357376,67111.4625977847,25,13,12,0.52,1,nonlinear-prone,0,0,False,0.827666636643309,0.9143328850138105,0.3445562920411118,-0.8554759938248653,-0.174559197807707,0.3293565631483038
exc_5PET,864691135884866160,excitatory,5PET,126,2,1680.5454545454545,13871.01540438991,0.0185329156717757,37402.21705329516,8,2,6,0.25,0,summation-like,0,0,False,0.9459110043314892,0.6572767797675694,0.25120754339139917,0.27483967345006094,-0.7038297987112324,-1.3429628115306733
exc_5PET,864691135884866160,excitatory,5PET,127,2,1625.0,4491.615151865781,0.0061029032192082,32315.86596282296,0,0,0,,0,summation-like,0,0,False,,,,,,
exc_5PET,864691135884866160,excitatory,5PET,128,2,1804.909090909091,13611.516644084077,0.0175484789758532,36875.81670893211,8,2,6,0.25,0,summation-like,0,0,False,1.0046703360679514,0.8011880702773391,0.29940900889946115,0.5038726143386613,-0.14319995725257922,-0.5331425202677085
exc_5PET,864691135884866160,excitatory,5PET,129,22,2195.3333333333335,25460.825293383197,0.0297634224367858,390228.99123623065,5,2,3,0.4,1,nonlinear-prone,2,1,False,0.5199434897982794,0.8759291504122981,0.2785485652858607,-1.0222173645344255,0.5160537976650373,-0.5737659907648387
exc_5PET,864691135884866160,excitatory,5PET,130,22,2324.6666666666665,32980.934095978955,0.0374665095162301,393989.0456375285,1,1,0,1.0,1,nonlinear-prone,2,1,False,,,,,,
exc_5PET,864691135884866160,excitatory,5PET,131,3,1222.6913580246917,120155.292173734,0.188211046664016,94639.31962562284,33,11,22,0.3333333333333333,2,compartmentalized,0,2,False,1.2694792898718061,0.8006334454430265,0.35867641843351206,2.2642409256213467,-1.0664924610999287,0.9155397500126046
exc_5PET,864691135884866160,excitatory,5PET,132,3,1108.1492537313434,97564.32231517088,0.1605286415188867,83343.83469634128,41,15,26,0.3658536585365853,2,compartmentalized,0,2,False,1.0206229930318567,1.0080858908121257,0.3674533141564764,0.36519258153081907,0.32788500929368947,1.3442827902627836
exc_5PET,864691135884866160,excitatory,5PET,133,3,1037.8387096774193,91181.16158920473,0.1550246699239611,122798.36100359893,30,13,17,0.4333333333333333,2,compartmentalized,0,2,False,0.5066806301731599,1.2475695652659398,0.3215620998504104,-3.2649761989298636,1.793483227499349,-0.4147358996651966
exc_5PET,864691135884866160,excitatory,5PET,134,3,996.2142857142856,80319.6763661456,0.1393818403957583,117367.61839206936,27,16,11,0.5925925925925926,2,compartmentalized,0,2,False,0.7788473339116775,1.050260014145768,0.3221709709341485,-1.2098445056199323,0.6080460632849924,-0.3196688137301774
exc_5PET,864691135884866160,excitatory,5PET,135,23,1927.888888888889,25426.2815500467,0.0317177578306714,415672.5446579456,4,4,0,1.0,1,nonlinear-prone,2,1,False,,1.1491146753450423,0.30331464079982645,,1.8022865676798976,-0.29731930336582857
exc_5PET,864691135884866160,excitatory,5PET,136,23,1351.7777777777778,64977.357990912365,0.0967988114369469,435448.08287837845,5,2,3,0.4,1,nonlinear-prone,2,1,False,0.6025739268875046,0.71114605343637,0.12860271313947672,-0.7758681934107972,-0.05410183330987805,-2.0700450242387
exc_5PET,864691135884866160,excitatory,5PET,137,3,1199.741935483871,91402.4983388184,0.1445355815862492,149457.46501387842,25,17,8,0.68,2,compartmentalized,0,2,False,1.0960351113174573,0.7591984771280144,0.31754743234750693,0.8330828540230258,-1.0457652466157812,-0.5067411959260649
exc_5PET,864691135884866160,excitatory,5PET,138,3,877.5,9123.633134169864,0.0168696036327034,108318.03241155412,2,2,0,1.0,0,summation-like,0,0,False,,,,,,
exc_5PET,864691135884866160,excitatory,5PET,139,9,994.2105263157896,83689.10276515986,0.1453752118662717,111178.60720427184,32,11,21,0.34375,2,compartmentalized,2,2,False,1.1881904306737268,0.6942892441087829,0.34489551802151763,1.5923891006127209,-1.6982898964098656,0.3834777966698441
exc_5PET,864691135884866160,excitatory,5PET,140,9,954.8888888888888,77596.0082856165,0.137538279754218,108132.05996450016,27,12,15,0.4444444444444444,2,compartmentalized,2,2,False,0.8739291421061229,0.7964342962680915,0.3121369261212074,-0.5862249228229028,-0.8784307741613732,-0.7282492603361669
exc_5PET,864691135884866160,excitatory,5PET,141,24,1678.7142857142858,40623.06382016278,0.0543056366297491,448697.21734305035,1,1,0,1.0,1,nonlinear-prone,2,1,False,,,,,,
exc_5PET,864691135884866160,excitatory,5PET,142,24,1358.25,21390.72035476391,0.0317904137777853,439081.0456103509,2,2,0,1.0,1,nonlinear-prone,2,1,False,,,,,,
exc_5PET,864691135884866160,excitatory,5PET,143,6,1039.5555555555557,11873.96770034478,0.0201712419519254,135818.42122692842,2,2,0,1.0,0,summation-like,2,0,False,,,,,,
exc_5PET,864691135884866160,excitatory,5PET,144,6,1005.0,3326.06749102492,0.005746569373698,131544.47112226847,0,0,0,,0,summation-like,2,0,False,,,,,,
exc_5PET,864691135884866160,excitatory,5PET,145,2,920.3853211009174,161327.17536534386,0.2912616567050359,106984.6647564425,36,16,20,0.4444444444444444,2,compartmentalized,0,2,False,0.9638489609957128,1.0009035564527575,0.30614845067137286,-0.043186925369036414,0.2640027132048133,-1.0583762419253624
exc_5PET,864691135884866160,excitatory,5PET,146,2,2037.5,9220.84802063416,0.0111887786612636,30931.50108408764,4,0,4,0.0,0,summation-like,0,0,False,,0.6389797173608723,0.3239551897043454,,-0.06968731001040968,-0.07478736743431565
exc_5PET,864691135884866160,excitatory,5PET,147,7,1136.0,5986.158583000115,0.0097279130355297,144748.48436860085,5,2,3,0.4,0,summation-like,2,0,False,1.3071126590047235,0.2630643019672913,0.3445912123080188,1.6981808305058828,-1.7044649088093524,0.07725077101297322
exc_5PET,864691135884866160,excitatory,5PET,148,7,716.0,2621.9164588847575,0.0053668933608304,143066.36330654318,2,1,1,0.5,0,summation-like,2,0,False,,,,,,
exc_5PET,864691135884866160,excitatory,5PET,149,8,1092.5,10015.596610268689,0.016596890513512,152749.36196523526,2,0,2,0.0,0,summation-like,2,0,False,,,,,,
exc_5PET,864691135884866160,excitatory,5PET,150,8,696.0,2638.748848015358,0.0054784041074234,149060.9380841086,0,0,0,,0,summation-like,2,0,False,,,,,,
exc_5PET,864691135884866160,excitatory,5PET,151,25,781.0886075949367,116305.11150949151,0.2279340869281599,527161.3050078775,7,7,0,1.0,2,compartmentalized,2,1,False,0.8083578461536077,0.9663993637567533,0.31133960178324677,-0.2522880014197917,0.6544074131494686,-0.4031087024264271
exc_5PET,864691135884866160,excitatory,5PET,152,25,2167.0,3637.660405525386,0.0042800941727097,470827.5794558944,0,0,0,,0,summation-like,2,1,False,,,,,,
exc_5PET,864691135884866160,excitatory,5PET,153,4,1049.4166666666667,70494.92950085772,0.1191912925009421,189964.4304629187,12,4,8,0.3333333333333333,2,compartmentalized,1,2,False,0.6767526563286317,1.4505851473697604,0.25495351953472795,-1.1088102342716288,2.6104172784088355,-1.6255888005334997
exc_5PET,864691135884866160,excitatory,5PET,154,4,690.5,8264.859500855619,0.0172271827583053,158849.39546291766,0,0,0,,0,summation-like,1,0,False,,,,,,
exc_5PET,864691135884866160,excitatory,5PET,155,4,1007.190476190476,60865.93466126376,0.1050459027202364,225591.6815139195,2,1,1,0.5,1,nonlinear-prone,1,2,False,,,,,,
exc_5PET,864691135884866160,excitatory,5PET,156,4,831.0,7582.968684286052,0.0144078566196137,198950.19852543063,0,0,0,,0,summation-like,1,0,False,,,,,,
exc_5PET,864691135884866160,excitatory,5PET,157,2,1707.111111111111,12012.06541117919,0.0159238259232013,21959.66943151081,0,0,0,,0,summation-like,0,0,False,,,,,,
exc_5PET,864691135884866160,excitatory,5PET,158,2,1496.24,34688.46137542192,0.0491184930067292,33297.86741363218,14,1,13,0.0714285714285714,1,nonlinear-prone,0,0,False,0.9647980258330021,0.7841407016812675,0.3295735417547182,0.18265636169131594,-0.5607397012299329,-0.11602574076422481
exc_5PET,864691135884866160,excitatory,5PET,159,3,1569.25,10536.618285239225,0.014568532450164,33234.01127972002,1,0,1,0.0,0,summation-like,0,0,False,,,,,,
exc_5PET,864691135884866160,excitatory,5PET,160,3,1358.7692307692307,36230.251379164125,0.0538343065051431,46080.82782668247,16,4,12,0.25,1,nonlinear-prone,0,0,False,0.801387040869972,0.928420082095535,0.22690924157739586,-0.7195074871469703,0.041950739688901256,-2.4978262727573832
exc_5PET,864691135884866160,excitatory,5PET,161,4,1170.5116279069769,62922.756732201626,0.1007350259360748,69963.69878844044,15,6,9,0.4,1,nonlinear-prone,1,0,False,0.8172969449278917,1.0080868483175867,0.25152735296944106,-0.563503965636947,0.4751441632435799,-1.852457196324441
exc_5PET,864691135884866160,excitatory,5PET,162,4,1135.021276595745,137847.239812686,0.2241076597224305,107425.94032868264,31,11,20,0.3548387096774194,2,compartmentalized,1,2,False,0.6014867082867299,1.3320278262382585,0.2812040281366363,-2.7184494553511693,2.478236597628401,-1.758660370873636
exc_5PET,864691135884866160,excitatory,5PET,163,25,827.7777777777778,25165.466561592315,0.047908076263688,506713.74331292126,0,0,0,,1,nonlinear-prone,2,1,False,,,,,,
exc_5PET,864691135884866160,excitatory,5PET,164,25,828.0,20675.76390279811,0.0393556439870901,504468.89198352414,1,1,0,1.0,1,nonlinear-prone,2,1,False,,,,,,
exc_5PET,864691135884866160,excitatory,5PET,165,3,1292.2857142857142,29951.936223669843,0.0456358619790622,65618.06621317806,5,2,3,0.4,1,nonlinear-prone,0,0,False,1.0787503143039,0.6611239747524195,0.39581735824259373,0.9928335569969315,-0.31658799257611236,0.6789555091465199
exc_5PET,864691135884866160,excitatory,5PET,166,3,1392.5882352941176,48538.23372712074,0.0712415295267129,74911.2149649035,13,8,5,0.6153846153846154,1,nonlinear-prone,0,0,False,0.6799714876877427,1.146684614544882,0.33771560105996495,-1.160135703476958,1.1129028841349682,0.1296431245453557
exc_5PET,864691135884866160,excitatory,5PET,167,4,1118.7058823529412,99094.6944862562,0.162275542456474,130141.38156814108,14,9,5,0.6428571428571429,2,compartmentalized,1,2,False,1.1110176882142948,0.8421849533814726,0.33580946838973513,0.9002674279667003,-0.2647962433487521,0.03317864224128685
exc_5PET,864691135884866160,excitatory,5PET,168,4,856.8571428571429,7268.087298696384,0.0135996130555335,84228.07797436116,0,0,0,,0,summation-like,1,0,False,,,,,,
exc_5PET,864691135884866160,excitatory,5PET,169,4,1283.5,10404.873651884527,0.0159074109866086,104382.76865440614,4,2,2,0.5,0,summation-like,1,0,False,,0.16511705395684872,0.2011029678901143,,-1.6895796607021523,-1.1704820375355822
exc_5PET,864691135884866160,excitatory,5PET,170,4,616.5714285714286,7605.554104827377,0.0167764392889436,102983.10888087755,1,0,1,0.0,0,summation-like,1,0,False,,,,,,
exc_5PET,864691135884866160,excitatory,5PET,171,5,937.5737704918032,89336.33342882477,0.1598034043025774,146093.24386895364,12,5,7,0.4166666666666667,2,compartmentalized,1,2,False,0.670874268464175,0.7943688959507096,0.27147784723796664,-1.2000098291657222,-0.3968758403744132,-1.2440422403921807
exc_5PET,864691135884866160,excitatory,5PET,172,5,1084.952380952381,28456.360222214757,0.0473188998207255,115653.25726564864,6,3,3,0.5,1,nonlinear-prone,1,0,False,0.7985523777277739,0.9508118081942425,0.20359880115666776,-0.16111958903634654,0.6898627793509472,-1.4902736355658
exc_5PET,864691135884866160,excitatory,5PET,173,8,994.5714285714286,9059.761762213922,0.0157347343608015,144471.59391776513,0,0,0,,0,summation-like,2,0,False,,,,,,
exc_5PET,864691135884866160,excitatory,5PET,174,8,687.4285714285714,7663.245465262122,0.0160088293403715,143773.33576928923,1,0,1,0.0,0,summation-like,2,0,False,,,,,,
exc_5PET,864691135884866160,excitatory,5PET,175,5,1095.1,28317.82229928216,0.0468698528474938,123744.11662998948,3,3,0,1.0,1,nonlinear-prone,1,0,False,,0.3892360213787837,0.6254605208434926,,-0.39496506786198116,2.0014171388585007
exc_5PET,864691135884866160,excitatory,5PET,176,5,490.8571428571428,7473.591182486727,0.0184761894756024,113322.00107159176,2,2,0,1.0,0,summation-like,1,0,False,,,,,,
exc_5PET,864691135884866160,excitatory,5PET,177,9,645.4285714285714,18780.589778681195,0.040489812033602,158391.7696882127,2,1,1,0.5,1,nonlinear-prone,2,0,False,,,,,,
exc_5PET,864691135884866160,excitatory,5PET,178,9,623.0,9472.639895398275,0.0207867997286582,153737.79474657125,0,0,0,,0,summation-like,2,0,False,,,,,,
exc_5PET,864691135884866160,excitatory,5PET,179,2,1546.428571428571,40572.48453339764,0.056510259057946,37385.34352963074,20,6,14,0.3,1,nonlinear-prone,0,0,False,1.2959010635988075,0.9095018335892235,0.3916136469821342,2.0885372959983903,-0.10645415904524029,1.5766846527254021
exc_5PET,864691135884866160,excitatory,5PET,180,2,1229.9166666666667,68146.73012352771,0.1064309174824415,51172.46632469578,14,7,7,0.5,1,nonlinear-prone,0,0,False,0.8786633066029138,1.1225991344071085,0.22444447721717803,-0.2651852713373334,1.041787039698228,-2.552691507843105
exc_5PET,864691135884866160,excitatory,5PET,181,2,1291.8181818181818,14980.512301544104,0.0228289846737684,24789.387252313027,4,0,4,0.0,0,summation-like,0,0,False,,0.9610088056271349,0.3337936985861405,,1.089703998490303,-0.002800635534869541
exc_5PET,864691135884866160,excitatory,5PET,182,2,1265.6190476190477,59908.64910745558,0.0922356160682508,47253.455655268765,24,8,16,0.3333333333333333,1,nonlinear-prone,0,0,False,0.9232977019596299,1.1721768210595367,0.35006729284801463,-0.2444509570468637,1.3863422371000165,0.5017548840841781
exc_5PET,864691135884866160,excitatory,5PET,183,23,1616.3225806451612,44682.19507908314,0.0608738973424399,432820.6102250595,1,0,1,0.0,1,nonlinear-prone,2,1,False,,,,,,
exc_5PET,864691135884866160,excitatory,5PET,184,23,1698.909090909091,29959.055134727783,0.0398110534259751,425459.0402528819,2,0,2,0.0,1,nonlinear-prone,2,1,False,,,,,,
exc_5PET,864691135884866160,excitatory,5PET,185,3,1403.6470588235295,49639.69710880417,0.0725706127768846,57099.49195748716,27,8,19,0.2962962962962963,1,nonlinear-prone,0,0,False,0.7959333705309369,1.2167368559566063,0.34869779213353064,-1.0404025008411495,1.6072570424345172,0.4346332738990905
exc_5PET,864691135884866160,excitatory,5PET,186,3,873.1428571428571,7439.3372514255425,0.0137896175657457,35999.31202879785,1,0,1,0.0,0,summation-like,0,0,False,,,,,,
exc_5PET,864691135884866160,excitatory,5PET,187,3,1196.15873015873,92802.3810001054,0.1469688646147019,104072.77629638226,24,8,16,0.3333333333333333,2,compartmentalized,0,2,False,0.8464567869507882,1.610025639433557,0.32458259921098226,-0.7181286787349758,3.814621654201316,-0.2432450811148096
exc_5PET,864691135884866160,excitatory,5PET,188,3,1055.3333333333333,73325.12981901584,0.1236285114100883,94334.15070583748,12,6,6,0.5,2,compartmentalized,0,2,False,0.9096212539170185,0.7378138978890456,0.2850303118576847,-0.013511057498608066,-0.6945180789768279,-0.9618589618008202
exc_5PET,864691135884866160,excitatory,5PET,189,4,904.05,57542.56977993449,0.1048222928614526,108465.19121448295,13,6,7,0.4615384615384615,1,nonlinear-prone,1,2,False,0.8846567036439901,0.9214155685843944,0.3069716726538045,-0.15489793264731164,0.10419777082297983,-0.5333477711387443
exc_5PET,864691135884866160,excitatory,5PET,190,4,1246.5,8645.177233387756,0.0134118407190127,84016.4949412096,4,2,2,0.5,0,summation-like,1,0,False,,0.4595239673068918,0.33623681269089306,,-0.66459421918335,0.01909780262728215
exc_5PET,864691135884866160,excitatory,5PET,191,6,731.6,12833.63572456472,0.0259880376267427,150174.14223589638,1,1,0,1.0,0,summation-like,2,0,False,,,,,,
exc_5PET,864691135884866160,excitatory,5PET,192,6,601.5,8616.020017642153,0.0192419690077137,148065.3343824351,1,0,1,0.0,0,summation-like,2,0,False,,,,,,
exc_5PET,864691135884866160,excitatory,5PET,193,6,468.0,8277.882787824587,0.0209583444383356,147896.26576752632,1,1,0,1.0,0,summation-like,2,0,False,,,,,,
exc_5PET,864691135884866160,excitatory,5PET,194,24,861.0967741935484,44554.39948668627,0.0831620603986581,490213.96161717776,0,0,0,,1,nonlinear-prone,2,1,False,,,,,,
exc_5PET,864691135884866160,excitatory,5PET,195,24,881.1578947368421,25070.57471089644,0.0462591926382256,480472.0492292829,2,2,0,1.0,1,nonlinear-prone,2,1,False,,,,,,
exc_5PET,864691135884866160,excitatory,5PET,196,24,1156.7826086956522,33085.33078973131,0.0532807381743679,471704.3731594669,0,0,0,,1,nonlinear-prone,2,1,False,,,,,,
exc_5PET,864691135884866160,excitatory,5PET,197,24,1102.0,38969.30226752397,0.0642972591144492,474646.35889836313,0,0,0,,1,nonlinear-prone,2,1,False,,,,,,
exc_5PET,864691135884866160,excitatory,5PET,198,20,1033.157894736842,54489.90004631333,0.0928524332792732,266279.2642670752,15,8,7,0.5333333333333333,1,nonlinear-prone,2,1,False,1.3269571047524253,0.6878248839483443,0.3471735145705876,2.063921018895968,-1.0719868858585007,0.32584462181593854
exc_5PET,864691135884866160,excitatory,5PET,199,20,918.9411764705884,22641.17311952252,0.0409087017029973,250354.9008036798,6,4,2,0.6666666666666666,1,nonlinear-prone,2,1,False,0.47301105158717205,1.0368368251448818,0.29221008667774556,-1.3374505362169344,0.9609592022225611,-0.429093493642051
exc_5PET,864691135884866160,excitatory,5PET,200,4,969.549295774648,104229.57119457578,0.1833439699059396,134034.12610917713,35,25,10,0.7142857142857143,2,compartmentalized,1,2,False,1.0738790968554022,0.8140685825474737,0.2720913019346305,0.7919048233708943,-0.9821968231821087,-2.2450307019500118
exc_5PET,864691135884866160,excitatory,5PET,201,4,1042.840579710145,100294.68244281028,0.1701098939366364,132066.6817332944,31,15,16,0.4838709677419355,2,compartmentalized,1,2,False,0.814446508362902,1.2834072559080247,0.2829149424598336,-1.1021053690749723,2.1904561005467507,-1.6768589831398115
exc_5PET,864691135884866160,excitatory,5PET,202,4,872.8571428571429,7596.742249542467,0.0140836892399147,85717.71163666049,2,1,1,0.5,0,summation-like,1,0,False,,,,,,
exc_5PET,864691135884866160,excitatory,5PET,203,4,994.4,133419.33635027817,0.2317388490168414,111500.64491670602,48,26,22,0.5416666666666666,2,compartmentalized,1,2,False,1.12775418466592,1.0079313576494688,0.3188841132296785,1.2509141286310277,0.28390089545884284,-0.6137481662015019
exc_5PET,864691135884866160,excitatory,5PET,204,4,956.2,117016.81087164496,0.2072690780029784,103299.38217738945,36,17,19,0.4722222222222222,2,compartmentalized,1,2,False,1.2015016544235158,0.7756048872408536,0.39001267827255054,1.8453671783813816,-1.2221028695219072,2.132487213924632
exc_5PET,864691135884866160,excitatory,5PET,205,2,1535.2727272727273,47866.88136278911,0.0669118431213197,54602.951177852985,16,3,13,0.1875,1,nonlinear-prone,0,0,False,1.1279229279058065,0.8387894123475395,0.3681083859898453,1.0415500366055956,-0.39807308029284877,0.774212165652023
exc_5PET,864691135884866160,excitatory,5PET,206,2,1871.7333333333331,19699.617432061405,0.0249399990288924,40519.31921248913,13,4,9,0.3076923076923077,0,summation-like,0,0,False,1.276830256532132,0.6372500251521346,0.3214267005595957,1.76637934536947,-1.274698248995258,-0.19616529003809116
exc_5PET,864691135884866160,excitatory,5PET,207,25,964.0,4501.226520018667,0.0079405937825752,490497.6518143418,0,0,0,,0,summation-like,2,1,False,,,,,,
exc_5PET,864691135884866160,excitatory,5PET,208,25,745.2727272727273,14055.98414034749,0.0282009846008208,495275.0306245062,1,1,0,1.0,1,nonlinear-prone,2,1,False,,,,,,
exc_5PET,864691135884866160,excitatory,5PET,209,25,695.5,9634.72904858043,0.0200102062929383,493064.40307862265,0,0,0,,0,summation-like,2,1,False,,,,,,
exc_5PET,864691135884866160,excitatory,5PET,210,26,793.9322033898305,87023.27614140399,0.1691625983558507,536259.9031450531,0,0,0,,2,compartmentalized,2,1,False,,,,,,
exc_5PET,864691135884866160,excitatory,5PET,211,26,704.9333333333333,19418.65171340776,0.0400595140134525,502457.59093105496,1,1,0,1.0,1,nonlinear-prone,2,1,False,,,,,,
exc_5PET,864691135884866160,excitatory,5PET,212,3,935.842105263158,111671.93611907688,0.1999417010589637,134372.35991878598,25,15,10,0.6,2,compartmentalized,0,2,False,0.9952119082804461,1.0710373655565806,0.2885975214998547,0.22624568750620302,0.7286509516322397,-1.4071303490061267
exc_5PET,864691135884866160,excitatory,5PET,213,3,1162.7450980392157,72858.36727763186,0.1170301612441578,114965.57549806348,25,13,12,0.52,2,compartmentalized,0,2,False,0.5029099292382346,1.0139747158280907,0.1843023710738567,-2.9003017451507778,0.3816384701219346,-4.629242411768928
exc_5PET,864691135884866160,excitatory,5PET,214,11,1217.5,9749.943729739938,0.0153048208963325,123419.92145314242,1,1,0,1.0,0,summation-like,2,0,False,,,,,,
exc_5PET,864691135884866160,excitatory,5PET,215,11,850.0,42222.076317978754,0.0793214694311079,139655.98774726182,8,5,3,0.625,1,nonlinear-prone,2,0,False,1.3617269279165152,0.3310689525170452,0.3492841736633196,1.9772083879219762,-2.0650213212451636,0.27474600812876177
exc_5PET,864691135884866160,excitatory,5PET,216,12,955.878787878788,95818.47647572513,0.1697494893609631,176204.13155587495,29,21,8,0.7241379310344828,2,compartmentalized,2,2,False,0.7477682160355221,1.3317517216371864,0.3841646049604844,-1.5151997941791189,2.343971840730299,1.6866582654573432
exc_5PET,864691135884866160,excitatory,5PET,217,12,649.6,5899.623402984155,0.0126783258339999,131244.70501950447,0,0,0,,0,summation-like,2,0,False,,,,,,
exc_5PET,864691135884866160,excitatory,5PET,218,25,556.9285714285714,40027.75806739072,0.0929013755139417,487938.5805449643,0,0,0,,1,nonlinear-prone,2,1,False,,,,,,
exc_5PET,864691135884866160,excitatory,5PET,219,25,713.6666666666666,15338.682869041697,0.0314485763050985,475594.0429457898,0,0,0,,1,nonlinear-prone,2,1,False,,,,,,
exc_5PIT,864691135256642223,excitatory,5PIT,0,0,4015.0,12038.382413665726,0.0104060519010628,6019.191206832863,10,0,10,0.0,0,summation-like,0,0,False,0.3732281796782286,0.8429864225561825,0.12105902044165244,-2.4121293367051444,-0.11414413853223582,-3.8186655586054785
exc_5PIT,864691135256642223,excitatory,5PIT,1,1,3652.0,17121.022128386383,0.0155176135319432,8560.511064193191,11,0,11,0.0,0,summation-like,0,0,False,0.9642492420873303,1.0710524086506794,0.3405072502982651,0.25494625254758707,0.8480280341829955,0.17337473623096172
exc_5PIT,864691135256642223,excitatory,5PIT,2,1,3110.0,19073.291281928145,0.0187329456928979,9536.645640964072,6,0,6,0.0,0,summation-like,0,0,False,0.9230373798854841,0.5678045289746484,0.20541066084752635,0.3503459528932936,-0.88228353420558,-1.5398508595233928
exc_5PIT,864691135256642223,excitatory,5PIT,3,1,7131.0,15410.155612452458,0.0099952217444044,7705.077806226229,6,0,6,0.0,0,summation-like,0,0,False,0.7372709349634475,1.0704200382679883,0.24126042016460972,-0.42604538555808963,1.109714203894786,-1.1722759924950368
exc_5PIT,864691135256642223,excitatory,5PIT,4,1,3436.0,16114.130115210266,0.0150570854776748,8057.065057605133,11,0,11,0.0,0,summation-like,0,0,False,0.9161409192422432,0.8478086713066201,0.26805332010862365,0.029049048749840527,-0.11421228908748624,-1.227863607321506
exc_5PIT,864691135256642223,excitatory,5PIT,5,1,1766.4615384615386,27619.466634892266,0.0359934786659026,13809.733317446133,7,0,7,0.0,1,nonlinear-prone,0,0,False,0.8875388163257836,0.6306421883424896,0.35874744664270236,0.04509892691760103,-0.7222556037859995,0.3088171055600752
exc_5PIT,864691135256642223,excitatory,5PIT,6,1,3360.8,18149.53724416675,0.017147659433101,9074.768622083377,3,0,3,0.0,0,summation-like,0,0,False,,0.4341519355874719,0.16897102971666025,,-0.2372369991298234,-1.0594210870426675
exc_5PIT,864691135256642223,excitatory,5PIT,7,1,1338.0645161290322,55181.55109804102,0.0826258621885306,27590.77554902051,20,4,16,0.2,1,nonlinear-prone,0,0,False,1.1001498931843978,0.958475760198593,0.272818418975772,0.9279217837678169,0.11116536357236813,-1.6014360408683554
exc_5PIT,864691135256642223,excitatory,5PIT,8,1,3866.0,20571.247902075396,0.0181213413150596,10285.623951037698,6,0,6,0.0,0,summation-like,0,0,False,0.5227934941826976,1.120218215192215,0.29674306254629695,-1.1025064511512714,1.1593342868262935,-0.43989476512111675
exc_5PIT,864691135256642223,excitatory,5PIT,9,1,2767.3333333333335,7233.670685789028,0.0075316238796659,15655.21775656024,0,0,0,,0,summation-like,0,0,False,,,,,,
exc_5PIT,864691135256642223,excitatory,5PIT,10,1,2295.0,3594.9862921221384,0.004110233751371,13835.875559726795,0,0,0,,0,summation-like,0,0,False,,,,,,
exc_5PIT,864691135256642223,excitatory,5PIT,11,2,3680.0,4357.008034053533,0.0039339159681081,21450.55711648152,1,0,1,0.0,0,summation-like,0,0,False,,,,,,
exc_5PIT,864691135256642223,excitatory,5PIT,12,2,1620.0,6608.64280865318,0.0089932237630632,22576.374503781342,0,0,0,,0,summation-like,0,0,False,,,,,,
exc_5PIT,864691135256642223,excitatory,5PIT,13,3,3415.0,1510.227797386871,0.0014154930228735,24384.17503220172,0,0,0,,0,summation-like,0,0,False,,,,,,
exc_5PIT,864691135256642223,excitatory,5PIT,14,3,1142.2105263157894,26116.115280780756,0.0423249179867514,36687.11877389866,4,1,3,0.25,1,nonlinear-prone,0,0,False,,0.5350283227945187,0.2410648639083552,,-0.43617689876752985,-0.7895331604257839
exc_5PIT,864691135256642223,excitatory,5PIT,15,3,1460.571428571429,17640.069642077837,0.0252813069920868,32449.095954547207,2,0,2,0.0,0,summation-like,0,0,False,,,,,,
exc_5PIT,864691135256642223,excitatory,5PIT,16,4,2197.3333333333335,7490.601020996524,0.008752443598646,28884.58944139342,3,0,3,0.0,0,summation-like,1,0,False,,0.4575982540575799,0.35839491422884245,,-0.0944175713126894,0.2560201834280601
exc_5PIT,864691135256642223,excitatory,5PIT,17,4,1368.3,27172.950800018734,0.0402352557608315,38725.76433090452,11,4,7,0.3636363636363636,1,nonlinear-prone,1,0,False,1.216068182622326,0.5840999303769131,0.36307158019401703,1.3858420187653193,-1.2540521971304692,0.5540695120273454
exc_5PIT,864691135256642223,excitatory,5PIT,18,5,2026.5,10416.461796559635,0.0126738204066397,37838.1208501715,8,0,8,0.0,0,summation-like,1,0,False,0.8736904674560538,0.6411723946963326,0.22723523072962212,-0.022696247230136725,-0.7755508226895601,-1.5773975641620124
exc_5PIT,864691135256642223,excitatory,5PIT,19,5,1370.0,28872.442631314025,0.0427251770293177,47066.111267548695,10,1,9,0.1,1,nonlinear-prone,1,0,False,0.7210879856146993,0.6495703805214029,0.19341302024170326,-0.8501320294531262,-0.9066441557498538,-2.434549652098526
exc_5PIT,864691135256642223,excitatory,5PIT,20,6,2048.8,6028.385452668939,0.0072947742731049,46060.544474785784,0,0,0,,0,summation-like,2,0,False,,,,,,
exc_5PIT,864691135256642223,excitatory,5PIT,21,6,1121.3333333333333,60356.38127761251,0.098722570429034,73224.54238725756,7,6,1,0.8571428571428571,1,nonlinear-prone,2,0,False,0.8651428019610938,0.7942693856505982,0.40434426114899463,0.051074987969791444,-0.09988106134059603,0.9519297835577378
exc_5PIT,864691135256642223,excitatory,5PIT,22,7,1784.5,16564.645962907216,0.0214775386542724,57357.06018257386,1,0,1,0.0,0,summation-like,2,0,False,,,,,,
exc_5PIT,864691135256642223,excitatory,5PIT,23,7,870.6315789473684,110988.72911468188,0.206026126811998,104569.1017584612,25,18,7,0.72,2,compartmentalized,2,2,False,1.0824110797847122,1.1522868156062878,0.3826155266393781,0.8208094526298719,1.233933262758304,1.547786853088591
exc_5PIT,864691135256642223,excitatory,5PIT,24,19,652.4,6011.835230478826,0.0128917157247407,478104.0652770913,0,0,0,,0,summation-like,2,1,False,,,,,,
exc_5PIT,864691135256642223,excitatory,5PIT,25,19,502.90909090909093,14150.98484263351,0.0345622931925408,482173.64008316863,0,0,0,,1,nonlinear-prone,2,1,False,,,,,,
exc_5PIT,864691135256642223,excitatory,5PIT,26,8,1895.625,46465.99690753145,0.0584547318642944,88872.3816177932,13,3,10,0.2307692307692307,1,nonlinear-prone,2,0,False,0.7355098695928659,0.9364544043260755,0.29843896837400224,-0.8798285378204043,0.18334628180469903,-0.7813890862080822
exc_5PIT,864691135256642223,excitatory,5PIT,27,8,815.047619047619,122864.52273740078,0.2357195665419027,127071.64453272786,21,8,13,0.3809523809523809,2,compartmentalized,2,2,False,1.1137014647869696,0.6887720262367745,0.3251835138470656,0.9861616535862342,-1.3486075392839505,-0.21166566478221532
exc_5PIT,864691135256642223,excitatory,5PIT,28,6,716.0,70071.03606087757,0.1434308774207066,124099.69093779454,9,8,1,0.8888888888888888,2,compartmentalized,2,2,False,0.8262128229427815,0.9447426019875478,0.3004358601470715,-0.2938048792891092,0.38818251476031196,-0.54665600478361
exc_5PIT,864691135256642223,excitatory,5PIT,29,6,633.0,7905.905674071152,0.0172111702578883,93017.12574439132,0,0,0,,0,summation-like,2,0,False,,,,,,
exc_5PIT,864691135256642223,excitatory,5PIT,30,20,636.6976744186046,62993.150416939505,0.1367374021080622,512606.5581008005,0,0,0,,2,compartmentalized,2,1,False,,,,,,
exc_5PIT,864691135256642223,excitatory,5PIT,31,20,633.92,34060.2332035023,0.0740953608793066,498140.09949408186,0,0,0,,1,nonlinear-prone,2,1,False,,,,,,
exc_5PIT,864691135256642223,excitatory,5PIT,32,6,792.8333333333334,141503.0758160731,0.2752552156745008,132253.87049124227,12,6,6,0.5,2,compartmentalized,2,2,False,1.0330129595154027,0.9572718468346761,0.25245675924315697,0.5516462373552842,0.3372067006051813,-1.5322454488761477
exc_5PIT,864691135256642223,excitatory,5PIT,33,6,1146.5454545454545,13996.33508054634,0.0226401510532431,68500.50012347887,3,0,3,0.0,0,summation-like,2,0,False,,0.06961310442666967,0.19423823314355418,,-1.4855611269316291,-0.8928369465329558
exc_5PIT,864691135256642223,excitatory,5PIT,34,9,2082.4,5980.126945077966,0.007177760332524,115095.44354409791,0,0,0,,0,summation-like,2,0,False,,,,,,
exc_5PIT,864691135256642223,excitatory,5PIT,35,9,1036.5384615384614,74948.91659735945,0.1275067792924602,149579.83837023866,28,18,10,0.6428571428571429,2,compartmentalized,2,2,False,0.7975869331354417,1.082281084652898,0.2381411403097433,-1.077534633336967,0.7857601529467014,-3.1617115026474747
exc_5PIT,864691135256642223,excitatory,5PIT,36,18,602.7272727272727,13048.76109079835,0.0291118285895005,475597.7254312669,0,0,0,,1,nonlinear-prone,2,1,False,,,,,,
exc_5PIT,864691135256642223,excitatory,5PIT,37,18,458.8,11329.978759073592,0.0289719694389542,474738.3342654045,0,0,0,,1,nonlinear-prone,2,1,False,,,,,,
exc_5PIT,864691135256642223,excitatory,5PIT,38,10,1843.3703703703704,79473.06309011033,0.101385133702413,157822.03856169205,37,20,17,0.5405405405405406,1,nonlinear-prone,2,0,False,0.8005399369284047,1.2160408387494135,0.28325407956536,-1.3558990866736524,1.7416625397713,-1.9333765450449252
exc_5PIT,864691135256642223,excitatory,5PIT,39,10,1063.2631578947369,54177.71269077656,0.0910040897781697,145174.36336202518,19,12,7,0.631578947368421,1,nonlinear-prone,2,0,False,0.5982671111527814,1.6481783846088152,0.23230327800381648,-1.9431331256866542,3.7749615266998524,-2.80671366918109
exc_5PIT,864691135256642223,excitatory,5PIT,40,4,790.4848484848485,96530.71574909842,0.1880526157549402,121571.8444459993,25,14,11,0.56,2,compartmentalized,1,2,False,0.7628906485233321,1.201729652579887,0.3383233015284849,-1.179821367454017,1.4650097618411009,0.09111130951342508
exc_5PIT,864691135256642223,excitatory,5PIT,41,4,747.0,51022.31456303843,0.1022493327001652,98817.64385296933,8,3,5,0.375,1,nonlinear-prone,1,2,False,0.9395246537433701,0.45992372400544723,0.24060901404017232,0.2425268973886616,-1.5457069352053732,-1.4475102172391288
exc_5PIT,864691135256642223,excitatory,5PIT,42,2,766.0714285714286,124820.35237980534,0.2470082160265787,90029.64282479494,25,15,10,0.6,2,compartmentalized,0,2,False,1.0881288546641246,0.9246648236684994,0.32636663674694627,0.8524932905742985,-0.13577777992949897,-0.21670433818748933
exc_5PIT,864691135256642223,excitatory,5PIT,43,2,699.6190476190476,90817.97538002345,0.1880622513028459,73028.45432490399,29,16,13,0.5517241379310345,2,compartmentalized,0,2,False,0.7232796050517646,0.9976841905426563,0.3571092259005867,-1.6465267511846953,0.2833586612591155,0.7803969347925456
exc_5PIT,864691135256642223,excitatory,5PIT,44,11,1833.2,6025.461019114623,0.0077080759326549,200571.30061630456,1,1,0,1.0,0,summation-like,2,0,False,,,,,,
exc_5PIT,864691135256642223,excitatory,5PIT,45,11,877.2156862745098,73416.29612244779,0.1357687761626774,234266.71816797112,22,11,11,0.5,2,compartmentalized,2,2,False,0.817620926904174,1.5362958871413992,0.3911039378572661,-0.7532458729810673,3.156074341464977,1.6345864616689023
exc_5PIT,864691135256642223,excitatory,5PIT,46,7,697.1481481481482,79331.94886303986,0.1645683108791023,143068.70745758375,12,8,4,0.6666666666666666,2,compartmentalized,2,2,False,1.2633347101480734,0.9418919409089185,0.2740362882398206,1.633239303467009,0.20087857444843638,-1.214743895987003
exc_5PIT,864691135256642223,excitatory,5PIT,47,7,726.56,72290.07316766602,0.1468938282911285,139547.76960989684,19,10,9,0.5263157894736842,2,compartmentalized,2,2,False,0.868408948718421,1.2895424256177217,0.29392853420605425,-0.4936655964443387,1.9768107605366745,-1.026333904224816
exc_5PIT,864691135256642223,excitatory,5PIT,48,12,1717.142857142857,8966.342364943937,0.0118514839088344,208067.2023083338,1,0,1,0.0,0,summation-like,2,0,False,,,,,,
exc_5PIT,864691135256642223,excitatory,5PIT,49,12,868.1025641025641,54766.200232055075,0.1018093624412737,230967.13124188935,17,8,9,0.4705882352941176,1,nonlinear-prone,2,2,False,0.716636777492768,1.269330164998282,0.3638054976449876,-1.265956345602239,1.8701819044166896,0.7456975089219148
exc_5PIT,864691135256642223,excitatory,5PIT,50,13,1767.0666666666666,110706.078627285,0.1442466141013694,267903.4128044483,41,21,20,0.5121951219512195,2,compartmentalized,2,1,False,0.9888451181763546,0.9808191102848864,0.30898924123187826,0.12926933705908916,0.13387469875645655,-0.9673708047195261
exc_5PIT,864691135256642223,excitatory,5PIT,51,13,906.0,52465.5049540712,0.0954707612757006,238783.12596784136,14,8,6,0.5714285714285714,1,nonlinear-prone,2,1,False,0.8045824547207442,1.133735003505226,0.37428589692387837,-0.6099079024842409,1.0824401892843005,0.888774481902378
exc_5PIT,864691135256642223,excitatory,5PIT,52,7,756.2857142857143,123698.47264289625,0.246366705565581,137347.90398520016,26,18,8,0.6923076923076923,2,compartmentalized,2,2,False,1.0772516932731095,0.8221235466561698,0.3441671497064861,0.8012667238834723,-0.7896652724663183,0.30422496088885376
exc_5PIT,864691135256642223,excitatory,5PIT,53,7,731.5294117647059,73181.15143304811,0.1481985552241902,112089.24338027612,7,6,1,0.8571428571428571,2,compartmentalized,2,2,False,1.171811180513337,0.6762461983718763,0.2929526760328489,1.18332153087747,-0.4806396466678925,-0.5975388030987278
exc_5PIT,864691135256642223,excitatory,5PIT,54,3,665.2727272727273,14640.340179202223,0.0310893709907341,85795.21976414071,4,2,2,0.5,1,nonlinear-prone,0,0,False,,0.5090610486186258,0.25674302696439144,,-0.44323550433584535,-0.6816672637612806
exc_5PIT,864691135256642223,excitatory,5PIT,55,3,460.44444444444446,10419.560947329535,0.0265963125539826,83684.83014820436,1,0,1,0.0,0,summation-like,0,0,False,,,,,,
exc_5PIT,864691135256642223,excitatory,5PIT,56,3,550.25,9611.149730193749,0.0224417099422371,83280.62453963647,0,0,0,,0,summation-like,0,0,False,,,,,,
exc_5PIT,864691135256642223,excitatory,5PIT,57,3,461.0,9130.035212423958,0.0232907040629739,83040.06728075157,0,0,0,,0,summation-like,0,0,False,,,,,,
exc_5PIT,864691135256642223,excitatory,5PIT,58,3,505.1428571428572,8100.465358305249,0.0197407427144838,82525.28235369222,0,0,0,,0,summation-like,0,0,False,,,,,,
exc_5PIT,864691135256642223,excitatory,5PIT,59,3,496.57142857142856,8012.997313720058,0.0196953979669597,82481.54833139962,2,1,1,0.5,0,summation-like,0,0,False,,,,,,
exc_5PIT,864691135256642223,excitatory,5PIT,60,17,672.4,57994.814554237455,0.1224999577847247,474617.8995697198,2,0,2,0.0,2,compartmentalized,2,1,False,,,,,,
exc_5PIT,864691135256642223,excitatory,5PIT,61,17,572.5,51398.70325435882,0.1176589705151632,471319.8439197805,0,0,0,,2,compartmentalized,2,1,False,,,,,,
exc_5PIT,864691135256642223,excitatory,5PIT,62,17,606.24,35059.888599403836,0.0779917859063178,463150.436592303,0,0,0,,1,nonlinear-prone,2,1,False,,,,,,
exc_5PIT,864691135256642223,excitatory,5PIT,63,2,1478.5454545454545,14987.590292026956,0.0213488801731897,23127.163851801342,8,0,8,0.0,0,summation-like,0,0,False,0.9905638146419157,1.3445394343960992,0.21701006840686257,0.4131840356655688,2.121399813071187,-1.8491449853407496
exc_5PIT,864691135256642223,excitatory,5PIT,64,2,1910.3333333333333,14869.999176229305,0.0186344678483876,23068.368293902517,4,0,4,0.0,0,summation-like,0,0,False,,1.4142135623730951,0.044639494989290165,,2.718966376266062,-2.4714928913605663
exc_5PIT,864691135256642223,excitatory,5PIT,65,2,836.6373626373627,133231.9746617058,0.2522902483987989,84765.52457501966,16,11,5,0.6875,2,compartmentalized,0,2,False,0.7765049684709295,1.0309157804701372,0.309175953074853,-0.8455502360292374,0.5744282298582359,-0.5588835737638244
exc_5PIT,864691135256642223,excitatory,5PIT,66,2,749.0243902439024,121092.2163880956,0.2423421049496486,78695.64543821456,17,6,11,0.3529411764705882,2,compartmentalized,0,2,False,0.8503074254926544,1.0094290418111633,0.3242017532444846,-0.5107817809306084,0.49773964439540347,-0.25637040104476927
exc_5PIT,864691135256642223,excitatory,5PIT,67,2,1181.0,22533.20226486479,0.0359135712548566,30339.89241436054,8,1,7,0.125,1,nonlinear-prone,0,0,False,0.6695345338607832,0.7717705379992202,0.3014893544036831,-0.8536908226785289,-0.25045487656333226,-0.5479448044091821
exc_5PIT,864691135256642223,excitatory,5PIT,68,2,868.1414141414141,145122.13930352716,0.2697733605814654,91634.36093369171,30,20,10,0.6666666666666666,2,compartmentalized,0,2,False,0.9558286170798588,0.8443609349472055,0.3457236380620398,-0.07926464985829394,-0.6502260497402931,0.44974113293285367
exc_5PIT,864691135256642223,excitatory,5PIT,69,3,1036.7692307692307,56799.99994115411,0.0966201956912192,59020.958968391875,19,11,8,0.5789473684210527,1,nonlinear-prone,0,0,False,0.6627896845558788,1.1691332351599957,0.31657100291181733,-1.598227723426712,1.2256760616240614,-0.44546673017232835
exc_5PIT,864691135256642223,excitatory,5PIT,70,3,819.8245614035088,168430.29854486394,0.3221961770800417,114836.10827024678,34,18,16,0.5294117647058824,2,compartmentalized,0,2,False,0.9058923579330741,0.9823227084080814,0.27727016504420116,-0.4445934339704188,0.1592601565975735,-2.152165355612929
exc_5PIT,864691135256642223,excitatory,5PIT,71,3,786.6304347826087,135377.22216043138,0.2643752851699075,109295.10462700864,28,17,11,0.6071428571428571,2,compartmentalized,0,2,False,1.1989082064254428,0.8263201975809857,0.2833241413902882,1.5507983898794642,-0.7635336044043949,-1.7005661834444115
exc_5PIT,864691135256642223,excitatory,5PIT,72,3,1050.9565217391305,31699.993024657153,0.0535583783920093,57456.49005912151,13,7,6,0.5384615384615384,1,nonlinear-prone,0,0,False,0.8510008348295361,1.283814588414308,0.28427525351945754,-0.3571008059998369,1.9436833323920097,-1.0232893291662943
exc_5PIT,864691135256642223,excitatory,5PIT,73,14,1475.45,58565.34074246213,0.0835101095536936,352539.1224893218,11,5,6,0.4545454545454545,1,nonlinear-prone,2,1,False,1.1407792362781328,0.8910831914791765,0.40329621407697586,1.1183842102229218,0.03420570806663928,1.3612260179758469
exc_5PIT,864691135256642223,excitatory,5PIT,74,14,1263.4074074074074,78234.73297674187,0.120555914701014,362373.8186064617,9,7,2,0.7777777777777778,2,compartmentalized,2,1,False,1.0289357640854395,0.7970883644029759,0.33630143897946163,0.6084612528653704,-0.25338964437022743,0.024399925023470763
exc_5PIT,864691135256642223,excitatory,5PIT,75,4,797.9428571428572,51128.192396684215,0.0991368625626333,112985.05513731102,7,5,2,0.7142857142857143,1,nonlinear-prone,1,0,False,0.4259385274984339,0.8542463477094295,0.3354516058808008,-1.6970926460025002,0.11576277426407382,0.0999244719941582
exc_5PIT,864691135256642223,excitatory,5PIT,76,4,736.9302325581396,125391.6023234851,0.2529973035739136,150116.7601007115,25,19,6,0.76,2,compartmentalized,1,2,False,0.9015112246702648,0.9752182523908975,0.3464521174827489,-0.36055939046869845,0.2026039646121154,0.4339311551784007
exc_5PIT,864691135256642223,excitatory,5PIT,77,16,832.0,32620.303829213204,0.0619422484763892,458483.2014836256,1,0,1,0.0,1,nonlinear-prone,2,1,False,,,,,,
exc_5PIT,864691135256642223,excitatory,5PIT,78,16,890.6,12640.056992968635,0.0231989492112331,448493.0780655034,0,0,0,,0,summation-like,2,1,False,,,,,,
exc_5PIT,864691135256642223,excitatory,5PIT,79,15,1694.0,7509.341615515178,0.0099932277686955,385576.4636683105,0,0,0,,0,summation-like,2,1,False,,,,,,
exc_5PIT,864691135256642223,excitatory,5PIT,80,15,778.5205479452055,107070.28865773894,0.2101815357750338,435356.9371894224,7,2,5,0.2857142857142857,2,compartmentalized,2,1,False,1.0580062622421282,0.8900228797732217,0.20999746970720495,0.7904635025658405,0.31026269255290406,-1.6807975424501047
exc_5PIT,864691135256642223,excitatory,5PIT,81,16,1194.3,28418.854374062015,0.0450412544697118,403540.5616630991,2,1,1,0.5,1,nonlinear-prone,2,1,False,,,,,,
exc_5PIT,864691135256642223,excitatory,5PIT,82,16,968.4615384615385,56289.35781653299,0.0990708142577288,417475.81338433456,3,1,2,0.3333333333333333,1,nonlinear-prone,2,1,False,,0.15886101205656783,0.37260601714582353,,-1.2164592761263227,0.20398716416453444
exc_5PIT,864691135256642223,excitatory,5PIT,83,5,314.87719298245617,82837.0976043155,0.2556906803263987,179967.7001378109,0,0,0,,2,compartmentalized,1,2,False,,,,,,
exc_5PIT,864691135256642223,excitatory,5PIT,84,5,613.3333333333334,10490.335631140326,0.0232007340926512,143794.31915122332,4,3,1,0.75,0,summation-like,1,0,False,,0.7212537612971489,0.40153933119252583,,0.25592950696728617,0.6107738867944458
exc_5PIT,864691135256642223,excitatory,5PIT,85,17,529.6,26431.710043108975,0.0629088723666936,488009.2084197867,0,0,0,,1,nonlinear-prone,2,1,False,,,,,,
exc_5PIT,864691135256642223,excitatory,5PIT,86,17,705.6,13581.065593041574,0.0280036852715161,481583.886194753,1,1,0,1.0,1,nonlinear-prone,2,1,False,,,,,,
exc_5PIT,864691135256642223,excitatory,5PIT,87,17,1055.3636363636365,31640.497938775225,0.0533461244616429,433570.2378195178,0,0,0,,1,nonlinear-prone,2,1,False,,,,,,
exc_5PIT,864691135256642223,excitatory,5PIT,88,17,811.0,51323.35603573762,0.0987109308645679,443411.66686799895,3,2,1,0.6666666666666666,1,nonlinear-prone,2,1,False,,0.8204164206476761,0.2256229866260501,,1.066749077550997,-0.8414177972155287
exc_5PIT,864691135256642223,excitatory,5PIT,89,5,834.3243243243244,109483.2114298534,0.2076063832446487,107053.8454458406,31,21,10,0.6774193548387096,2,compartmentalized,1,2,False,0.9084445821187265,0.9784007224538898,0.3270365795707129,-0.4276907111908632,0.16834304736245068,-0.20895141272562873
exc_5PIT,864691135256642223,excitatory,5PIT,90,5,1067.5384615384614,36751.93317644188,0.0616096937692168,70688.20631913483,16,7,9,0.4375,1,nonlinear-prone,1,0,False,0.959843570801245,1.0031280999251673,0.24584418976200448,0.12934174103474708,0.4700474809348908,-2.079995401907722
exc_5PIT,864691135256642223,excitatory,5PIT,91,18,821.0769230769231,17769.496481077505,0.0339659546980603,458275.2350294441,0,0,0,,1,nonlinear-prone,2,1,False,,,,,,
exc_5PIT,864691135256642223,excitatory,5PIT,92,18,846.0,25707.66087294654,0.048410326090546,462244.3172253786,1,0,1,0.0,1,nonlinear-prone,2,1,False,,,,,,
exc_5PIT,864691135256642223,excitatory,5PIT,93,18,641.6,12751.447689607992,0.0275732490389893,494750.1428360778,0,0,0,,1,nonlinear-prone,2,1,False,,,,,,
exc_5PIT,864691135256642223,excitatory,5PIT,94,18,486.22222222222223,10501.47104176605,0.026085151568227,493625.1545121568,0,0,0,,0,summation-like,2,1,False,,,,,,
exc_5PIT,864691135256642223,excitatory,5PIT,95,19,584.8571428571429,113912.66992762288,0.2579929030026105,524116.3182337943,1,1,0,1.0,2,compartmentalized,2,1,False,,,,,,
exc_5PIT,864691135256642223,excitatory,5PIT,96,19,736.2424242424242,46737.716674896554,0.0943447416125224,490528.8416074311,1,1,0,1.0,1,nonlinear-prone,2,1,False,,,,,,
exc_5PIT,864691135256642223,excitatory,5PIT,97,17,725.5,10465.068015644956,0.0212806051779987,460045.6405698101,1,0,1,0.0,0,summation-like,2,1,False,,,,,,
exc_5PIT,864691135256642223,excitatory,5PIT,98,17,627.8,27463.9289975234,0.0600361230851261,468545.07106074935,0,0,0,,1,nonlinear-prone,2,1,False,,,,,,
exc_5PIT,864691135256642223,excitatory,5PIT,99,18,515.1666666666666,34640.777237729315,0.0835938596637047,482598.56319649727,1,0,1,0.0,1,nonlinear-prone,2,1,False,,,,,,
exc_5PIT,864691135256642223,excitatory,5PIT,100,18,585.8947368421053,25462.832907646585,0.057617916401986,478009.5910314559,1,1,0,1.0,1,nonlinear-prone,2,1,False,,,,,,
exc_5PIT,864691135256642223,excitatory,5PIT,101,6,707.3333333333334,16506.65750848355,0.0339944254378406,229639.57769421043,3,3,0,1.0,1,nonlinear-prone,2,1,False,,0.7682824668496232,0.4416871175760176,,0.967977605623187,0.6614720972814102
exc_5PIT,864691135256642223,excitatory,5PIT,102,6,499.1111111111111,10507.88588597078,0.0257618683211141,226640.19188295404,0,0,0,,0,summation-like,2,1,False,,,,,,
exc_5PIT,864691135256642223,excitatory,5PIT,103,7,630.0,5988.815803112522,0.0130686674956718,240887.31435000847,1,0,1,0.0,0,summation-like,2,1,False,,,,,,
exc_5PIT,864691135256642223,excitatory,5PIT,104,7,586.6666666666666,2041.7464531771768,0.0046170728878824,238913.7796750408,0,0,0,,0,summation-like,2,1,False,,,,,,
exc_5PIT,864691135256642223,excitatory,5PIT,105,8,745.6,6020.711167253935,0.0120769000183725,246892.0778351917,0,0,0,,0,summation-like,2,1,False,,,,,,
exc_5PIT,864691135256642223,excitatory,5PIT,106,8,495.0,2856.916709768825,0.0070332427481842,245310.1806064491,0,0,0,,0,summation-like,2,1,False,,,,,,
exc_5PIT,864691135256642223,excitatory,5PIT,107,9,937.6,6027.378354857146,0.0107815271826069,252916.12259624724,2,2,0,1.0,0,summation-like,2,1,False,,,,,,
exc_5PIT,864691135256642223,excitatory,5PIT,108,9,476.0,2963.062667631286,0.0074387161624041,251383.96475263432,0,0,0,,0,summation-like,2,1,False,,,,,,
exc_5PIT,864691135256642223,excitatory,5PIT,109,2,1380.0,965.9109689821314,0.0014241580273819,15893.111096943525,0,0,0,,0,summation-like,0,0,False,,,,,,
exc_5PIT,864691135256642223,excitatory,5PIT,110,2,754.125,117336.02465530216,0.234029351093375,74078.16794010354,20,12,8,0.6,2,compartmentalized,0,2,False,0.8942975995972529,0.8536030149433858,0.3114505150331673,-0.28528676848447543,-0.4505124095202208,-0.557436250809533
exc_5PIT,864691135256642223,excitatory,5PIT,111,10,710.1818181818181,14450.641009296478,0.0297004455774991,263155.13227832405,1,1,0,1.0,1,nonlinear-prone,2,1,False,,,,,,
exc_5PIT,864691135256642223,excitatory,5PIT,112,10,579.0,6105.678868345582,0.0138980959003283,258982.6512078486,1,1,0,1.0,0,summation-like,2,1,False,,,,,,
exc_5PIT,864691135256642223,excitatory,5PIT,113,3,830.3018867924528,157217.95149604743,0.2988441427329818,94985.0423294583,29,11,18,0.3793103448275862,2,compartmentalized,0,2,False,0.7652149686036736,1.1018687056012566,0.3299883917868574,-1.396713184267411,0.874870673223343,-0.14860880586980804
exc_5PIT,864691135256642223,excitatory,5PIT,114,3,764.9444444444445,104893.91444038993,0.2077284462400125,68823.02380162955,21,9,12,0.4285714285714285,2,compartmentalized,0,2,False,0.8744482505906991,0.8993392690171893,0.2968969962460716,-0.46040286949181536,-0.20335997980411613,-1.0311038577434732
exc_5PIT,864691135256642223,excitatory,5PIT,115,2,1479.5,10528.509677055052,0.0149923614224142,22385.27696691391,5,0,5,0.0,0,summation-like,0,0,False,1.1052929308404607,0.509256407421825,0.363315663453301,1.0352727814168854,-0.8315593513395201,0.2916644059427803
exc_5PIT,864691135256642223,excitatory,5PIT,116,2,858.7234042553191,67426.84299741386,0.1260279301362902,50834.44362709331,18,4,14,0.2222222222222222,2,compartmentalized,0,2,False,0.8776035228643178,1.2467290448735475,0.37004952810783515,-0.3730602798599476,1.6812865389118241,0.9734330576214512
exc_5PIT,864691135256642223,excitatory,5PIT,117,2,1066.8,6006.291320670929,0.0100722272697321,19117.27577554573,2,0,2,0.0,0,summation-like,0,0,False,,,,,,
exc_5PIT,864691135256642223,excitatory,5PIT,118,2,747.4468085106383,67733.05564293434,0.1356972822923948,49980.65793667744,14,7,7,0.5,2,compartmentalized,0,2,False,1.1657302345066638,0.5806562747323815,0.33772506957626586,1.2435624521531479,-1.5779446689551744,0.07854848641313729
exc_5PIT,864691135256642223,excitatory,5PIT,119,3,854.1081081081081,165095.27062354513,0.3094132001029029,110197.167117214,23,17,6,0.7391304347826086,2,compartmentalized,0,2,False,0.9107784780137548,0.9556686069793329,0.26499907893449204,-0.25782875803752064,0.06495718428782764,-1.9466247123133853
exc_5PIT,864691135256642223,excitatory,5PIT,120,3,1272.7272727272727,13414.600209148426,0.020595421577644,34356.83191001565,2,0,2,0.0,0,summation-like,0,0,False,,,,,,
exc_5PIT,864691135256642223,excitatory,5PIT,121,3,920.7021276595744,139377.56423389306,0.2515903182488239,91809.20355282772,26,8,18,0.3076923076923077,2,compartmentalized,0,2,False,0.8519634546814678,1.1847547312383273,0.2552628089525209,-0.6383664769617277,1.4302631137410193,-2.4306186354381243
exc_5PIT,864691135256642223,excitatory,5PIT,122,3,838.6666666666666,95201.35635793848,0.180056611252604,69721.09961485043,29,18,11,0.6206896551724138,2,compartmentalized,0,2,False,0.9599624710981649,1.3760879776897916,0.38672172548796907,-0.014702427584069516,2.658453494920457,1.8331132733576196
exc_5PIT,864691135256642223,excitatory,5PIT,123,2,800.1935483870968,90465.421726446,0.1751643479228941,100414.261961264,16,14,2,0.875,2,compartmentalized,0,2,False,1.170505914744068,0.7027045728630591,0.38060969478301887,1.305341561359946,-1.1228120848009695,1.1527214753840909
exc_5PIT,864691135256642223,excitatory,5PIT,124,2,836.0,23293.498576498576,0.0441257612781154,66828.3003862903,2,1,1,0.5,1,nonlinear-prone,0,0,False,,,,,,
exc_5PIT,864691135256642223,excitatory,5PIT,125,4,1354.0,1494.0140561587766,0.002223852499811,41811.13904266925,0,0,0,,0,summation-like,1,0,False,,,,,,
exc_5PIT,864691135256642223,excitatory,5PIT,126,4,818.4242424242424,95579.9914735646,0.1829946412824679,88854.12775137217,19,11,8,0.5789473684210527,2,compartmentalized,1,2,False,1.0245372169598508,0.7417155585971461,0.35438108588278217,0.4512055779079431,-0.9957532444555176,0.6307322135065764
exc_5PIT,864691135256642223,excitatory,5PIT,127,15,1026.3703703703704,39103.94197745078,0.0668542643200443,421043.156083558,3,1,2,0.3333333333333333,1,nonlinear-prone,2,1,False,,0.8466425568685985,0.11856549635822344,,1.2563204401837815,-1.3867923827325612
exc_5PIT,864691135256642223,excitatory,5PIT,128,15,1070.0666666666666,40681.864474186375,0.068117085579072,421832.1173319258,0,0,0,,1,nonlinear-prone,2,1,False,,,,,,
exc_5PIT,864691135256642223,excitatory,5PIT,129,5,812.0,102829.0411748528,0.1976507192155571,93972.66665817505,20,14,6,0.7,2,compartmentalized,1,2,False,0.8347757725931911,0.8813486293173471,0.33409899071032145,-0.5761396383052542,-0.32918202791731044,0.01487396680040248
exc_5PIT,864691135256642223,excitatory,5PIT,130,5,810.6666666666666,64965.028912600086,0.1249738374504634,75040.66052704869,9,4,5,0.4444444444444444,2,compartmentalized,1,2,False,0.8592707654369324,0.9672727637688568,0.3465111391979947,-0.14236332733727275,0.4755106768636555,0.3102048383437245
exc_5PIT,864691135256642223,excitatory,5PIT,131,16,716.3098591549295,104291.1699484982,0.21343109987144,492740.71204653254,0,0,0,,2,compartmentalized,2,1,False,,,,,,
exc_5PIT,864691135256642223,excitatory,5PIT,132,16,1183.0,3626.231590283351,0.0057746250707395,442408.2428674251,0,0,0,,0,summation-like,2,1,False,,,,,,
exc_5PIT,864691135256642223,excitatory,5PIT,133,17,698.5882352941177,23438.56481009359,0.0485714433348365,455940.6410676136,0,0,0,,1,nonlinear-prone,2,1,False,,,,,,
exc_5PIT,864691135256642223,excitatory,5PIT,134,17,768.4,27193.89152535194,0.0537326562320772,457818.3044252427,3,1,2,0.3333333333333333,1,nonlinear-prone,2,1,False,,0.7452525693162262,0.23228888116134605,,0.7911424792019316,-0.6357755052126242
exc_5PIT,864691135256642223,excitatory,5PIT,135,4,755.609756097561,121525.60830126773,0.2421473121078917,110507.98056492292,22,14,8,0.6363636363636364,2,compartmentalized,1,2,False,0.8772007583132425,1.0211171859045727,0.3256465569176449,-0.4971341628268282,0.5386148533269894,-0.21936397873874175
exc_5PIT,864691135256642223,excitatory,5PIT,136,4,558.3,26495.43388503668,0.0614183081832982,62992.893356807384,6,2,4,0.3333333333333333,1,nonlinear-prone,1,0,False,0.4012918859845904,1.2205413091488888,0.45342861553261093,-1.62590913157262,1.6647843963895388,1.4929307626549417
exc_5PIT,864691135256642223,excitatory,5PIT,137,18,394.0,16499.119161349736,0.0455274447073058,475909.4830533352,0,0,0,,1,nonlinear-prone,2,1,False,,,,,,
exc_5PIT,864691135256642223,excitatory,5PIT,138,18,609.6666666666666,15064.239031598934,0.0334165492210479,475192.0429884598,0,0,0,,1,nonlinear-prone,2,1,False,,,,,,
exc_5PIT,864691135256642223,excitatory,5PIT,139,2,801.3658536585366,121225.73977668762,0.234552493295394,81184.1177904192,18,12,6,0.6666666666666666,2,compartmentalized,0,2,False,0.767293941806731,1.399180988541024,0.34598370104170284,-1.0299052471723156,2.5305666613217044,0.3481577526687706
exc_5PIT,864691135256642223,excitatory,5PIT,140,2,841.578947368421,111361.27030734975,0.2102555034448988,76251.88305575028,31,14,17,0.4516129032258064,2,compartmentalized,0,2,False,1.051688497024544,1.2115445593129186,0.31066516559332474,0.6282171772288263,1.5729788687466821,-0.8276984662373607
exc_6PCT,864691135866795798,excitatory,6PCT,0,0,4092.4,10569.529978705268,0.0090495558416181,5284.764989352634,8,0,8,0.0,0,summation-like,0,0,False,0.5625655241558961,0.8437255661261942,0.17556724072282287,-1.3180283449938872,0.023756231109683185,-2.4698117832704187
exc_6PCT,864691135866795798,excitatory,6PCT,1,1,5064.666666666667,12294.545255506451,0.0094623207082937,6147.272627753226,2,0,2,0.0,0,summation-like,0,0,False,,,,,,
exc_6PCT,864691135866795798,excitatory,6PCT,2,1,3689.0,19064.99244588997,0.0171926545594673,9532.496222944985,3,0,3,0.0,0,summation-like,0,0,False,,0.7204225759737076,0.4212088357132419,,0.7650471215302783,0.5990619568310823
exc_6PCT,864691135866795798,excitatory,6PCT,3,1,896.3092783505155,154612.9668706507,0.2828639457758156,77306.48343532535,14,6,8,0.4285714285714285,2,compartmentalized,0,2,False,1.0821264566396,1.208243526193018,0.38303112851899296,0.7833988961851793,1.4547144222275896,1.1076991043234776
exc_6PCT,864691135866795798,excitatory,6PCT,4,1,901.6041666666666,151992.29981361234,0.2772517261562214,75996.14990680617,22,8,14,0.3636363636363636,2,compartmentalized,0,2,False,0.9007485074523452,1.2922891130854237,0.38119880228944875,-0.2878220518414242,2.0580366402307684,1.3584990665240853
exc_6PCT,864691135866795798,excitatory,6PCT,5,1,862.4878048780488,132167.86229610158,0.246496076815594,66083.93114805079,8,3,5,0.375,2,compartmentalized,0,2,False,0.6896702461761551,1.1735008059478331,0.28252176780989274,-0.8011167597180586,1.4066304574796593,-0.8336198799132649
exc_6PCT,864691135866795798,excitatory,6PCT,6,1,1454.5217391304348,43063.58056644978,0.0618458632673403,21531.79028322489,9,0,9,0.0,1,nonlinear-prone,0,0,False,0.607224603988518,0.8414069686174271,0.2589361371229694,-1.2707106596848763,0.009542247025203525,-1.2157084283769908
exc_6PCT,864691135866795798,excitatory,6PCT,7,1,1920.8,25652.591969770245,0.0320590616866093,12826.295984885122,2,0,2,0.0,1,nonlinear-prone,0,0,False,,,,,,
exc_6PCT,864691135866795798,excitatory,6PCT,8,1,2312.25,22957.59546741042,0.0261498759063834,11478.79773370521,5,0,5,0.0,0,summation-like,0,0,False,0.3769132815192032,0.8477932163853551,0.19060710024667138,-1.497588642543687,0.3793472713485161,-1.5525969024583444
exc_6PCT,864691135866795798,excitatory,6PCT,9,1,2079.0,4384.31745539611,0.0052666611252218,12761.688706403324,0,0,0,,0,summation-like,0,0,False,,,,,,
exc_6PCT,864691135866795798,excitatory,6PCT,10,1,812.7111111111111,132391.24939279244,0.2543617530012839,76765.15467510148,14,5,9,0.3571428571428571,2,compartmentalized,0,2,False,0.9999892822473355,0.8836196176535298,0.33203199641850306,0.40245209212088034,-0.1762838829074793,0.008098315648315407
exc_6PCT,864691135866795798,excitatory,6PCT,11,2,1821.6666666666667,16183.349149867438,0.0207679952386391,23045.5220090351,3,0,3,0.0,0,summation-like,0,0,False,,0.6968254095649211,0.4564875195214295,,0.7474916620257069,0.834528832722698
exc_6PCT,864691135866795798,excitatory,6PCT,12,2,1439.142857142857,18001.15790594635,0.0259901697277791,23954.426387074556,5,1,4,0.2,0,summation-like,0,0,False,0.8127668239068377,0.8209704943675737,0.38739830253683105,0.02481295120499645,0.3499139796618008,0.6479411838487609
exc_6PCT,864691135866795798,excitatory,6PCT,13,3,1585.0,31467.217008482618,0.0432916690011658,46870.80508821012,6,1,5,0.1666666666666666,1,nonlinear-prone,0,0,False,0.9585623564794608,0.9301053910143188,0.39365115956032926,0.4892145501933521,0.5347435051271603,0.7332075122388982
exc_6PCT,864691135866795798,excitatory,6PCT,14,3,990.0,21110.69583190386,0.0367490044601154,41692.54449992075,1,0,1,0.0,1,nonlinear-prone,0,0,False,,,,,,
exc_6PCT,864691135866795798,excitatory,6PCT,15,5,839.8529411764706,100137.7983233738,0.1892592183914752,120756.60585743056,14,3,11,0.2142857142857142,2,compartmentalized,1,2,False,0.27976420464828766,1.7986153120158805,0.3227600709168572,-3.308256896665459,4.272188130224691,-0.15677218476329652
exc_6PCT,864691135866795798,excitatory,6PCT,16,5,776.8923076923077,93382.7890000411,0.1835046430354478,117379.1011957642,10,7,3,0.7,2,compartmentalized,1,2,False,1.0928161231276563,0.7858345920497033,0.3481110928927058,0.7966936113218628,-0.3105182803292933,0.26702583480487113
exc_6PCT,864691135866795798,excitatory,6PCT,17,5,980.0,2947.6586896207427,0.0051573283753226,44970.89510968435,1,1,0,1.0,0,summation-like,1,0,False,,,,,,
exc_6PCT,864691135866795798,excitatory,6PCT,18,5,723.7777777777778,10744.573677387612,0.0218749562558899,48869.352603567786,1,0,1,0.0,0,summation-like,1,0,False,,,,,,
exc_6PCT,864691135866795798,excitatory,6PCT,19,4,1458.5263157894738,27049.6686347242,0.0387940786489405,76129.24790981354,9,4,5,0.4444444444444444,1,nonlinear-prone,1,0,False,0.8261544735303683,0.8356417968205299,0.3421701763948354,-0.2575663801781037,-0.09437397506676355,0.10271817348015262
exc_6PCT,864691135866795798,excitatory,6PCT,20,4,1361.7142857142858,8083.293103292224,0.011997919875263,66646.06014409754,0,0,0,,0,summation-like,1,0,False,,,,,,
exc_6PCT,864691135866795798,excitatory,6PCT,21,6,797.3333333333334,60138.38486927254,0.1166520639271448,76513.916889131,6,4,2,0.6666666666666666,1,nonlinear-prone,2,2,False,1.1022020830219523,0.634707933349279,0.3743271148786561,0.9471683380230466,-0.58524970944398,0.46819736759468894
exc_6PCT,864691135866795798,excitatory,6PCT,22,6,786.6666666666666,6359.235791294576,0.0124185297350837,49624.34235014201,0,0,0,,0,summation-like,2,0,False,,,,,,
exc_6PCT,864691135866795798,excitatory,6PCT,23,5,1368.3636363636365,31370.468287945085,0.0464494811141335,105339.31637114818,9,1,8,0.1111111111111111,1,nonlinear-prone,1,0,False,0.3648030145781472,1.5275389467972509,0.18502666436876167,-2.22873568127111,2.952719092841383,-2.5820414499421798
exc_6PCT,864691135866795798,excitatory,6PCT,24,5,1808.0,2101.9196999561173,0.0027075565425247,90705.04207715367,0,0,0,,0,summation-like,1,0,False,,,,,,
exc_6PCT,864691135866795798,excitatory,6PCT,25,3,820.32,110831.89894008296,0.2119501613912637,88370.9548100892,17,3,14,0.1764705882352941,2,compartmentalized,0,2,False,0.954930465570793,0.9508668789648509,0.32939773616877926,0.10456638331511596,0.13120900482665668,-0.1111262582857672
exc_6PCT,864691135866795798,excitatory,6PCT,26,3,800.4,78220.95485914439,0.1514363733848119,72065.48276961994,8,4,4,0.5,2,compartmentalized,0,2,False,0.9257961502088646,0.8824479960827175,0.24976556466143596,0.2181298053535952,0.19579154390437,-1.305474544058786
exc_6PCT,864691135866795798,excitatory,6PCT,27,6,1270.0,7485.687187432894,0.0115051011624967,124767.39410883716,0,0,0,,0,summation-like,2,0,False,,,,,,
exc_6PCT,864691135866795798,excitatory,6PCT,28,6,773.5483870967741,89918.12476602272,0.1770778034018391,165983.6128981321,10,7,3,0.7,2,compartmentalized,2,2,False,0.9098870563205815,1.049173052717546,0.3065953391125323,0.019810450470554863,0.7915645555477981,-0.45069196390145627
exc_6PCT,864691135866795798,excitatory,6PCT,29,7,1113.76,36036.231925055414,0.0591431147129354,146528.35366508132,8,4,4,0.5,1,nonlinear-prone,2,0,False,0.7235336054534292,0.987087413126086,0.3572117480201831,-0.606641929899205,0.6052616567846377,0.3482691054877875
exc_6PCT,864691135866795798,excitatory,6PCT,30,7,719.4603174603175,91020.6879835006,0.1858648727404776,174020.58169430392,11,10,1,0.9090909090909092,2,compartmentalized,2,2,False,0.8159637469889485,0.95106455671851,0.3685304430237503,-0.33296333192015637,0.24786068296212224,0.708491151764616
exc_6PCT,864691135866795798,excitatory,6PCT,31,2,957.3333333333334,42956.15005701575,0.0760421500399002,64541.65559495766,4,1,3,0.25,1,nonlinear-prone,0,0,False,,0.7695874808621559,0.19460153155428062,,0.44790526784200896,-1.317822676900734
exc_6PCT,864691135866795798,excitatory,6PCT,32,2,707.4468085106383,67331.21333756167,0.1386532878087291,76729.18723523061,6,3,3,0.5,2,compartmentalized,0,2,False,0.8192164346983575,0.6318450132317265,0.20567448140829725,-0.08204585521237413,-0.5362783060611066,-1.639674821923293
exc_6PCT,864691135866795798,excitatory,6PCT,33,2,642.7378640776699,150735.0316673391,0.325655098002129,94432.50827955952,16,6,10,0.375,2,compartmentalized,0,2,False,0.8852063217313971,0.7414398143765351,0.24811796984818693,-0.2953967131600935,-0.8220143882176731,-2.1315031738258226
exc_6PCT,864691135866795798,excitatory,6PCT,34,2,1069.0,15012.913325600914,0.0251499283450006,26571.449108690427,3,0,3,0.0,0,summation-like,0,0,False,,0.18383760369472263,0.08086839198365882,,-1.1497383084188555,-1.697753277188921
exc_6PCT,864691135866795798,excitatory,6PCT,35,8,1035.304347826087,32871.40663730254,0.0559557726934479,180982.17294626028,3,2,1,0.6666666666666666,1,nonlinear-prone,2,0,False,,0.8257554100280423,0.4888603426620014,,1.0879561825189414,1.017712212071485
exc_6PCT,864691135866795798,excitatory,6PCT,36,8,691.3777777777777,64107.29363760223,0.1335396895351304,196600.11644641013,9,6,3,0.6666666666666666,2,compartmentalized,2,2,False,0.6521805260405523,0.7862295376566217,0.29646760586652016,-0.9984577679202241,-0.289799392507098,-0.6280826044764833
exc_6PCT,864691135866795798,excitatory,6PCT,37,3,910.08,35901.111256921184,0.0651821578714547,103970.28625192613,2,2,0,1.0,1,nonlinear-prone,0,0,False,,,,,,
exc_6PCT,864691135866795798,excitatory,6PCT,38,3,284.7692307692308,16370.089631251789,0.0531330998131285,94204.77543909142,0,0,0,,1,nonlinear-prone,0,0,False,,,,,,
exc_6PCT,864691135866795798,excitatory,6PCT,39,9,973.6470588235294,49327.80243278253,0.086586785548159,222081.7774813028,11,8,3,0.7272727272727273,1,nonlinear-prone,2,0,False,0.6031370705892243,0.7653002500144916,0.23069461147545167,-1.3253917167747273,-0.546661191278852,-1.992234459601965
exc_6PCT,864691135866795798,excitatory,6PCT,40,9,639.3962264150944,75983.84469492263,0.1645875033912718,235409.7986123729,10,5,5,0.5,2,compartmentalized,2,2,False,0.9702211128461611,0.8140201023277776,0.30809644433691236,0.30900301568536787,-0.21116544236204143,-0.4571947848514016
exc_6PCT,864691135866795798,excitatory,6PCT,41,2,821.4516129032259,90316.80614746576,0.1725989722485342,70810.99504350312,5,4,1,0.8,2,compartmentalized,0,2,False,0.5659065187075838,0.5734852062368605,0.18583464591907212,-0.8580504705599818,-0.57334661552234,-1.5658302751135538
exc_6PCT,864691135866795798,excitatory,6PCT,42,2,851.9649122807018,83265.51348174467,0.1562481692656468,67285.34871064257,6,2,4,0.3333333333333333,2,compartmentalized,0,2,False,0.5766565081740389,1.0689373104779027,0.21991118457155653,-0.965206195505118,1.1504196611421116,-1.3844977493917225
exc_6PCT,864691135866795798,excitatory,6PCT,43,4,814.9090909090909,31453.712225655792,0.0603500945801746,66519.67814713465,0,0,0,,1,nonlinear-prone,1,0,False,,,,,,
exc_6PCT,864691135866795798,excitatory,6PCT,44,4,409.0,3154.3924157729684,0.0085430843273435,52370.01824219323,0,0,0,,0,summation-like,1,0,False,,,,,,
exc_6PCT,864691135866795798,excitatory,6PCT,45,10,730.7816091954023,128152.13546559094,0.2596525966588489,310821.7464304896,13,8,5,0.6153846153846154,2,compartmentalized,2,2,False,0.8007809304643365,0.8844253620296149,0.3142117432721244,-0.6106780936818453,-0.03895432421058809,-0.44821550158739193
exc_6PCT,864691135866795798,excitatory,6PCT,46,10,952.0,12908.1674254439,0.0229143078227024,253199.76241041603,3,2,1,0.6666666666666666,0,summation-like,2,1,False,,0.017361395604051637,0.1849104962768412,,-1.730883975322124,-1.012405964782071
exc_6PCT,864691135866795798,excitatory,6PCT,47,5,736.0,7220.875978544169,0.0145784585394552,85856.97224923463,1,0,1,0.0,0,summation-like,1,0,False,,,,,,
exc_6PCT,864691135866795798,excitatory,6PCT,48,5,633.3333333333334,2027.8739734760757,0.0044135232179193,83260.47124670059,0,0,0,,0,summation-like,1,0,False,,,,,,
exc_6PCT,864691135866795798,excitatory,6PCT,49,7,706.0,8171.375257788606,0.0168443180125252,56889.6478746836,4,0,4,0.0,0,summation-like,2,0,False,,0.5899382509520085,0.40369351305455803,,-0.1809870329406301,0.6212505081087445
exc_6PCT,864691135866795798,excitatory,6PCT,50,7,541.2,4539.856552131923,0.0106886747973849,55073.88852185526,1,0,1,0.0,0,summation-like,2,0,False,,,,,,
exc_6PCT,864691135866795798,excitatory,6PCT,51,4,732.1518987341772,116842.85505564156,0.2365169071692457,110669.31994369348,15,9,6,0.6,2,compartmentalized,1,2,False,0.6266652609788197,1.0407311164359967,0.2753788556074732,-1.6158359285353556,0.7135008565822609,-1.3082708367527134
exc_6PCT,864691135866795798,excitatory,6PCT,52,4,783.438596491228,82066.26800127618,0.1605916017371101,93281.02641651077,14,8,6,0.5714285714285714,2,compartmentalized,1,2,False,0.8943299831743445,1.0282046281916406,0.40055164724238984,-0.12951639911780644,0.5491817484079529,1.492621490735485
exc_6PCT,864691135866795798,excitatory,6PCT,53,11,537.8039215686274,74040.35694765991,0.1748707403949115,411917.99263711495,4,2,2,0.5,2,compartmentalized,2,1,False,,0.41830897335286477,0.2726108700346637,,-0.8383746303862494,-0.541276358183019
exc_6PCT,864691135866795798,excitatory,6PCT,54,11,511.06666666666666,64627.76416891012,0.156581691743255,407211.69624774007,3,1,2,0.3333333333333333,2,compartmentalized,2,1,False,,0.04816231209973664,0.23587674900894798,,-1.5575055666965079,-0.6830808741267521
exc_6PCT,864691135866795798,excitatory,6PCT,55,3,756.1621621621622,108728.07246595564,0.2165682790227507,84699.38490433434,11,5,6,0.4545454545454545,2,compartmentalized,0,2,False,0.8827195938411394,0.6544925483574083,0.2948437313782394,-0.05707196605003409,-1.0299311218091418,-0.7630598637330465
exc_6PCT,864691135866795798,excitatory,6PCT,56,3,760.271186440678,84595.21542753124,0.1680436717742377,72632.95638512213,4,0,4,0.0,2,compartmentalized,0,2,False,,0.5462547380153691,0.3125324632616837,,-0.3605000262454284,-0.18817449520127466
exc_6PCT,864691135866795798,excitatory,6PCT,57,2,877.5,9462.098239931882,0.017495425834642,17025.594375472392,1,0,1,0.0,0,summation-like,0,0,False,,,,,,
exc_6PCT,864691135866795798,excitatory,6PCT,58,2,815.5714285714286,18040.803415850063,0.0346007490011044,21314.94696343148,2,0,2,0.0,1,nonlinear-prone,0,0,False,,,,,,
exc_6PCT,864691135866795798,excitatory,6PCT,59,3,799.0769230769231,56436.7794160276,0.1093524595623239,49975.033203452134,5,1,4,0.2,1,nonlinear-prone,0,0,False,0.8053649074745367,0.49376734333310063,0.3305497419647585,-0.027183777959260472,-0.8858059420677509,-0.05260575530128372
exc_6PCT,864691135866795798,excitatory,6PCT,60,3,769.8947368421053,110237.73031259858,0.2176081791380251,76875.50865173762,16,9,7,0.5625,2,compartmentalized,0,2,False,1.2228615815395587,0.8274061906405628,0.3011119209474698,1.485189719474826,-0.37205120485874954,-0.6879413161954311
exc_6PCT,864691135866795798,excitatory,6PCT,61,4,942.0,8677.020618128208,0.0154848073074377,82531.93322053005,0,0,0,,0,summation-like,1,0,False,,,,,,
exc_6PCT,864691135866795798,excitatory,6PCT,62,4,461.0,3298.910049526645,0.0084155138404441,79842.87793622926,1,1,0,1.0,0,summation-like,1,0,False,,,,,,
exc_6PCT,864691135866795798,excitatory,6PCT,63,5,1086.0,4410.121827647703,0.0073298704952445,89075.504443418,0,0,0,,0,summation-like,1,0,False,,,,,,
exc_6PCT,864691135866795798,excitatory,6PCT,64,5,363.42857142857144,7012.088553942472,0.0201464479411195,90376.4878065654,0,0,0,,0,summation-like,1,0,False,,,,,,
exc_6PCT,864691135866795798,excitatory,6PCT,65,11,788.2641509433962,77667.83061157224,0.1515185878823792,298487.7614289241,12,5,7,0.4166666666666667,2,compartmentalized,2,1,False,0.5587151103254755,1.441914021845182,0.2822976335166749,-1.6253506300340175,2.5885725963484143,-1.0132166882865525
exc_6PCT,864691135866795798,excitatory,6PCT,66,11,585.939393939394,45477.681998666245,0.1029040811589955,282392.6871224711,4,2,2,0.5,1,nonlinear-prone,2,1,False,,0.985065868353338,0.22970104131276126,,1.131831414971233,-0.9170153206002519
exc_6PCT,864691135866795798,excitatory,6PCT,67,11,578.2307692307693,35733.86080912355,0.0813935460716559,277520.7765276998,4,1,3,0.25,1,nonlinear-prone,2,1,False,,0.4682415460075001,0.32122724466263375,,-0.6598545190265874,-0.08287543972193781
exc_6PCT,864691135866795798,excitatory,6PCT,68,6,812.0,25194.96227805923,0.0484279767463694,103878.04649627146,6,5,1,0.8333333333333334,1,nonlinear-prone,2,0,False,1.0359151555909054,0.9002601296872239,0.3873862804585115,0.7159136717142007,0.44863644207973,0.6184327329268929
exc_6PCT,864691135866795798,excitatory,6PCT,69,6,790.0,6089.633644874714,0.0118669263712949,94325.3821796792,1,1,0,1.0,0,summation-like,2,0,False,,,,,,
exc_6PCT,864691135866795798,excitatory,6PCT,70,7,764.6666666666666,2149.519339661614,0.0042576102704965,117550.28730513187,0,0,0,,0,summation-like,2,0,False,,,,,,
exc_6PCT,864691135866795798,excitatory,6PCT,71,7,560.9090909090909,14189.436464075636,0.0328155385194539,123570.2458673389,0,0,0,,1,nonlinear-prone,2,0,False,,,,,,
exc_6PCT,864691135866795798,excitatory,6PCT,72,8,860.4,5985.599764814591,0.01117681597271,121617.84685737,0,0,0,,0,summation-like,2,0,False,,,,,,
exc_6PCT,864691135866795798,excitatory,6PCT,73,8,656.5454545454545,30585.677962559326,0.0653802142482263,133917.88595624236,3,3,0,1.0,1,nonlinear-prone,2,0,False,,0.5867729177147941,0.33335668311969335,,0.2817509483320513,0.019265298083600113
exc_6PCT,864691135866795798,excitatory,6PCT,74,9,755.3333333333334,7478.647290419527,0.0149043950532132,128349.97038498704,2,2,0,1.0,0,summation-like,2,0,False,,,,,,
exc_6PCT,864691135866795798,excitatory,6PCT,75,9,682.6666666666666,1818.0525232366715,0.0038112084643333,125519.6730013956,0,0,0,,0,summation-like,2,0,False,,,,,,
exc_6PCT,864691135866795798,excitatory,6PCT,76,10,739.7777777777778,11935.584364019884,0.0240355283644641,138057.08621220675,1,1,0,1.0,0,summation-like,2,0,False,,,,,,
exc_6PCT,864691135866795798,excitatory,6PCT,77,10,556.6666666666666,1943.5538827781063,0.0045119014445268,133061.07097158587,0,0,0,,0,summation-like,2,0,False,,,,,,
exc_6PCT,864691135866795798,excitatory,6PCT,78,11,812.0,5974.657162453746,0.0114840639544361,147012.20697544358,1,0,1,0.0,0,summation-like,2,0,False,,,,,,
exc_6PCT,864691135866795798,excitatory,6PCT,79,11,447.0,3171.413851896856,0.0082159877779733,145610.58532016515,0,0,0,,0,summation-like,2,0,False,,,,,,
exc_6PCT,864691135866795798,excitatory,6PCT,80,12,763.2727272727273,14438.122723040531,0.0286240765026465,157218.5969181907,2,0,2,0.0,1,nonlinear-prone,2,0,False,,,,,,
exc_6PCT,864691135866795798,excitatory,6PCT,81,12,648.6666666666666,1992.2941518672735,0.0042845310735344,150995.6826326041,0,0,0,,0,summation-like,2,0,False,,,,,,
exc_6PCT,864691135866795798,excitatory,6PCT,82,12,580.5,93841.98991877974,0.21333235309751,384242.6716941001,9,2,7,0.2222222222222222,2,compartmentalized,2,1,False,0.7704210049568795,1.0218149639865837,0.4072301824642362,-0.4932573135738643,0.7104166116586494,1.1827344189297568
exc_6PCT,864691135866795798,excitatory,6PCT,83,12,626.7826086956521,32084.589711966622,0.0701937829716259,353363.9715906935,4,2,2,0.5,1,nonlinear-prone,2,1,False,,0.4866177532744971,0.3849629863983552,,-0.5938967680109138,0.4266520933614691
exc_6PCT,864691135866795798,excitatory,6PCT,84,13,707.3333333333334,7505.818891498369,0.0154577630586834,168190.56772546016,0,0,0,,0,summation-like,2,0,False,,,,,,
exc_6PCT,864691135866795798,excitatory,6PCT,85,13,482.0,3039.300001668599,0.007582469613297,165957.3082805453,0,0,0,,0,summation-like,2,0,False,,,,,,
exc_6PCT,864691135866795798,excitatory,6PCT,86,14,809.7142857142857,8246.040027361856,0.0158723110281067,176066.49718489026,3,2,1,0.6666666666666666,0,summation-like,2,0,False,,0.02284062926121033,0.3612021835974064,,-1.6285531325693818,0.14423283179794863
exc_6PCT,864691135866795798,excitatory,6PCT,87,14,538.6666666666666,1596.768441807397,0.0037682743764839,172741.86139211306,0,0,0,,0,summation-like,2,0,False,,,,,,
exc_6PCT,864691135866795798,excitatory,6PCT,88,6,983.6363636363636,14942.546225907256,0.0260956397065704,99227.27504008538,2,0,2,0.0,0,summation-like,2,0,False,,,,,,
exc_6PCT,864691135866795798,excitatory,6PCT,89,6,820.2142857142857,79837.17612260261,0.152687023905623,131674.58998843306,5,3,2,0.6,2,compartmentalized,2,2,False,0.727601125340681,1.0204677575521348,0.5192624974210445,-0.2834061945142678,1.0726596118210492,2.005636843110294
exc_6PCT,864691135866795798,excitatory,6PCT,90,7,773.5294117647059,23904.333310540413,0.0470759233886785,118650.71480830922,2,2,0,1.0,1,nonlinear-prone,2,0,False,,,,,,
exc_6PCT,864691135866795798,excitatory,6PCT,91,7,726.75,21081.380149581513,0.0428318809635754,117239.23822782976,1,0,1,0.0,1,nonlinear-prone,2,0,False,,,,,,
exc_6PCT,864691135866795798,excitatory,6PCT,92,2,748.0,84473.05676423029,0.1691718265396384,65194.12384952557,10,1,9,0.1,2,compartmentalized,0,2,False,0.8408497147861722,1.0815883861459514,0.3248960138712814,-0.3180112138257601,1.0447061786875624,-0.09562251933768744
exc_6PCT,864691135866795798,excitatory,6PCT,93,2,855.4042553191489,67786.89346019828,0.1269464778109408,56851.04219750956,4,3,1,0.75,2,compartmentalized,0,2,False,,0.562423288573789,0.42911429338669066,,-0.3176203475779776,0.8746027636333754
exc_6PCT,864691135866795798,excitatory,6PCT,94,8,674.1818181818181,46876.155968137595,0.0988835614777204,154040.95944764823,2,1,1,0.5,1,nonlinear-prone,2,2,False,,,,,,
exc_6PCT,864691135866795798,excitatory,6PCT,95,8,735.5,9325.650387282303,0.0188342538169746,135265.70665722058,3,1,2,0.3333333333333333,0,summation-like,2,0,False,,0.38181460390321403,0.05385708669361383,,-0.4163781144447893,-1.8629766156239782
exc_6PCT,864691135866795798,excitatory,6PCT,96,13,527.0344827586207,42067.62545214039,0.1003665764312894,390440.07917274704,4,3,1,0.75,1,nonlinear-prone,2,1,False,,0.7367515977227023,0.28322087077146374,,0.30158178636391897,-0.43656571846330866
exc_6PCT,864691135866795798,excitatory,6PCT,97,13,514.2222222222222,24264.270175485097,0.0586073979496601,381538.4015344194,7,3,4,0.4285714285714285,1,nonlinear-prone,2,1,False,1.1862574245418704,0.6702111789335317,0.3268621749038248,1.2620374556189453,-0.5736507023205791,-0.1255609007984671
exc_6PCT,864691135866795798,excitatory,6PCT,98,3,734.6666666666666,2986.521045674952,0.0060350523150761,35571.16629432836,0,0,0,,0,summation-like,0,0,False,,,,,,
exc_6PCT,864691135866795798,excitatory,6PCT,99,3,892.3076923076923,16714.916262815867,0.0306483793254999,42435.36390289882,7,1,6,0.1428571428571428,1,nonlinear-prone,0,0,False,0.9678066563862054,0.5662991603506385,0.3076179512904098,0.3786433354940276,-0.9663168989475251,-0.31780606482920837
exc_6PCT,864691135866795798,excitatory,6PCT,100,4,713.25,69967.14122171624,0.1434940411860273,72047.99742802395,9,2,7,0.2222222222222222,2,compartmentalized,1,2,False,0.8725278256831521,1.204830046168857,0.23939323012670546,-0.10134434035505303,1.5513620029779918,-1.5872789010707098
exc_6PCT,864691135866795798,excitatory,6PCT,101,4,994.6666666666666,6432.638947708147,0.0111714879458217,40280.74629101991,1,0,1,0.0,0,summation-like,1,0,False,,,,,,
inh_BC,864691135293026230,inhibitory,BC,0,0,2508.1666666666665,21068.36096165485,0.0230416291206969,10534.180480827425,16,3,13,0.1875,0,summation-like,0,0,False,0.733422632533501,0.9358678432754525,0.207873770418144,-1.10469331344611,0.07107790425932245,-3.0236888091829615
inh_BC,864691135293026230,inhibitory,BC,1,1,1036.6027397260275,118150.2806354832,0.2009968303095159,59075.14031774161,58,34,24,0.5862068965517241,2,compartmentalized,0,2,False,0.9828166279250357,0.9664117802116997,0.3390254378487524,-0.03506283632363655,-0.07029021742121033,0.28821970860476887
inh_BC,864691135293026230,inhibitory,BC,2,1,5473.333333333333,17466.25566897492,0.0129310708533081,8733.12783448746,20,3,17,0.15,0,summation-like,0,0,False,0.7997199174873485,0.7665398947814687,0.239247882155493,-0.8689222000563924,-0.8976673341834202,-2.489302987623309
inh_BC,864691135293026230,inhibitory,BC,3,1,3334.3333333333335,26183.58650279177,0.0248362060467178,13091.793251395886,12,3,9,0.25,0,summation-like,0,0,False,1.1293575183897726,0.7247877423956106,0.2506684502965258,0.9919346468341721,-0.711939492918506,-1.622921606219734
inh_BC,864691135293026230,inhibitory,BC,4,1,722.6666666666666,216855.70184743917,0.4418373866091294,108427.85092371958,47,24,23,0.5106382978723404,2,compartmentalized,0,2,False,1.0257424373309145,1.1894443527377903,0.2813821372339013,0.43053145993963765,1.6592678947571942,-2.2621695158555815
inh_BC,864691135293026230,inhibitory,BC,5,1,8082.0,15847.729427271275,0.0096553551308225,7923.8647136356385,10,7,3,0.7,0,summation-like,0,0,False,0.6271732421813936,0.860115366550205,0.21283680695445098,-1.1609092637744718,-0.04956467564788343,-2.2176148659735793
inh_BC,864691135293026230,inhibitory,BC,6,1,3173.1428571428573,20751.2957465458,0.0201772063246651,10375.6478732729,25,7,18,0.28,0,summation-like,0,0,False,0.8073897531068404,1.0303861812916069,0.24168791647374882,-1.0375504697930498,0.48797649479151856,-2.9341430615191406
inh_BC,864691135293026230,inhibitory,BC,7,1,4702.5,15437.299831042996,0.0123301274183264,7718.649915521498,15,7,8,0.4666666666666667,0,summation-like,0,0,False,0.971793584972475,1.032554588879898,0.19035333836265325,0.20280919296964045,0.6022338342552279,-3.3228204337492846
inh_BC,864691135293026230,inhibitory,BC,8,1,1512.3478260869565,46087.6669116428,0.0649111805264755,23043.8334558214,29,12,17,0.4137931034482758,1,nonlinear-prone,0,0,False,1.0471200336073816,0.9171380531374924,0.28742604082396994,0.5493564209474211,-0.1928237700336535,-1.485237238473557
inh_BC,864691135293026230,inhibitory,BC,9,1,7682.0,17319.33855549917,0.0108231774210308,8659.669277749585,12,3,9,0.25,0,summation-like,0,0,False,0.3071492541481065,0.7939966663153333,0.1063171788900191,-2.7363694065826523,-0.4735686651217661,-4.4996142741514715
inh_BC,864691135293026230,inhibitory,BC,10,1,7749.0,11782.970762927342,0.0073314959159414,5891.485381463671,6,3,3,0.5,0,summation-like,0,0,False,0.9050639160904604,0.4977277825101564,0.26786152534169255,0.23569804124897545,-1.0860091594284587,-0.7871461539239247
inh_BC,864691135293026230,inhibitory,BC,11,3,694.0854700854701,172594.14712572072,0.3588229522133937,118366.35389443523,43,30,13,0.6976744186046512,2,compartmentalized,0,2,False,0.9077047913131846,1.1313238913777837,0.28298803267673356,-0.5735900917703359,1.2574469880161097,-2.149793201356606
inh_BC,864691135293026230,inhibitory,BC,12,3,1032.7272727272727,46536.54654679683,0.0793162103059891,55337.55360497331,20,14,6,0.7,1,nonlinear-prone,0,0,False,0.7817271900898447,1.2644862605291203,0.3514283282086895,-0.9683835574916121,1.801539358682463,0.5088990999011483
inh_BC,864691135293026230,inhibitory,BC,13,3,508.7441860465116,62609.50101764164,0.1520376472527081,133899.43658558093,16,15,1,0.9375,2,compartmentalized,0,2,False,1.24922031779109,0.7034135251640334,0.38602594509284827,1.6175006386477457,-1.0454952114600433,1.297911319138255
inh_BC,864691135293026230,inhibitory,BC,14,3,557.4418604651163,60713.24994443605,0.1408459356375457,132951.31104897812,11,8,3,0.7272727272727273,2,compartmentalized,0,2,False,1.119943261643092,0.49460440307510417,0.24608479365007838,0.9724068031856531,-1.669846534536836,-1.636146238021395
inh_BC,864691135293026230,inhibitory,BC,15,1,1133.0,1409.492461845715,0.0022935511495389,21773.107192577707,1,1,0,1.0,0,summation-like,0,0,False,,,,,,
inh_BC,864691135293026230,inhibitory,BC,16,1,900.6545454545454,79889.84395034499,0.1458052217131264,61013.282936827345,36,18,18,0.5,2,compartmentalized,0,2,False,0.838165815803218,0.9538595366566056,0.3096217559335728,-1.0282245753103398,-0.008807022506525455,-0.9589329384367357
inh_BC,864691135293026230,inhibitory,BC,17,2,956.0571428571428,50727.02744789616,0.0898582830104992,47841.36714744865,25,12,13,0.48,1,nonlinear-prone,0,0,False,1.0242503077381957,0.8116014009399704,0.28523726091302765,0.4397901541749993,-0.7483440166493982,-1.47042019571184
inh_BC,864691135293026230,inhibitory,BC,18,2,1107.0,9591.426908074332,0.0157895603853438,27273.56687753773,8,2,6,0.25,0,summation-like,0,0,False,0.8900467886037693,0.8770300899354915,0.32214370742809645,0.08113692278326973,0.19025145576892702,-0.18047727859487622
inh_BC,864691135293026230,inhibitory,BC,19,3,889.1764705882352,176323.38366917023,0.3238743525803111,161366.57270598185,46,43,3,0.9347826086956522,2,compartmentalized,0,2,False,0.7273524542193692,1.0945511254321012,0.3034180069539633,-2.0713584679881594,0.9750313999777819,-1.3165359548258837
inh_BC,864691135293026230,inhibitory,BC,20,3,604.2162162162163,52048.60552682774,0.1159774451250253,99229.1836348106,24,14,10,0.5833333333333334,1,nonlinear-prone,0,2,False,0.9881773191411254,0.8568551415095285,0.3490148960608175,0.22369767860652645,-0.48377681576987,0.47317807254993677
inh_BC,864691135293026230,inhibitory,BC,21,2,697.6923076923077,191090.16816153796,0.3962479264588694,121728.67058356076,36,20,16,0.5555555555555556,2,compartmentalized,0,2,False,0.9796997715257578,1.1342868348466493,0.31762146470940456,0.03928224445661891,1.26414351436003,-0.6032355317735278
inh_BC,864691135293026230,inhibitory,BC,22,2,1075.428571428571,7778.009004562096,0.0129908714044916,30072.59100507282,3,1,2,0.3333333333333333,0,summation-like,0,0,False,,0.6402831433119659,0.32781970034797336,,0.48771583868658025,-0.00946533896653706
inh_BC,864691135293026230,inhibitory,BC,23,4,686.9491525423729,86593.50468210902,0.1809604420285772,77273.99500794147,19,9,10,0.4736842105263157,2,compartmentalized,1,2,False,1.0592569074800404,1.1497287691900377,0.3231458205631343,0.6707672281136206,1.2420963093059467,-0.22845348711513136
inh_BC,864691135293026230,inhibitory,BC,24,4,561.047619047619,28119.38120570834,0.0650229284356449,48036.93326974112,7,3,4,0.4285714285714285,1,nonlinear-prone,1,0,False,0.8545694045723543,1.039706587321585,0.39010915960009523,-0.06193711086550638,0.9516730827729853,0.7187833245174902
inh_BC,864691135293026230,inhibitory,BC,25,2,953.4,28490.895557092925,0.050539292069996,34996.74352509226,14,7,7,0.5,1,nonlinear-prone,0,0,False,0.8192323515647132,1.0364634406081528,0.3339615994070144,-0.568248827756656,0.6430399186377189,-0.0391586201481172
inh_BC,864691135293026230,inhibitory,BC,26,2,943.0,3608.470440172968,0.0064361763176223,22555.530966632283,0,0,0,,0,summation-like,0,0,False,,,,,,
inh_BC,864691135293026230,inhibitory,BC,27,3,922.967741935484,44987.61687791786,0.0811073765217815,44437.71761811256,28,18,10,0.6428571428571429,1,nonlinear-prone,0,0,False,0.7078279151125285,1.1300311872711466,0.3832225750663908,-1.6826404785503024,1.0628970065266723,1.5902328684944873
inh_BC,864691135293026230,inhibitory,BC,28,3,737.2777777777778,104852.64939414944,0.2115068629733082,74370.23387622835,40,28,12,0.7,2,compartmentalized,0,2,False,1.164117819443836,0.9352545637824469,0.37451893285231086,1.55582195527417,-0.23405876480889676,1.6858107849208899
inh_BC,864691135293026230,inhibitory,BC,29,3,763.0714285714286,82573.60598593034,0.1637266144833038,90528.9942966039,32,24,8,0.75,2,compartmentalized,0,2,False,1.1454213026807205,0.8976050200066601,0.3218138299440796,1.33570251413631,-0.4230747811393294,-0.3832245563963716
inh_BC,864691135293026230,inhibitory,BC,30,3,532.2285714285714,49374.39463859428,0.1172231314724237,73929.38862293586,20,15,5,0.75,2,compartmentalized,0,2,False,0.7598040946564918,0.9426321030187732,0.3191214173095795,-1.0667408639862963,0.058562796017472545,-0.43678601683905044
inh_BC,864691135293026230,inhibitory,BC,31,3,660.0,101345.86397381977,0.2160701079889662,99385.25641124528,33,19,14,0.5757575757575758,2,compartmentalized,0,2,False,0.7012738843157412,1.0997618454887716,0.2580303814781467,-1.8727365184053328,0.7628387985314778,-2.697994098082849
inh_BC,864691135293026230,inhibitory,BC,32,3,836.7246376811594,101255.40821121151,0.1917288986917435,99340.02852994116,40,28,12,0.7,2,compartmentalized,0,2,False,1.01123601708496,0.8976228706740043,0.2942221499150613,0.35695424273649967,-0.5127659922177867,-1.5543987815194777
inh_BC,864691135293026230,inhibitory,BC,33,4,768.32,35963.45027047135,0.0710642061069868,267509.98967580264,3,3,0,1.0,1,nonlinear-prone,1,1,False,,0.21874662189962674,0.31990112681549304,,-0.9874917547561967,-0.11108134107291188
inh_BC,864691135293026230,inhibitory,BC,34,4,499.1111111111111,10859.948915402594,0.0266250106794704,254958.23899826824,1,1,0,1.0,0,summation-like,1,1,False,,,,,,
inh_BC,864691135293026230,inhibitory,BC,35,4,653.0731707317074,120314.62280281144,0.2578683966129024,127088.8374584772,22,15,7,0.6818181818181818,2,compartmentalized,1,2,False,0.8753807144503656,0.8602318938935555,0.2878542958457515,-0.48015832447091455,-0.43396854606811663,-1.3864851112350236
inh_BC,864691135293026230,inhibitory,BC,36,4,663.6875,92260.18528840548,0.1961521762068546,113061.61870127422,30,25,5,0.8333333333333334,2,compartmentalized,1,2,False,1.0776965119450521,0.9909693579035116,0.2736191987809745,0.7754978727585758,0.17159862360251574,-2.0121118082103204
inh_BC,864691135293026230,inhibitory,BC,37,5,602.5294117647059,49078.518857937255,0.1095123123955219,310030.97424000694,2,1,1,0.5,1,nonlinear-prone,1,1,False,,,,,,
inh_BC,864691135293026230,inhibitory,BC,38,5,518.8571428571429,7724.901505127929,0.0185750366010638,289354.16556360223,0,0,0,,0,summation-like,1,1,False,,,,,,
inh_BC,864691135293026230,inhibitory,BC,39,4,536.6530612244898,71984.83038990677,0.1701981391894151,167808.21248452243,19,14,5,0.7368421052631579,2,compartmentalized,1,2,False,1.0090275330239067,1.0194097315163237,0.37671128982973096,0.3233466683978117,0.51336974671501,1.1461546232476707
inh_BC,864691135293026230,inhibitory,BC,40,4,587.1,56205.39392800326,0.1270523151496467,159918.49425357068,17,10,7,0.5882352941176471,2,compartmentalized,1,2,False,0.5957175669345749,1.1641611099301505,0.29306259225049824,-1.8441173536729114,1.305919241607354,-1.0041080350407796
inh_BC,864691135293026230,inhibitory,BC,41,4,710.72,73337.66192861777,0.1506740351323098,111896.85118046976,24,18,6,0.75,2,compartmentalized,1,2,False,1.0257474429962035,1.009712622817011,0.34527493838720574,0.45296377355404044,0.4469044978092884,0.3729597742654374
inh_BC,864691135293026230,inhibitory,BC,42,4,464.54545454545456,13363.499288802928,0.0339599243986576,81909.76986056233,4,3,1,0.75,1,nonlinear-prone,1,0,False,,0.34071347091078513,0.4346023714854558,,-1.1183023231602636,0.9179958373347938
inh_BC,864691135293026230,inhibitory,BC,43,4,477.8181818181818,14431.814173418275,0.0361618149826673,157274.0954848643,1,0,1,0.0,1,nonlinear-prone,1,0,False,,,,,,
inh_BC,864691135293026230,inhibitory,BC,44,4,435.2,11909.931739565312,0.0312698254069619,156013.15426793782,2,2,0,1.0,1,nonlinear-prone,1,0,False,,,,,,
inh_BC,864691135293026230,inhibitory,BC,45,3,985.4,13483.032310983444,0.0235256658227167,40703.111662845586,6,4,2,0.6666666666666666,0,summation-like,0,0,False,0.8946017243775957,0.6284747005777683,0.33606460580556924,0.20778512067967828,-0.5708569515553673,0.03420084593986341
inh_BC,864691135293026230,inhibitory,BC,46,3,578.3529411764706,48021.36298324719,0.1093701066282831,57972.27699897746,17,11,6,0.6470588235294118,1,nonlinear-prone,0,2,False,0.7920115045568824,0.9882508454393223,0.3147605862376546,-0.7971283396229566,0.34510386591415065,-0.48799905847913444
inh_BC,864691135293026230,inhibitory,BC,47,4,660.236559139785,137685.88715970775,0.2934947048399233,116287.57139819118,51,29,22,0.5686274509803921,2,compartmentalized,1,2,False,1.095789441042501,1.4555699862033198,0.2872858876974001,1.0119609273630987,3.832331378319685,-2.1245078382727156
inh_BC,864691135293026230,inhibitory,BC,48,4,689.3,117328.45746303728,0.2447709362774598,106108.85654985596,31,18,13,0.5806451612903226,2,compartmentalized,1,2,False,1.0293399129409484,1.1778251265284692,0.30602207335353215,0.43179070527198415,1.5394038019673455,-0.9744065969801581
inh_BC,864691135293026230,inhibitory,BC,49,2,687.2765957446809,139238.08634749948,0.2909061453490135,187769.32380923297,30,26,4,0.8666666666666667,2,compartmentalized,0,2,False,1.1405277244417276,1.0367972196864501,0.31234886601412154,1.2748926618522105,0.5103666399808285,-0.7559594255708678
inh_BC,864691135293026230,inhibitory,BC,50,2,550.96,35094.246714199144,0.0818910646330418,135697.40399258278,3,3,0,1.0,1,nonlinear-prone,0,0,False,,4.3624457442711044e-05,0.35012802740172067,,-1.6877360776260253,0.11662237831836615
inh_BC,864691135293026230,inhibitory,BC,51,2,635.7058823529412,99776.10043447786,0.2167499663117127,150846.25512923877,23,18,5,0.782608695652174,2,compartmentalized,0,2,False,1.1061929226914962,0.9277669757190465,0.3316406621228345,0.9131277409026971,-0.0539622312566085,-0.06892228405782524
inh_BC,864691135293026230,inhibitory,BC,52,2,546.0689655172414,41218.53667436148,0.0966116388700692,121567.47324918058,13,9,4,0.6923076923076923,1,nonlinear-prone,0,2,False,0.6704295256618863,0.880368593983819,0.25828088763755486,-1.2664656192615864,-0.09745242168688963,-1.59427113277262
inh_BC,864691135293026230,inhibitory,BC,53,2,1027.111111111111,25481.094762657583,0.0435481787268258,28588.27680860007,20,12,8,0.6,1,nonlinear-prone,0,0,False,1.0863405375037367,1.1680492694934677,0.29764627349201006,0.783094360956933,1.3276434398343517,-0.9637775535955873
inh_BC,864691135293026230,inhibitory,BC,54,2,793.2,86746.95664948884,0.1687032782628347,59221.207752015696,32,15,17,0.46875,2,compartmentalized,0,2,False,1.2016386800082812,0.8604467312389316,0.30009216622467405,1.664008336780293,-0.6031652468378921,-1.2075640928215623
inh_BC,864691135293026230,inhibitory,BC,55,3,784.1,28498.038102845218,0.0557429390560121,55577.84324135147,19,12,7,0.631578947368421,1,nonlinear-prone,0,0,False,0.9302868073961748,0.8345166302915248,0.3010053331661717,-0.07121510782986354,-0.5381197688914898,-0.8972497705823584
inh_BC,864691135293026230,inhibitory,BC,56,3,768.5,33899.196026232006,0.0669773699502922,58278.422203044865,17,8,9,0.4705882352941176,1,nonlinear-prone,0,0,False,1.181298400491726,0.8080059527740256,0.35648302822653755,1.3235826744034225,-0.6020397492444083,0.5013331108971308
inh_BC,864691135293026230,inhibitory,BC,57,2,647.2432432432432,109051.89405722782,0.2347794482384326,100613.6139402567,22,17,5,0.7727272727272727,2,compartmentalized,0,2,False,1.1900514521261114,0.7854181681975694,0.3556692045377837,1.389188286587768,-0.8407753585491923,0.6697519441390783
inh_BC,864691135293026230,inhibitory,BC,58,2,720.2962962962963,76939.89827584477,0.1570206042548415,84557.61604956519,23,14,9,0.6086956521739131,2,compartmentalized,0,2,False,0.8200161701614661,0.7621402438981678,0.2789816451212766,-0.8557025348604288,-1.0012854124659174,-1.5405158024585293
inh_BC,864691135293026230,inhibitory,BC,59,4,775.8846153846154,76143.32654589624,0.1497248557741034,107898.5255657222,34,21,13,0.6176470588235294,2,compartmentalized,1,2,False,0.9067506167558059,1.0793370012712895,0.29527723593691313,-0.45806510411390156,0.7802176089788481,-1.4786859524712916
inh_BC,864691135293026230,inhibitory,BC,60,4,502.8571428571428,18533.367086308444,0.0452681392782379,79093.54583592831,8,5,3,0.625,1,nonlinear-prone,1,0,False,0.9469353325123975,0.691227314073595,0.40433410157774413,0.2604869262672228,-0.5983110753316137,1.0023231610678438
inh_BC,864691135293026230,inhibitory,BC,61,5,705.0,4424.122842982174,0.0091262685926213,73718.73951820037,1,0,1,0.0,0,summation-like,1,0,False,,,,,,
inh_BC,864691135293026230,inhibitory,BC,62,5,579.6666666666666,50901.709138995306,0.1157987386212249,96957.53266620691,17,9,8,0.5294117647058824,1,nonlinear-prone,1,2,False,0.6820521875721525,1.1125212030268081,0.3369230228943317,-1.466402089894201,1.0460809010476129,0.040143708240291204
inh_BC,864691135293026230,inhibitory,BC,63,6,632.8717948717949,56319.35905722533,0.1226197596598731,104090.48046830411,30,20,10,0.6666666666666666,2,compartmentalized,2,2,False,1.052527637829799,0.9817847081982154,0.29025684415968256,0.5927719985077791,0.15719839094628113,-1.416580197869027
inh_BC,864691135293026230,inhibitory,BC,64,6,524.6315789473684,25398.700451098954,0.0607358213927112,88630.15116524094,7,2,5,0.2857142857142857,1,nonlinear-prone,2,0,False,0.4179694154984676,0.9936750636357936,0.43706223303754627,-1.76498671802135,0.6851450817852276,1.359429092525999
inh_BC,864691135293026230,inhibitory,BC,65,3,530.4,5999.313226667387,0.0142679115008258,260388.0235963164,1,1,0,1.0,0,summation-like,0,1,False,,,,,,
inh_BC,864691135293026230,inhibitory,BC,66,3,468.0,10835.720771723383,0.0274344024906261,262806.2273688444,1,1,0,1.0,1,nonlinear-prone,0,1,False,,,,,,
inh_BC,864691135293026230,inhibitory,BC,67,4,909.4545454545456,31351.358313603952,0.0569411835616558,94281.50603517372,13,12,1,0.9230769230769232,1,nonlinear-prone,1,0,False,1.0777112560552762,0.7760853466982964,0.3034163455062046,0.7367476495523495,-0.5204857208040113,-0.6130688868525928
inh_BC,864691135293026230,inhibitory,BC,68,4,643.5121951219512,57852.63768438287,0.1249123564038694,107532.14572056316,10,6,4,0.6,2,compartmentalized,1,2,False,0.8365442551655112,0.8298161251920189,0.27530071343980694,-0.29146189866385697,-0.16976539675709043,-1.0844101037021092
inh_BC,864691135293026230,inhibitory,BC,69,4,325.7142857142857,7832.4937686677,0.0237707170156655,267303.9270939839,2,1,1,0.5,0,summation-like,1,1,False,,,,,,
inh_BC,864691135293026230,inhibitory,BC,70,4,246.0,7297.860887576787,0.0254852356909774,267036.6106534385,0,0,0,,0,summation-like,1,1,False,,,,,,
inh_BC,864691135293026230,inhibitory,BC,71,5,510.60869565217394,67128.4032875843,0.1627132206324614,143521.38683576783,4,2,2,0.5,2,compartmentalized,1,2,False,,0.4826990779387512,0.03675950868704816,,-0.6198982507745033,-2.6400053272028723
inh_BC,864691135293026230,inhibitory,BC,72,5,598.0,22310.55683038277,0.0499712766701918,121112.46360716708,5,5,0,1.0,1,nonlinear-prone,1,0,False,1.1524531274364207,0.4704620714972176,0.38274649551730794,1.1315854875787628,-0.9661207441664894,0.5395614102254889
inh_BC,864691135293026230,inhibitory,BC,73,5,596.0,19385.62312804652,0.0434927895009091,155663.00040269358,2,0,2,0.0,1,nonlinear-prone,1,0,False,,,,,,
inh_BC,864691135293026230,inhibitory,BC,74,5,590.4347826086956,65025.02774114425,0.1465734149964211,178482.70270924244,13,9,4,0.6923076923076923,2,compartmentalized,1,2,False,1.1696637338460796,0.6332584634737547,0.33804773889738204,1.2641740673018003,-1.273667631016024,0.09991469213159287
inh_BC,864691135293026230,inhibitory,BC,75,2,932.0,4489.608882736295,0.008054919041949,19711.060110343067,1,1,0,1.0,0,summation-like,0,0,False,,,,,,
inh_BC,864691135293026230,inhibitory,BC,76,2,1148.0,4477.653510178708,0.0072383598056224,19705.082424064276,4,1,3,0.25,0,summation-like,0,0,False,,0.793004337415467,0.24557931591524795,,0.5023531846347477,-0.7993081849860839
inh_BC,864691135293026230,inhibitory,BC,77,3,811.3333333333334,11951.941706162685,0.0229826145836565,27931.83540479256,3,2,1,0.6666666666666666,0,summation-like,0,0,False,,0.13240807937306884,0.3985644592619339,,-1.3021257222340188,0.40142718113274756
inh_BC,864691135293026230,inhibitory,BC,78,3,838.0,12021.378115175734,0.0227453631709964,27966.553609299084,2,0,2,0.0,0,summation-like,0,0,False,,,,,,
inh_BC,864691135293026230,inhibitory,BC,79,6,591.1875,46128.02806920161,0.1039113280174118,188419.82600131765,3,1,2,0.3333333333333333,1,nonlinear-prone,2,2,False,,0.775455017478956,0.12418961094228505,,0.9844131219223635,-1.3318559866631714
inh_BC,864691135293026230,inhibitory,BC,80,6,406.0,12156.087863388117,0.0330439107924769,171433.8558984109,1,1,0,1.0,1,nonlinear-prone,2,0,False,,,,,,
inh_BC,864691135293026230,inhibitory,BC,81,4,686.6962962962963,200305.1981682556,0.418668700825655,134060.4053420017,43,19,24,0.4418604651162791,2,compartmentalized,1,2,False,1.0722662794348912,1.021927605779927,0.31838021392318455,0.8320051395387799,0.4155756379072594,-0.5810086888070533
inh_BC,864691135293026230,inhibitory,BC,82,4,618.9026548672566,166656.2821177187,0.3669197961787504,117235.94731673326,37,19,18,0.5135135135135135,2,compartmentalized,1,2,False,0.871387514397764,1.111291601974783,0.31884345715984524,-0.7573557378110308,1.1093977204561916,-0.6117639509300774
inh_BC,864691135293026230,inhibitory,BC,83,3,1273.3333333333333,3008.9240092811388,0.00461849835194,25864.228191359336,0,0,0,,0,summation-like,0,0,False,,,,,,
inh_BC,864691135293026230,inhibitory,BC,84,3,665.7471264367816,126191.45271066752,0.267877302534192,87455.49254205253,39,22,17,0.5641025641025641,2,compartmentalized,0,2,False,0.8576486364950914,1.2837824828876012,0.27658780319319365,-0.9052491328156373,2.308646537777566,-2.102032033122808
inh_BC,864691135293026230,inhibitory,BC,85,4,1218.4,13536.430154329628,0.0212407490961996,34136.90527316472,6,3,3,0.5,0,summation-like,1,0,False,0.8364269098180772,0.7975855051223234,0.42626838110080545,0.00041243778907690807,0.0559509696667951,1.133398298747877
inh_BC,864691135293026230,inhibitory,BC,86,4,821.0322580645161,44137.98790070938,0.084370971189978,49437.68414635459,16,8,8,0.5,1,nonlinear-prone,1,0,False,1.0250288903637934,1.0396962364225093,0.4059914900357976,0.5153656342640739,0.6085990340966494,1.7504290878453612
inh_BC,864691135293026230,inhibitory,BC,87,5,849.6883116883117,113874.82034037952,0.2139727705830522,97842.5305205193,45,26,19,0.5777777777777777,2,compartmentalized,1,2,False,0.8363449235546493,1.000965188111145,0.2971009460004477,-1.167924222684244,0.21040562077265115,-1.4926419461408817
inh_BC,864691135293026230,inhibitory,BC,88,5,675.3714285714286,49180.168601252895,0.1036523847996329,65495.20465095598,17,14,3,0.8235294117647058,1,nonlinear-prone,1,0,False,1.3450029101710301,0.6618796921376433,0.3835681603109349,2.1721041019772587,-1.295235803037736,1.3091983126607187
inh_BC,864691135293026230,inhibitory,BC,89,2,687.8225806451613,183474.37203780032,0.383175579325686,107174.48584994316,56,38,18,0.6785714285714286,2,compartmentalized,0,2,False,1.026988721255024,0.9371093779815587,0.31450606161274525,0.3979443596511107,-0.2962258316840134,-0.9604488514821524
inh_BC,864691135293026230,inhibitory,BC,90,2,1078.0,33275.02459329239,0.0555097960989146,32074.81212768919,12,8,4,0.6666666666666666,1,nonlinear-prone,0,0,False,0.6489790055547042,1.0402117244161133,0.3782344623914355,-1.3138928266303787,0.7245743648340249,0.889828395229112
inh_BC_2,864691135135829529,inhibitory,BC,0,0,1917.8947368421052,31543.969654454027,0.0394515971654804,15771.984827227014,25,7,18,0.28,1,nonlinear-prone,0,0,False,0.6761403838810912,1.322105070864156,0.33212060671917876,-1.8968276985669428,2.255263453031545,-0.05251962491986834
inh_BC_2,864691135135829529,inhibitory,BC,1,1,1347.8620689655172,97576.99939272388,0.1455745178612058,48788.49969636194,34,10,24,0.2941176470588235,2,compartmentalized,0,2,False,0.962942142837922,1.0532831840223034,0.2791731069846625,-0.02661400835800701,0.6329922410269461,-2.099941264442773
inh_BC_2,864691135135829529,inhibitory,BC,2,1,894.8322981366459,250250.7435252463,0.4582106491313739,125125.37176262317,66,34,32,0.5151515151515151,2,compartmentalized,0,2,False,0.9679681220876052,1.2306226726310228,0.323258733282906,-0.1293108847162668,2.201975653044789,-0.43716868364832695
inh_BC_2,864691135135829529,inhibitory,BC,3,1,1559.1538461538462,48085.38165507192,0.0667005184437957,24042.69082753596,27,7,20,0.2592592592592592,1,nonlinear-prone,0,0,False,0.9732109186503041,0.7388591173361142,0.2886246620092923,0.07510605514778156,-1.2563303845523024,-1.4295665894906198
inh_BC_2,864691135135829529,inhibitory,BC,4,1,4088.8,18650.504610042677,0.015975456610318,9325.25230502134,4,1,3,0.25,0,summation-like,0,0,False,,1.0304101494173608,0.09105189524786049,,1.3947328604597273,-2.060635028366311
inh_BC_2,864691135135829529,inhibitory,BC,5,1,8571.0,13484.474034978151,0.0079777218679463,6742.237017489077,10,0,10,0.0,0,summation-like,0,0,False,0.4017476663240298,1.3906226446521384,0.14369838236151053,-2.139981431378493,2.2038770095862352,-3.469453666141671
inh_BC_2,864691135135829529,inhibitory,BC,6,1,836.7121212121212,212300.9042027684,0.4019985077484796,106150.4521013842,35,11,24,0.3142857142857143,2,compartmentalized,0,2,False,0.9405829629655165,1.200403502201492,0.24200635345370475,-0.208483393082753,1.6722332754533145,-3.3654525700167044
inh_BC_2,864691135135829529,inhibitory,BC,7,1,3138.75,22870.55090634419,0.0223593353957624,11435.275453172097,18,4,14,0.2222222222222222,0,summation-like,0,0,False,0.7413071862676684,0.7622398083231483,0.23890275665576644,-1.1396609431758504,-0.8590717989756091,-2.3717628035276643
inh_BC_2,864691135135829529,inhibitory,BC,8,1,2253.0,26742.240480992292,0.030858713857888,13371.120240496146,14,3,11,0.2142857142857142,1,nonlinear-prone,0,0,False,0.6081360829190366,0.8980134434796486,0.30286317055686324,-1.5742269066980443,-0.02186110304188052,-0.664693840810433
inh_BC_2,864691135135829529,inhibitory,BC,9,1,3278.8571428571427,19515.612765624617,0.0186673027874656,9757.806382812309,5,1,4,0.2,0,summation-like,0,0,False,0.6024214566886362,0.7175124440566724,0.2068616072427838,-0.7389701690543958,-0.04149787162808754,-1.3000228537514134
inh_BC_2,864691135135829529,inhibitory,BC,10,1,3970.4,19602.05217719536,0.0170390366531271,9801.02608859768,19,3,16,0.1578947368421052,0,summation-like,0,0,False,0.8608646992782166,1.0052868178666676,0.291964161900979,-0.45704298078934447,0.40233668456761007,-1.0255482019251194
inh_BC_2,864691135135829529,inhibitory,BC,11,1,8491.0,23408.828420064085,0.0139142847034315,11704.414210032042,12,6,6,0.5,0,summation-like,0,0,False,0.6952278752385616,0.7963727366211253,0.21715362412596162,-1.0795286092253495,-0.3779914648178143,-2.332019568198079
inh_BC_2,864691135135829529,inhibitory,BC,12,1,5893.6,15847.929982843596,0.0113068815544869,7923.964991421798,12,3,9,0.25,0,summation-like,0,0,False,0.18484575651814708,1.4573962670653924,0.12390346269259743,-3.4835360241506015,2.5752727768855666,-4.0907241302351025
inh_BC_2,864691135135829529,inhibitory,BC,13,4,565.2631578947369,83687.19373545985,0.1927943454563626,183483.96730690595,7,3,4,0.4285714285714285,2,compartmentalized,1,2,False,0.6392022915059179,0.9138904872620679,0.3022680846553331,-0.8600601500387012,0.41113254160318125,-0.4164347716683371
inh_BC_2,864691135135829529,inhibitory,BC,14,4,634.4888888888889,64014.73134251555,0.1391965732617817,173647.73611043382,6,2,4,0.3333333333333333,2,compartmentalized,1,2,False,0.8462929452076653,0.7563932716427539,0.2455743815326292,-0.0028866379529158925,-0.026590994149672323,-1.1034014257081948
inh_BC_2,864691135135829529,inhibitory,BC,15,3,643.3947368421053,112519.32829935428,0.2429679594533186,113287.02925610665,12,6,6,0.5,2,compartmentalized,0,2,False,1.334668307024162,0.6573001981507086,0.2516493008613713,1.9532838478024535,-1.0349579460188965,-1.6252341362387295
inh_BC_2,864691135135829529,inhibitory,BC,16,3,728.0,25764.308546572654,0.0523014138527952,69909.51937971583,4,3,1,0.75,1,nonlinear-prone,0,0,False,,0.6285933367975353,0.1449033460750301,,-0.13519068008835516,-1.6643203624418443
inh_BC_2,864691135135829529,inhibitory,BC,17,1,884.9787234042553,69026.71475599405,0.1270900108395211,66057.32703245105,15,5,10,0.3333333333333333,2,compartmentalized,0,2,False,0.7832754236880201,1.0829532117016114,0.36741312645237323,-0.7195464998158827,0.8883708394169001,0.7530601728445249
inh_BC_2,864691135135829529,inhibitory,BC,18,1,769.0,3193.8329966346028,0.0063082611049305,33140.88615277133,0,0,0,,0,summation-like,0,0,False,,,,,,
inh_BC_2,864691135135829529,inhibitory,BC,19,2,861.1692307692308,95761.1419633867,0.1787333896111151,82618.37363278198,36,9,27,0.25,2,compartmentalized,0,2,False,0.9101969339960343,1.04662451955635,0.3085711232646183,-0.49204595219126185,0.6530933185837619,-0.963811878842188
inh_BC_2,864691135135829529,inhibitory,BC,20,2,787.2432432432432,51927.01309208819,0.1013676780517093,60701.30919713272,16,6,10,0.375,1,nonlinear-prone,0,0,False,0.8424079106477357,0.865433461349398,0.29790780233691366,-0.5308704157718865,-0.20902841877306041,-0.8831281165479655
inh_BC_2,864691135135829529,inhibitory,BC,21,2,1823.7142857142856,9052.952666498377,0.0116110762472672,18010.950368227343,9,3,6,0.3333333333333333,0,summation-like,0,0,False,0.8674952408331119,1.019611864789424,0.3453195711985406,-0.12193810264806258,0.7243756414794839,0.19663034629162848
inh_BC_2,864691135135829529,inhibitory,BC,22,2,627.4246575342465,106108.221677814,0.2320218430416745,66538.58487388516,30,13,17,0.4333333333333333,2,compartmentalized,0,2,False,0.9789616500992301,0.8526158302121576,0.31671165431551496,0.08718877797865106,-0.6568485323746694,-0.5935192080012343
inh_BC_2,864691135135829529,inhibitory,BC,23,2,667.5620437956204,203723.7579265746,0.4318734322733661,202432.56337373535,7,3,4,0.4285714285714285,2,compartmentalized,0,2,False,1.1484684874755426,0.9078406717734474,0.3129349923158814,1.1741959197834895,0.3937848509288341,-0.2617445754025131
inh_BC_2,864691135135829529,inhibitory,BC,24,2,604.4444444444445,10250.661238538098,0.0228367508382556,105696.01502971712,0,0,0,,0,summation-like,0,0,False,,,,,,
inh_BC_2,864691135135829529,inhibitory,BC,25,3,1367.7142857142858,9039.451249688836,0.0133876701253645,27057.152326320946,2,0,2,0.0,0,summation-like,0,0,False,,,,,,
inh_BC_2,864691135135829529,inhibitory,BC,26,3,1063.2592592592594,37480.47798314901,0.0629573096980419,41277.66569305104,21,11,10,0.5238095238095238,1,nonlinear-prone,0,0,False,0.9341721962568711,1.3045441371915056,0.26981794567075884,-0.11750152600095379,1.980571348648842,-1.9019870403951205
inh_BC_2,864691135135829529,inhibitory,BC,27,4,917.8222222222222,65947.50920213648,0.1192284066692502,64550.632552233605,37,7,30,0.1891891891891892,2,compartmentalized,1,2,False,0.9596051154576943,1.0590175471287628,0.31690972165876535,-0.05500564256795075,0.5864903384475645,-0.7046483591245543
inh_BC_2,864691135135829529,inhibitory,BC,28,4,932.7407407407408,37976.625765356344,0.0681077493419122,50565.19083384353,10,1,9,0.1,1,nonlinear-prone,1,0,False,1.0535072713334708,0.8179000066992294,0.1963514619108252,0.7134602165777745,-0.2569520809686466,-2.478272327537128
inh_BC_2,864691135135829529,inhibitory,BC,29,2,674.8455284552846,182257.3414202321,0.3842761854739402,117870.91119110832,55,34,21,0.6181818181818182,2,compartmentalized,0,2,False,1.1536423461357468,0.9387769522738919,0.26292683524191635,1.5862134803449401,-0.2785648820952095,-3.2617034854628533
inh_BC_2,864691135135829529,inhibitory,BC,30,2,648.0370370370371,158923.19999760573,0.3419385098547367,106203.84047979517,30,12,18,0.4,2,compartmentalized,0,2,False,1.0091003704687975,0.906733706503725,0.3281620068951957,0.2932343876244494,-0.29392328528986467,-0.18690193632161173
inh_BC_2,864691135135829529,inhibitory,BC,31,3,646.2352941176471,49468.50276257674,0.1065845011018257,155233.1959957637,4,2,2,0.5,1,nonlinear-prone,0,2,False,,0.7428726240283519,0.41605027529875255,,0.2923753333154895,0.7023733210595653
inh_BC_2,864691135135829529,inhibitory,BC,32,3,619.1,57128.51434772787,0.1257572858158552,159063.20178833927,13,6,7,0.4615384615384615,2,compartmentalized,0,2,False,1.160161776009862,0.7824828076839664,0.32122531741129523,1.1921188568377228,-0.5458863943933766,-0.3161542170050651
inh_BC_2,864691135135829529,inhibitory,BC,33,5,645.2289156626506,122282.48870778324,0.2636744115028144,158665.63150719347,15,3,12,0.2,2,compartmentalized,1,2,False,1.091134756021603,0.8336416733873722,0.2984512432439572,0.8075757575248221,-0.37495262375849003,-0.8396620398132922
inh_BC_2,864691135135829529,inhibitory,BC,34,5,661.8285714285714,48881.90537891669,0.1040725024554598,121965.3398427602,23,9,14,0.391304347826087,1,nonlinear-prone,1,2,False,1.1337641877208164,1.6193825485906437,0.3880714105686547,1.1062283829668906,4.0023971390018245,1.6319571292646764
inh_BC_2,864691135135829529,inhibitory,BC,35,4,624.0,67320.7557126222,0.147610521658912,213627.82523336317,10,4,6,0.4,2,compartmentalized,1,2,False,1.1257331543917684,0.7323614993499254,0.33260394507758934,1.0032987314612776,-0.5678285435783669,-0.012310561209395382
inh_BC_2,864691135135829529,inhibitory,BC,36,4,455.5,8771.522345520847,0.0225108249493177,184353.2085498125,0,0,0,,0,summation-like,1,0,False,,,,,,
inh_BC_2,864691135135829529,inhibitory,BC,37,4,694.8571428571429,7016.789791061126,0.0145797920713675,183475.84227258264,0,0,0,,0,summation-like,1,0,False,,,,,,
inh_BC_2,864691135135829529,inhibitory,BC,38,4,542.1463414634146,59865.04293904565,0.1408236705661346,112724.19512252498,7,3,4,0.4285714285714285,2,compartmentalized,1,2,False,1.0348220935656605,0.8338997713025134,0.36641297625957997,0.6328229084256325,0.09766221624743444,0.46579574751608727
inh_BC_2,864691135135829529,inhibitory,BC,39,4,536.1818181818181,13944.767110841884,0.0329849516193756,89764.0572084231,1,1,0,1.0,1,nonlinear-prone,1,0,False,,,,,,
inh_BC_2,864691135135829529,inhibitory,BC,40,4,607.8974358974359,56695.66227070721,0.1259491683904792,156700.33249760992,12,10,2,0.8333333333333334,2,compartmentalized,1,2,False,1.029042515698483,0.6617151196750531,0.2815588044428993,0.5416790415918452,-1.0075025554557673,-1.0310108621828542
inh_BC_2,864691135135829529,inhibitory,BC,41,4,414.2857142857143,7738.10267581472,0.020823088093305,132221.55270016368,0,0,0,,0,summation-like,1,0,False,,,,,,
inh_BC_2,864691135135829529,inhibitory,BC,42,3,552.8148148148148,78562.65441838726,0.1830151067312743,125946.14295237046,14,5,9,0.3571428571428571,2,compartmentalized,0,2,False,1.260259321985301,0.5870595764465345,0.3462490597838031,1.6803751429884421,-1.5335859350576957,0.27711241310774626
inh_BC_2,864691135135829529,inhibitory,BC,43,3,567.7209302325581,61339.855662431466,0.141005458225616,117334.74357439256,6,4,2,0.6666666666666666,2,compartmentalized,0,2,False,1.3827110424176643,0.35196535150611374,0.39091246608078983,2.002793376842074,-1.594575225564589,0.7242564036722091
inh_BC_2,864691135135829529,inhibitory,BC,44,2,834.4363636363636,81177.13553518389,0.1539209513341199,88673.94942266386,14,4,10,0.2857142857142857,2,compartmentalized,0,2,False,1.1201650583379303,0.9881854322952676,0.25648719312181784,1.024868187665223,0.362998692049697,-1.6815240834865182
inh_BC_2,864691135135829529,inhibitory,BC,45,2,646.0370370370371,159254.2042869072,0.3431806761031043,127712.48379852551,41,20,21,0.4878048780487805,2,compartmentalized,0,2,False,0.8844110599174619,1.2032300170010797,0.3569183546468905,-0.7543387463013628,1.7372061542315873,0.9670897754778146
inh_BC_2,864691135135829529,inhibitory,BC,46,2,860.1428571428571,61354.25817210341,0.1145829616157989,50279.18126324707,30,13,17,0.4333333333333333,1,nonlinear-prone,0,2,False,0.8186980251739129,0.9495907131246261,0.31766836303977675,-0.9924376484107039,-0.048221352988001065,-0.5175622257246293
inh_BC_2,864691135135829529,inhibitory,BC,47,2,1242.6666666666667,1553.5623858920114,0.0024138595694135,20378.833370141365,0,0,0,,0,summation-like,0,0,False,,,,,,
inh_BC_2,864691135135829529,inhibitory,BC,48,5,577.6,20738.12619372431,0.0472624845017177,129571.10540507975,0,0,0,,1,nonlinear-prone,1,0,False,,,,,,
inh_BC_2,864691135135829529,inhibitory,BC,49,5,736.0,15191.303390200444,0.0306702105523453,126797.69400331784,2,1,1,0.5,1,nonlinear-prone,1,0,False,,,,,,
inh_BC_2,864691135135829529,inhibitory,BC,50,3,637.1868131868132,134100.50228760365,0.290976316797107,141498.06908429414,34,24,10,0.7058823529411765,2,compartmentalized,0,2,False,0.965800718212691,1.0765912084029183,0.347233579169243,-0.0316320736223323,0.7433069358034499,0.520799321793444
inh_BC_2,864691135135829529,inhibitory,BC,51,3,692.8421052631579,53904.68342176399,0.1121682620292259,101400.15965137431,20,14,6,0.7,1,nonlinear-prone,0,2,False,0.9457211505115893,0.6809518821861078,0.3083063524003857,-0.004468063899990161,-1.3413661310670066,-0.6974545270914339
inh_BC_2,864691135135829529,inhibitory,BC,52,3,656.253164556962,116580.26222308112,0.2492584843295656,187552.64830179635,8,3,5,0.375,2,compartmentalized,0,2,False,1.1907954117008444,0.49299834800678877,0.3107923244703929,1.288808258426802,-1.3562402589439893,-0.40714914062264407
inh_BC_2,864691135135829529,inhibitory,BC,53,3,597.0526315789474,53672.22446118231,0.1203106059211476,156098.62942084696,8,4,4,0.5,2,compartmentalized,0,2,False,1.1259354261680263,0.6109543556382038,0.3996258052387083,1.035456987874211,-0.8437774067368031,0.9819991281573931
inh_BC_2,864691135135829529,inhibitory,BC,54,2,727.5643564356436,150096.42973241516,0.3047861878891016,172625.21425893146,16,5,11,0.3125,2,compartmentalized,0,2,False,1.200181507485637,0.927211353985987,0.3349048123756732,1.456088803187442,0.03080336896774083,0.03168570102448048
inh_BC_2,864691135135829529,inhibitory,BC,55,2,727.3535353535353,146122.3812342513,0.2967594730515236,170638.19000984955,20,9,11,0.45,2,compartmentalized,0,2,False,1.0240890465847006,0.9549001626481163,0.31465599873464506,0.5115600430215236,0.07959864389406154,-0.5715604710959767
inh_BC_2,864691135135829529,inhibitory,BC,56,3,646.7,118016.5634465902,0.2541863126263181,139964.59207259386,35,24,11,0.6857142857142857,2,compartmentalized,0,2,False,1.0545686341204665,0.9241567898982203,0.27102849092276515,0.5649541083867621,-0.20164902775719293,-2.3435013543408014
inh_BC_2,864691135135829529,inhibitory,BC,57,3,522.9090909090909,13185.512668211555,0.0315823579591909,87549.06668340456,6,3,3,0.5,1,nonlinear-prone,0,0,False,1.0862444064718002,0.5423445751426628,0.3430595749011084,0.8969117705761042,-0.9013219189316455,0.06448473424534347
inh_BC_2,864691135135829529,inhibitory,BC,58,4,840.6666666666666,7527.9485764747005,0.0142208435101068,98002.63113244552,3,2,1,0.6666666666666666,0,summation-like,1,0,False,,0.9293344048795137,0.163973542129669,,1.4794811445171192,-1.1240904589766523
inh_BC_2,864691135135829529,inhibitory,BC,59,4,625.7647058823529,72762.06752916439,0.1593162685898687,130619.69060879038,6,2,4,0.3333333333333333,2,compartmentalized,1,2,False,0.9180351713692584,0.627956283481035,0.4327870390980098,0.2623511783449149,-0.5679362655890082,1.2711335853670291
inh_BC_2,864691135135829529,inhibitory,BC,60,5,687.0212765957447,68708.89990956952,0.1435782081241436,136121.05537546764,9,6,3,0.6666666666666666,2,compartmentalized,1,2,False,1.0588255082209954,0.6685049923852944,0.2805203041216193,0.74637042015784,-0.8283799345006376,-0.8268928578917031
inh_BC_2,864691135135829529,inhibitory,BC,61,5,596.6666666666666,37855.276834272816,0.0848830870553247,120694.24383781927,3,1,2,0.3333333333333333,1,nonlinear-prone,1,0,False,,0.32081552177113526,0.45700779058858426,,-0.6340628680071001,0.7722646519222247
inh_BC_2,864691135135829529,inhibitory,BC,62,3,856.6792452830189,78165.98949074118,0.146274739914287,60238.60930845796,27,14,13,0.5185185185185185,2,compartmentalized,0,2,False,1.0344877867684756,0.9982830104251845,0.27316575821374683,0.5596589936294168,0.2958589923577115,-1.9662525732141394
inh_BC_2,864691135135829529,inhibitory,BC,63,3,725.7391304347826,134635.89852974142,0.2737355673845778,88473.56382795807,36,20,16,0.5555555555555556,2,compartmentalized,0,2,False,1.1728030440478063,1.0070693451717685,0.2983052128533771,1.5640231919565726,0.2686141719918458,-1.4193453281499102
inh_BC_2,864691135135829529,inhibitory,BC,64,2,995.5714285714286,19327.307121027476,0.033550250178884,29179.266326138357,8,3,5,0.375,1,nonlinear-prone,0,0,False,0.8366987612606017,1.0792500950876633,0.38673197270367204,-0.2436085885428762,1.077407063701946,0.768930456277729
inh_BC_2,864691135135829529,inhibitory,BC,65,2,912.5185185185184,37511.75234080489,0.068015381198883,38271.48893602706,15,5,10,0.3333333333333333,1,nonlinear-prone,0,0,False,0.9075776679403987,0.6801986966537584,0.291525817525811,-0.09766338220391717,-1.0888731781038425,-0.9123090902302854
inh_BC_2,864691135135829529,inhibitory,BC,66,3,731.6851851851852,160346.83995091694,0.3246825154340725,109840.03008933803,23,14,9,0.6086956521739131,2,compartmentalized,0,2,False,1.0163377477643198,1.3754260802864622,0.28388169471842545,0.3692535648565459,2.376831445201529,-1.4236685843975292
inh_BC_2,864691135135829529,inhibitory,BC,67,3,636.8163265306123,70535.38372764907,0.1530948445390591,64934.30197770412,11,5,6,0.4545454545454545,2,compartmentalized,0,2,False,0.8282864480769341,0.8895641581185317,0.3809578114674176,-0.3914082459430213,0.10989994395828223,0.9876006202224719
inh_BC_2,864691135135829529,inhibitory,BC,68,3,686.6434782608695,169570.1902665531,0.3544414341048632,123628.01501992864,42,23,19,0.5476190476190477,2,compartmentalized,0,2,False,0.9642054276869846,1.0855339394549866,0.32832571647974124,-0.10114468382592076,0.8978055162480705,-0.18300185096496557
inh_BC_2,864691135135829529,inhibitory,BC,69,3,655.9298245614035,167886.61274918416,0.35904427408224,122786.22626124416,35,13,22,0.3714285714285714,2,compartmentalized,0,2,False,0.7151449884129238,1.4067559020875304,0.3293477044416737,-1.9401913241800757,2.8990222948102415,-0.21281142057259597
inh_BC_2,864691135135829529,inhibitory,BC,70,4,656.4117647058823,150928.55103397107,0.3226590508633439,135482.18020161107,22,12,10,0.5454545454545454,2,compartmentalized,1,2,False,0.980299659100998,0.9479645150376915,0.22656787680404558,0.2069663355044896,0.023085572764564164,-3.0895594273102858
inh_BC_2,864691135135829529,inhibitory,BC,71,4,635.1578947368421,110343.18654271464,0.2398089009200011,115189.49795598286,38,20,18,0.5263157894736842,2,compartmentalized,1,2,False,1.2707396338762462,0.6209353347768799,0.3363883350540952,2.3297360047304463,-2.3850840040402734,0.13917841354260463
inh_BC_2,864691135135829529,inhibitory,BC,72,4,741.2307692307693,18120.07014260165,0.0364538819073713,108381.63912512935,3,1,2,0.3333333333333333,1,nonlinear-prone,1,0,False,,0.19157180663176532,0.521032418089095,,-1.0514123827156787,1.2065986674259035
inh_BC_2,864691135135829529,inhibitory,BC,73,4,505.0,9008.966985591367,0.0219578560533638,103826.08754662424,2,1,1,0.5,0,summation-like,1,0,False,,,,,,
inh_BC_2,864691135135829529,inhibitory,BC,74,4,465.7142857142857,7644.656638583327,0.0194025508850301,103143.9323731202,2,1,1,0.5,0,summation-like,1,0,False,,,,,,
inh_BC_2,864691135135829529,inhibitory,BC,75,3,595.5555555555555,24685.02257731333,0.0554029660865199,260015.9404137957,1,0,1,0.0,1,nonlinear-prone,0,1,False,,,,,,
inh_BC_2,864691135135829529,inhibitory,BC,76,3,494.0,7838.577166925361,0.0193167647607178,251592.7177086017,0,0,0,,0,summation-like,0,1,False,,,,,,
inh_BC_2,864691135135829529,inhibitory,BC,77,5,549.6296296296297,38666.86566267949,0.0903367638184224,136775.10702776993,10,5,5,0.5,1,nonlinear-prone,1,2,False,0.8069590102355813,0.794489935083897,0.32504579352987306,-0.39151226306087067,-0.3375529855023769,-0.1539244470479118
inh_BC_2,864691135135829529,inhibitory,BC,78,5,451.5,9152.523919423624,0.0235924271446487,122017.936156142,1,0,1,0.0,0,summation-like,1,0,False,,,,,,
inh_BC_2,864691135135829529,inhibitory,BC,79,5,430.2857142857143,7642.081579414151,0.020178730174595,121262.71498613726,0,0,0,,0,summation-like,1,0,False,,,,,,
inh_BC_2,864691135135829529,inhibitory,BC,80,2,998.7272727272727,31294.07312974409,0.0542374503665923,39055.86498493613,11,3,8,0.2727272727272727,1,nonlinear-prone,0,0,False,0.9131379131044997,0.7755381752904111,0.40394636051263183,0.036828879056536035,-0.47797178070050644,1.329231969032035
inh_BC_2,864691135135829529,inhibitory,BC,81,2,690.7241379310345,83709.58269400199,0.174455026751999,65263.61976706508,23,11,12,0.4782608695652174,2,compartmentalized,0,2,False,0.9754627383451803,0.7789914828789798,0.2959491516181506,0.17514324257130306,-0.9615250375409213,-1.0469215778197065
inh_BC_2,864691135135829529,inhibitory,BC,82,5,948.5454545454544,31355.60385141177,0.0557630760477115,85231.3056422276,12,5,7,0.4166666666666667,1,nonlinear-prone,1,0,False,0.7609800582742404,1.043170491515575,0.44075862472279215,-0.7620045023736499,0.7610364627256472,2.1583311997702994
inh_BC_2,864691135135829529,inhibitory,BC,83,5,624.0,2119.897686232192,0.0046481831645509,70613.45255963781,0,0,0,,0,summation-like,1,0,False,,,,,,
inh_BC_2,864691135135829529,inhibitory,BC,84,6,1005.2,13494.581220006356,0.0233127657020294,107656.39817793666,9,4,5,0.4444444444444444,0,summation-like,2,0,False,0.9723950300309597,1.4840591622477286,0.355651528001561,0.3293067576903497,2.8137049077197176,0.3305705559793956
inh_BC_2,864691135135829529,inhibitory,BC,85,6,635.3333333333334,1712.5936906097431,0.0037214667773393,101765.40441323834,0,0,0,,0,summation-like,2,0,False,,,,,,
inh_BC_2,864691135135829529,inhibitory,BC,86,3,755.4102564102565,115331.13102481938,0.2298347749641197,112368.46706221784,19,7,12,0.3684210526315789,2,compartmentalized,0,2,False,0.686445557095526,1.2366718959961132,0.3041285244624353,-1.3574583380548984,1.6322362546153375,-0.7096017585628897
inh_BC_2,864691135135829529,inhibitory,BC,87,3,817.1304347826087,31713.283085980107,0.060765368838995,70559.54309279822,6,5,1,0.8333333333333334,1,nonlinear-prone,0,0,False,1.4760968872528453,0.33111670654798586,0.3846110900013624,2.2886288241414303,-1.7323454678033183,0.6321921859348162
inh_BC_2,864691135135829529,inhibitory,BC,88,2,1567.3333333333333,2947.970516524986,0.0040785245238861,20124.48986830517,2,0,2,0.0,0,summation-like,0,0,False,,,,,,
inh_BC_2,864691135135829529,inhibitory,BC,89,2,1101.111111111111,11016.105503836909,0.0181833183125966,24158.55736196113,4,2,2,0.5,0,summation-like,0,0,False,,1.0132868519330385,0.23621029257070825,,1.2689058546487306,-0.7893109241411345
inh_BC_2,864691135135829529,inhibitory,BC,90,3,909.3827160493828,120041.89531260837,0.218031942136627,81619.42278287184,31,19,12,0.6129032258064516,2,compartmentalized,0,2,False,0.8488297920349182,1.462466566756426,0.33983689133260325,-0.8140895567585673,3.1275348753740757,0.2843146478311464
inh_BC_2,864691135135829529,inhibitory,BC,91,3,969.8,72640.18171764052,0.1277604578277773,57918.56598538792,24,16,8,0.6666666666666666,2,compartmentalized,0,2,False,1.2343167999266615,0.6947201204768856,0.3482085971321304,1.7304224740247567,-1.3888850030361932,0.46195904602745846
inh_BC_2,864691135135829529,inhibitory,BC,92,2,1266.8,13527.97151091649,0.0208180132206634,29634.536661802435,4,0,4,0.0,0,summation-like,0,0,False,,0.9152369456496414,0.3081190500586174,,0.9060802563434485,-0.2314270426433395
inh_BC_2,864691135135829529,inhibitory,BC,93,2,941.8888888888888,51577.267034148135,0.0920490088632274,48659.18442341826,24,9,15,0.375,1,nonlinear-prone,0,0,False,0.937632772147155,1.0547795829839977,0.3113551606426473,-0.11250295633514557,0.6572331157070911,-0.6184292761548157
inh_BC_2,864691135135829529,inhibitory,BC,94,3,1207.25,10538.082256525526,0.0166120643407597,41667.56354552344,12,7,5,0.5833333333333334,0,summation-like,0,0,False,0.9984413821864264,0.610209728606073,0.26070732152002324,0.37863821020616023,-1.2151688613634422,-1.4821896170539703
inh_BC_2,864691135135829529,inhibitory,BC,95,3,679.9285714285714,122763.4427247032,0.2578683497026123,97780.24377961228,23,15,8,0.6521739130434783,2,compartmentalized,0,2,False,1.2920503122213776,0.636737139742442,0.3517030736121272,1.9702622928691178,-1.6464940576448368,0.5585719749082866
inh_BC_2,864691135135829529,inhibitory,BC,96,4,750.1090909090909,162456.8577473956,0.3248900879839069,128165.033547484,41,29,12,0.7073170731707317,2,compartmentalized,1,2,False,0.8589380165056558,1.3319221506226437,0.2924264587433979,-0.9942007515450324,2.732842381022506,-1.7284678111126979
inh_BC_2,864691135135829529,inhibitory,BC,97,4,820.12,72265.43763443141,0.1382141677233179,83069.32349100191,19,9,10,0.4736842105263157,2,compartmentalized,1,2,False,0.9298981948019905,0.8723335861751027,0.27287172981188734,-0.048361174999664004,-0.3211010765462984,-1.5522388160928198
inh_BC_2,864691135135829529,inhibitory,BC,98,4,707.9574468085107,69055.14093743858,0.142152030050947,120943.75510450757,12,9,3,0.75,2,compartmentalized,1,2,False,1.123435903361496,0.6074981489548177,0.30540178503119003,1.0108590708490321,-1.2503625647837144,-0.5369533416095199
inh_BC_2,864691135135829529,inhibitory,BC,99,4,495.0,8913.60541273602,0.0219437796051025,90872.98734215628,1,0,1,0.0,0,summation-like,1,0,False,,,,,,
inh_MC,864691135273485073,inhibitory,MC,0,0,2451.1111111111113,17984.61516980795,0.0198966645219954,8992.307584903974,17,8,9,0.4705882352941176,0,summation-like,0,0,False,1.0127055854591125,1.157355705210051,0.2127615317443716,0.38741875116302055,1.2659923426565525,-3.006202465361689
inh_MC,864691135273485073,inhibitory,MC,1,1,1514.5555555555557,37811.04248732339,0.0532153195822139,18905.521243661697,26,12,14,0.4615384615384615,1,nonlinear-prone,0,0,False,0.6333171693171001,1.5278953388658298,0.29018189210154116,-2.18156127338777,3.3550131934580167,-1.3884268971163796
inh_MC,864691135273485073,inhibitory,MC,2,1,1695.8333333333333,29244.22823622047,0.038896382141823,14622.114118110236,19,4,15,0.2105263157894736,1,nonlinear-prone,0,0,False,0.9666484981168068,1.0236430630102493,0.23287357287498994,0.12499069711058852,0.5282612256696821,-2.5819930631170176
inh_MC,864691135273485073,inhibitory,MC,3,1,1876.3636363636365,26308.49380360335,0.0332658104313795,13154.246901801676,11,6,5,0.5454545454545454,1,nonlinear-prone,0,0,False,0.9188626100148705,1.1230977755752949,0.24890086361572133,0.04201692588114583,1.0879312044838256,-1.589955078146801
inh_MC,864691135273485073,inhibitory,MC,4,1,1106.344827586207,54454.18907551599,0.0896698962862657,27227.094537757996,22,11,11,0.5,1,nonlinear-prone,0,0,False,0.8161673788108315,1.0459062298608686,0.3024937696037527,-0.8266466504286808,0.623603180186081,-0.9444964386977241
inh_MC,864691135273485073,inhibitory,MC,5,1,1282.857142857143,40571.49386079612,0.0620429555161516,20285.74693039806,19,9,10,0.4736842105263157,1,nonlinear-prone,0,0,False,1.1436308005144313,0.6917836424716274,0.35509924897810424,1.1467121009100945,-1.3000448523927515,0.5626710338533858
inh_MC,864691135273485073,inhibitory,MC,6,1,1698.4,33710.53732400659,0.044802919170424,16855.268662003295,21,11,10,0.5238095238095238,1,nonlinear-prone,0,0,False,0.9346316268771171,0.8278458421845005,0.2758720092426406,-0.09316536451925089,-0.5951065391038713,-1.6209745512003617
inh_MC,864691135273485073,inhibitory,MC,7,1,3263.2,17028.867740853395,0.0163276827603202,8514.433870426697,22,9,13,0.4090909090909091,0,summation-like,0,0,False,0.7284558582068054,1.9494426163894019,0.27486781850777137,-1.3902463593955463,5.826691252520175,-1.6283250994630556
inh_MC,864691135273485073,inhibitory,MC,8,1,1776.3636363636365,25976.810254790835,0.0337582956508905,12988.405127395416,16,12,4,0.75,1,nonlinear-prone,0,0,False,0.5097347431445772,1.2632668040160053,0.29221337300082434,-2.352410293904054,1.826215624010474,-0.9684823744396198
inh_MC,864691135273485073,inhibitory,MC,9,1,1096.909090909091,13797.764275800551,0.0228183391370555,24883.497307708225,5,0,5,0.0,0,summation-like,0,0,False,1.148558566404555,0.3542731984099068,0.38200119867064875,1.2094946374523419,-1.4306744928079034,0.5401234251647535
inh_MC,864691135273485073,inhibitory,MC,10,1,785.2244897959183,70543.71806675672,0.1378865975289196,53256.474203186306,35,18,17,0.5142857142857142,2,compartmentalized,0,2,False,1.2923742194668986,0.6625222878995477,0.34677581032558397,2.320822741971334,-1.959169394692907,0.5471602076670709
inh_MC,864691135273485073,inhibitory,MC,11,2,970.8,6015.442232239918,0.0105745843076701,29316.21491972331,8,5,3,0.625,0,summation-like,0,0,False,0.6111096873911926,0.9447447422463447,0.2755361914214795,-1.13011963051265,0.5491357485561554,-0.8803822361271181
inh_MC,864691135273485073,inhibitory,MC,12,2,567.936507936508,91300.70076746342,0.209838341418625,71958.84418733505,34,27,7,0.7941176470588235,2,compartmentalized,0,2,False,1.0168608188693906,1.0664284388178877,0.34052944183206063,0.29739300831824966,0.8027542038402289,0.2709955283230561
inh_MC,864691135273485073,inhibitory,MC,13,3,759.4814814814815,39017.67360590687,0.0775467148539371,51832.77283879671,17,12,5,0.7058823529411765,1,nonlinear-prone,0,0,False,0.9579630906645481,0.9780306904292387,0.3550974659647318,0.04847780435449698,0.33315583593180276,0.5634864849219116
inh_MC,864691135273485073,inhibitory,MC,14,3,724.1463414634146,58800.252265001254,0.1196813959782445,61724.062168343895,19,13,6,0.6842105263157895,2,compartmentalized,0,2,False,0.847456826905961,0.9515815785782781,0.31707962728544603,-0.5549761242397222,0.12588406879796174,-0.3948626343914575
inh_MC,864691135273485073,inhibitory,MC,15,4,604.1666666666666,69531.69635968017,0.1549405424344187,137619.1397710107,35,19,16,0.5428571428571428,2,compartmentalized,1,2,False,1.08615889278225,0.923543303414602,0.3292406608361987,0.8744966212571477,-0.19430078442671272,-0.19457369246437248
inh_MC,864691135273485073,inhibitory,MC,16,4,484.5882352941176,22440.752814150423,0.0558356551391765,114073.66799824584,5,3,2,0.6,1,nonlinear-prone,1,0,False,1.1357323205851033,0.3693906305725739,0.340681223376841,1.1309532352510951,-1.3285021188813164,0.03646928878103033
inh_MC,864691135273485073,inhibitory,MC,17,3,693.7882352941176,125459.4740957355,0.260885910161404,150649.58791571172,34,17,17,0.5,2,compartmentalized,0,2,False,1.112467028338109,0.8713290351672988,0.3265600740469889,1.12788531534835,-0.6184909724419697,-0.2797325605138166
inh_MC,864691135273485073,inhibitory,MC,18,3,477.1428571428572,18545.364751530604,0.04650201730578,97192.53324360929,3,1,2,0.3333333333333333,1,nonlinear-prone,0,0,False,,0.4010670344581213,0.23868748358410305,,-0.34160262089553795,-0.670602749944113
inh_MC,864691135273485073,inhibitory,MC,19,3,462.8888888888889,25168.570310270436,0.064073846373748,149743.32016437728,5,4,1,0.8,1,nonlinear-prone,0,0,False,0.6013640386661577,0.5554648583478471,0.17042479980253666,-0.7465034765279697,-0.647302394829259,-1.7171659214033441
inh_MC,864691135273485073,inhibitory,MC,20,3,375.55555555555554,10534.328789617974,0.0297735349814708,142426.19940405106,1,0,1,0.0,1,nonlinear-prone,0,0,False,,,,,,
inh_MC,864691135273485073,inhibitory,MC,21,4,712.2528735632184,128841.78519766605,0.2644236257807429,135762.50224058316,50,28,22,0.56,2,compartmentalized,1,2,False,0.9673264888707768,0.8524089926801376,0.3511521652309942,-0.08225039772198804,-0.9173564587388535,0.8436002849325905
inh_MC,864691135273485073,inhibitory,MC,22,4,441.44,34624.08270960783,0.0902616072025591,88653.65099655406,14,8,6,0.5714285714285714,1,nonlinear-prone,1,0,False,0.9216541122343409,0.9028840145494229,0.4277863782733856,0.027646348090206854,-0.03981268115570964,2.0855920243504924
inh_MC,864691135273485073,inhibitory,MC,23,4,508.6666666666667,10424.240051672352,0.0253156097221755,181221.9940521894,1,1,0,1.0,0,summation-like,1,0,False,,,,,,
inh_MC,864691135273485073,inhibitory,MC,24,4,616.2857142857143,8995.319822698695,0.019846603164136,180507.5339377026,0,0,0,,0,summation-like,1,0,False,,,,,,
inh_MC,864691135273485073,inhibitory,MC,25,4,610.1428571428571,82157.48586174569,0.1821763524746807,107769.64356536126,24,14,10,0.5833333333333334,2,compartmentalized,1,2,False,0.7776745304613616,1.3800712270019602,0.3680001453001243,-1.0692693052587696,2.531261236565854,1.1142610618714237
inh_MC,864691135273485073,inhibitory,MC,26,4,566.6857142857143,49829.27989358133,0.1146500124187863,91605.54058127909,20,8,12,0.4,1,nonlinear-prone,1,2,False,0.8177851720299233,0.7908959580686927,0.32406558898642945,-0.745374405703004,-0.7886068636879615,-0.30007679602535847
inh_MC,864691135273485073,inhibitory,MC,27,2,618.1100917431193,161512.56524401787,0.3558230067050418,112538.66206761744,48,28,20,0.5833333333333334,2,compartmentalized,0,2,False,1.1117776516587754,1.0528519048035316,0.322243894287963,1.1172128863563338,0.6814797654646112,-0.521680119131989
inh_MC,864691135273485073,inhibitory,MC,28,2,991.1428571428572,7715.1406267376415,0.0134225906642805,35639.949758977324,2,1,1,0.5,0,summation-like,0,0,False,,,,,,
inh_MC,864691135273485073,inhibitory,MC,29,2,1314.2857142857142,8944.800730097633,0.013514077451359,21501.26810590221,3,2,1,0.6666666666666666,0,summation-like,0,0,False,,0.32558790135530535,0.2251480557227629,,-0.6595857932925275,-0.7108307659881149
inh_MC,864691135273485073,inhibitory,MC,30,2,798.4615384615385,17010.63656063843,0.0329726758070582,25534.18602117261,5,2,3,0.4,1,nonlinear-prone,0,0,False,0.6860612503222695,0.6448813875738492,0.2482003072623352,-0.46862393995049806,-0.3160082933614579,-0.9725573115045758
inh_MC,864691135273485073,inhibitory,MC,31,3,1069.3333333333333,7540.950007447601,0.0126307790054091,29744.14347467483,2,1,1,0.5,0,summation-like,0,0,False,,,,,,
inh_MC,864691135273485073,inhibitory,MC,32,3,612.2857142857143,49693.84281920611,0.1099983437462159,50820.589880554086,28,21,7,0.75,1,nonlinear-prone,0,2,False,0.8716454790209164,0.8091468480903378,0.33163438740579504,-0.5310353950489851,-0.9386984139698861,-0.051690425087586936
inh_MC,864691135273485073,inhibitory,MC,33,4,742.4,5926.776525997866,0.0119140713838213,36478.00674139756,6,3,3,0.5,0,summation-like,1,0,False,0.6225784318918329,0.7117144394841878,0.29647008927963125,-0.7784901070514276,-0.2686625251187907,-0.44378495938332685
inh_MC,864691135273485073,inhibitory,MC,34,4,785.3333333333334,6305.35038795537,0.0123237487894292,36667.29367237632,3,1,2,0.3333333333333333,0,summation-like,1,0,False,,0.9699123152814327,0.10514381131111554,,1.5903908320036757,-1.5877109002660283
inh_MC,864691135273485073,inhibitory,MC,35,5,549.8529411764706,100006.5376630238,0.233596183463841,89823.2376978659,55,43,12,0.7818181818181819,2,compartmentalized,1,2,False,0.9658158992647619,1.0329699421037368,0.3407937090953124,-0.11051894780038828,0.4395227965249171,0.31240576544641335
inh_MC,864691135273485073,inhibitory,MC,36,5,578.6875,92519.73793027618,0.2106555814734978,86079.8378314921,54,48,6,0.8888888888888888,2,compartmentalized,1,2,False,1.0092650431521029,0.9636926005115196,0.298972926339828,0.29527432668244274,-0.0582660238369867,-1.5806442536013379
inh_MC,864691135273485073,inhibitory,MC,37,5,577.1627906976744,126685.88687368408,0.2888282714391367,102784.33844123852,61,42,19,0.6885245901639344,2,compartmentalized,1,2,False,1.0180040552005094,0.9146869142819068,0.3446994075696847,0.32884550363091886,-0.49178772659014386,0.6153330123801168
inh_MC,864691135273485073,inhibitory,MC,38,5,699.3333333333334,10623.787952220897,0.0220038110279548,44753.28898050695,4,3,1,0.75,0,summation-like,1,0,False,,0.5368911805130064,0.34471295227343896,,-0.397385223416837,0.10978111377984472
inh_MC,864691135273485073,inhibitory,MC,39,2,833.0,7503.184999475817,0.0142391406953505,58205.7815752539,6,4,2,0.6666666666666666,0,summation-like,0,0,False,0.8047977713746489,0.6328594120013655,0.21035919477657822,-0.16092730485218798,-0.5088640156131268,-1.5552918212503328
inh_MC,864691135273485073,inhibitory,MC,40,2,449.0,14852.839211370494,0.0383925480518866,61880.60868120123,3,2,1,0.6666666666666666,1,nonlinear-prone,0,0,False,,0.14057329187690712,0.5469313059452241,,-1.297208923803602,1.4857931563605031
inh_MC,864691135273485073,inhibitory,MC,41,3,714.4,5986.455288228533,0.0122676011513803,64950.601719106075,2,1,1,0.5,0,summation-like,0,0,False,,,,,,
inh_MC,864691135273485073,inhibitory,MC,42,3,498.0851063829787,67782.52129041904,0.1663514415300513,95848.63472020131,10,8,2,0.8,2,compartmentalized,0,2,False,0.7509924137045256,1.0874693771818817,0.21778022883588086,-0.5753795942944239,0.8648743928157553,-1.9916507909740762
inh_MC,864691135273485073,inhibitory,MC,43,4,589.2162162162163,109612.72900127238,0.2473342569514983,122750.19386385652,22,16,6,0.7272727272727273,2,compartmentalized,1,2,False,0.6058116067089934,1.2773558696257208,0.31490839900067563,-2.114376190190813,1.8858969981455556,-0.5236106908771914
inh_MC,864691135273485073,inhibitory,MC,44,4,477.8064516129032,43162.446243617385,0.1081535235763296,89525.05248502904,8,6,2,0.75,1,nonlinear-prone,1,2,False,0.6816221326442885,0.8081084833137714,0.2779685117082046,-0.729842351396687,-0.16806261484451715,-0.8530735670574185
inh_MC,864691135273485073,inhibitory,MC,45,2,708.6666666666666,177608.8913766777,0.3654301095161097,126615.48817566223,66,34,32,0.5151515151515151,2,compartmentalized,0,2,False,0.9010387450101669,1.0613965920454527,0.2991040896511367,-0.8723774658797008,0.6921032076253156,-1.8296701086579057
inh_MC,864691135273485073,inhibitory,MC,46,2,721.2888888888889,131281.54997085824,0.2677378070121894,103451.8174727525,47,32,15,0.6808510638297872,2,compartmentalized,0,2,False,0.8223423696697745,1.447409565382746,0.3454331398793901,-1.2494821566748169,3.4888656059224736,0.5824867938797172
inh_MC,864691135273485073,inhibitory,MC,47,2,829.5714285714286,19454.141602151685,0.0369952364183887,50298.56466187196,11,9,2,0.8181818181818182,1,nonlinear-prone,0,0,False,1.1404619970937246,0.5938012805575253,0.40113803074998694,1.0677506050930554,-1.262998954638293,1.2196782096809884
inh_MC,864691135273485073,inhibitory,MC,48,2,412.9032258064516,44303.53084397232,0.1194193846176878,62723.25928278228,5,4,1,0.8,2,compartmentalized,0,2,False,0.4289210964391349,0.9126313575169838,0.226104541716073,-1.3238931992495901,0.7062614197233151,-1.134637804264259
inh_MC,864691135273485073,inhibitory,MC,49,2,666.0,75441.36577689653,0.1601153816837328,126249.01612501292,31,21,10,0.6774193548387096,2,compartmentalized,0,2,False,0.9438795686244532,1.0677669889504535,0.289506476304581,-0.12787470586891475,0.7006664722883785,-1.555254568638963
inh_MC,864691135273485073,inhibitory,MC,50,2,621.7,56702.369506815856,0.1245579355305114,116879.5179899726,13,3,10,0.2307692307692307,2,compartmentalized,0,2,False,1.126384201859152,0.6131507355742712,0.36142941985169524,0.9638039814572815,-1.308206881658768,0.5147881640612203
inh_MC,864691135273485073,inhibitory,MC,51,4,638.258064516129,44300.36260654799,0.0960438924878844,113274.36960411852,21,18,3,0.8571428571428571,1,nonlinear-prone,1,2,False,0.8659538743125013,1.0780179354491046,0.27457650226462216,-0.5210647463956402,0.827121903665985,-1.715027401791731
inh_MC,864691135273485073,inhibitory,MC,52,4,620.5714285714286,38847.564585796,0.0854138969041109,110547.97059374252,12,9,3,0.75,1,nonlinear-prone,1,0,False,0.868289739663974,0.9003354191144188,0.34926276675175616,-0.22482005418519835,0.09003699623386015,0.31236325575836293
inh_MC,864691135273485073,inhibitory,MC,53,3,743.2,117114.53975432029,0.2352981934954363,118582.90534010794,54,33,21,0.6111111111111112,2,compartmentalized,0,2,False,0.9315348213280207,1.181293092870056,0.3616213635309252,-0.4216511132120322,1.692588087722154,1.433546705932527
inh_MC,864691135273485073,inhibitory,MC,54,3,621.8181818181819,62789.30454724259,0.137915980685404,91420.2877365691,39,22,17,0.5641025641025641,2,compartmentalized,0,2,False,1.1864656549306822,0.7977302178193789,0.36453985456964694,1.6417451840537194,-1.1717219546394737,1.22029447509173
inh_MC,864691135273485073,inhibitory,MC,55,3,559.0,34535.859584955695,0.080006448664682,118843.22215369547,7,6,1,0.8571428571428571,1,nonlinear-prone,0,0,False,1.0870983203544686,0.4467615020486875,0.3396832986402305,0.9437111569162489,-1.5516951069043552,0.15760189287514717
inh_MC,864691135273485073,inhibitory,MC,56,3,448.61538461538464,16656.736928615646,0.0430738282994628,109903.66082552548,5,3,2,0.6,1,nonlinear-prone,0,0,False,0.9132203087461385,0.9393175491980272,0.2876159731485862,0.39753815350383337,0.7261049979378584,-0.497813331567096
inh_MC,864691135273485073,inhibitory,MC,57,6,558.5714285714286,8955.362100905715,0.0207541245863701,54542.86400707025,5,4,1,0.8,0,summation-like,2,0,False,0.8610760041626725,0.5709694097952407,0.3011896902414849,0.1656087671942397,-0.5901909422262867,-0.36745955548217496
inh_MC,864691135273485073,inhibitory,MC,58,6,528.6415094339623,76348.08941973778,0.1818771625387863,88239.22766648629,35,26,9,0.7428571428571429,2,compartmentalized,2,2,False,0.9944158341507513,0.880681617737051,0.32991786341992757,0.2137000939265257,-0.5397617859856186,-0.15898256961503804
inh_MC,864691135273485073,inhibitory,MC,59,7,522.2307692307693,76083.30815304368,0.1823554665703442,97062.19913404496,35,23,12,0.6571428571428571,2,compartmentalized,2,2,False,1.3118196647209255,0.800741679696886,0.3185218914498908,2.6587273978394004,-1.0325632731268406,-0.5803892417001737
inh_MC,864691135273485073,inhibitory,MC,60,7,447.46153846153845,74833.31438414135,0.1937660795268247,96437.2022495938,30,21,9,0.7,2,compartmentalized,2,2,False,1.0820798635776077,0.8448070527323144,0.3437832676133509,0.7940160886890035,-0.7184871101506891,0.38934866376198163
inh_MC,864691135273485073,inhibitory,MC,61,3,686.4782608695652,136512.3539540071,0.2853771447769828,107753.69704934968,36,27,9,0.75,2,compartmentalized,0,2,False,0.8361742845143395,0.9542990745941162,0.34764833359550934,-0.9842174848660745,-0.05020150143171365,0.551355363149179
inh_MC,864691135273485073,inhibitory,MC,62,3,792.2,27193.380562142254,0.0529183639496814,53094.21035341728,8,5,3,0.625,1,nonlinear-prone,0,0,False,1.004011257572214,0.8065147917192128,0.34043636931149795,0.4593229885611615,-0.016500898331929605,0.14738959558408665
inh_MC,864691135273485073,inhibitory,MC,63,4,536.3636363636364,14926.045588573252,0.0353000831086108,143574.17474045997,3,1,2,0.3333333333333333,1,nonlinear-prone,1,0,False,,0.4840760371399254,0.3191964240862223,,-0.09420217111742578,-0.05945516576251254
inh_MC,864691135273485073,inhibitory,MC,64,4,489.1111111111111,9819.40147069614,0.0243187853637976,141020.8526815214,0,0,0,,0,summation-like,1,0,False,,,,,,
inh_MC,864691135273485073,inhibitory,MC,65,3,605.8666666666667,43332.921164954576,0.0964250925647405,55705.964883969114,18,13,5,0.7222222222222222,1,nonlinear-prone,0,0,False,1.0423856712454738,0.724070811376004,0.3090286014087346,0.5208154480371766,-1.0712444323651378,-0.6927119695410316
inh_MC,864691135273485073,inhibitory,MC,66,3,356.0,24554.97260953732,0.0712812131426912,46316.990606260486,6,5,1,0.8333333333333334,1,nonlinear-prone,0,0,False,0.07544611814391097,1.8805980910235705,0.533119006315453,-2.778617599329477,4.2443972575621185,2.401761246635136
inh_MC,864691135273485073,inhibitory,MC,67,2,600.72,111182.22475445124,0.248461979948986,81567.92263201645,48,37,11,0.7708333333333334,2,compartmentalized,0,2,False,1.1058090982235538,1.0744353415379158,0.35871232062786307,1.1000551073473488,0.8864566363263654,1.1784928045090413
inh_MC,864691135273485073,inhibitory,MC,68,2,633.5384615384615,75598.4821064268,0.1645080711113774,63776.05130800424,28,26,2,0.9285714285714286,2,compartmentalized,0,2,False,1.043269291596204,0.8270736886432803,0.3126907271975696,0.4920912262604309,-0.7230147341711959,-0.7185108276285623
inh_MC,864691135273485073,inhibitory,MC,69,4,434.0,34122.67484247481,0.0897137128062046,94433.7628876838,7,6,1,0.8571428571428571,1,nonlinear-prone,1,0,False,1.1611262639999613,0.6037337571003066,0.3499089383583859,1.1598393610799211,-0.8108332686313231,0.25780155259428084
inh_MC,864691135273485073,inhibitory,MC,70,4,374.57142857142856,7820.027613984162,0.0221310281367447,81282.43927343849,2,2,0,1.0,0,summation-like,1,0,False,,,,,,
inh_MC,864691135273485073,inhibitory,MC,71,2,793.0,7528.286817939101,0.0146426671558465,37474.680732976136,7,6,1,0.8571428571428571,0,summation-like,0,0,False,1.0869619584495054,0.7925941032778256,0.36816629708811455,0.9029120711520493,-0.09476279883635971,0.4886672307328286
inh_MC,864691135273485073,inhibitory,MC,72,2,648.5581395348837,125679.12722957994,0.2703020418666038,96550.10093879656,62,46,16,0.7419354838709677,2,compartmentalized,0,2,False,1.0080726717325224,1.005940740399842,0.34031324138991687,0.23466363507321147,0.2615649321175924,0.3259396507744061
inh_MC,864691135273485073,inhibitory,MC,73,3,654.3809523809524,61614.46744922494,0.1319252730523431,72046.05786655816,21,17,4,0.8095238095238095,2,compartmentalized,0,2,False,1.0337874439803214,0.7959886619638906,0.3504504689556568,0.534221074888405,-0.7968372870902449,0.5030755325904973
inh_MC,864691135273485073,inhibitory,MC,74,3,551.5238095238095,60138.69060084735,0.1402595568480924,71308.16944236937,21,16,5,0.7619047619047619,2,compartmentalized,0,2,False,1.0215835156244508,0.7256914166012477,0.37491409485035354,0.43640492593769253,-1.1829552799734786,1.1549602871414113
inh_MC,864691135273485073,inhibitory,MC,75,4,535.2549019607843,74156.74156031366,0.1755621696688155,112745.88207031396,39,31,8,0.7948717948717948,2,compartmentalized,1,2,False,0.9216666502090325,0.9677508813737703,0.3692852269646029,-0.40422206875185873,0.07312098111495008,1.4299562411704292
inh_MC,864691135273485073,inhibitory,MC,76,4,374.54545454545456,13848.02778366327,0.0391918972747099,82591.52518198878,8,5,3,0.625,1,nonlinear-prone,1,0,False,1.1803590664307178,0.7574350659201818,0.41872762405892777,1.1354132354425812,-0.21663777398728154,1.3033061482238588
inh_MC,864691135273485073,inhibitory,MC,77,2,676.85,58675.6226316235,0.1235299078680257,58582.03955203222,16,10,6,0.625,2,compartmentalized,0,2,False,1.257451213020341,0.6769416591875882,0.33572117860333894,1.7648638049201666,-1.201227132262234,0.085958554548707
inh_MC,864691135273485073,inhibitory,MC,78,2,587.3157894736842,110857.98672758264,0.2505484822333403,84673.22160001178,33,24,9,0.7272727272727273,2,compartmentalized,0,2,False,1.0109009669980817,1.049860683805627,0.3021299235998061,0.33786755457772905,0.6070453647040385,-1.1345044240260305
inh_MC_2,864691136119505176,inhibitory,MC,0,0,2575.1428571428573,13537.638404019905,0.0146117715561226,6768.819202009952,6,2,4,0.3333333333333333,0,summation-like,0,0,False,0.5325729672111709,0.7318850945064889,0.3280468096116408,-1.134584042142303,-0.1808635792454453,-0.1325869465535373
inh_MC_2,864691136119505176,inhibitory,MC,1,1,2046.888888888889,35373.949527781944,0.0428249677829242,17686.974763890972,17,6,11,0.3529411764705882,1,nonlinear-prone,0,0,False,0.7427275888317988,1.11898657592229,0.308086544354454,-1.0429585401550103,0.9278963507586021,-0.5592207294242177
inh_MC_2,864691136119505176,inhibitory,MC,2,1,2760.0,19640.44156920281,0.0204765758281226,9820.220784601404,6,0,6,0.0,0,summation-like,0,0,False,0.8648179079130762,1.2108305898944163,0.18487306725343167,0.1362239063850149,1.6461211279456773,-1.7928805101863672
inh_MC_2,864691136119505176,inhibitory,MC,3,1,6693.0,12679.91924264504,0.0084891987691312,6339.95962132252,8,1,7,0.125,0,summation-like,0,0,False,0.7713140222568194,0.7549519720532903,0.1618913733936843,-0.48073999475620854,-0.2998738033555168,-2.7050821172431334
inh_MC_2,864691136119505176,inhibitory,MC,4,1,2201.75,22430.643627169175,0.0261829369728843,11215.321813584587,11,2,9,0.1818181818181818,0,summation-like,0,0,False,0.5229778071981012,1.4776682152289424,0.0912319569776526,-1.8365037670578195,2.8447809576694776,-4.505276022596541
inh_MC_2,864691136119505176,inhibitory,MC,5,1,945.2093023255812,73490.98528075463,0.1309274482757181,36745.49264037731,31,18,13,0.5806451612903226,2,compartmentalized,0,2,False,0.9281850543624793,1.4659925876822466,0.2762695199996757,-0.25336172465393214,3.237515577508936,-2.049919091505118
inh_MC_2,864691136119505176,inhibitory,MC,6,1,1846.0,14947.634298619065,0.0190553637327075,21011.455553329437,15,5,10,0.3333333333333333,0,summation-like,0,0,False,0.9414335924065226,0.9235626361970424,0.29077804197590634,0.026262578019280242,0.07475852978655101,-0.9752836881099138
inh_MC_2,864691136119505176,inhibitory,MC,7,1,1484.2758620689656,41029.59634913754,0.058331152778658,34052.43657858868,28,8,20,0.2857142857142857,1,nonlinear-prone,0,0,False,0.9687337412373804,0.9416460506949998,0.3536740474849132,0.06807041832463671,-0.07700740455132589,0.7181227342912209
inh_MC_2,864691136119505176,inhibitory,MC,8,1,1263.7142857142858,185310.88255152808,0.2855203742854427,106193.07967978394,54,38,16,0.7037037037037037,2,compartmentalized,0,2,False,1.0953793844616058,0.9946949180858072,0.3163684215057557,1.0886009391828069,0.13785884316125352,-0.771343680315473
inh_MC_2,864691136119505176,inhibitory,MC,9,3,936.8571428571428,19515.928873072084,0.0349231305814917,59439.01151066528,8,6,2,0.75,1,nonlinear-prone,0,0,False,0.3766975327833088,0.8325156240998715,0.17925897646936406,-2.0031839978987054,-0.03427262311495826,-2.2409647263981185
inh_MC_2,864691136119505176,inhibitory,MC,10,3,801.6363636363636,128725.96879669826,0.2490222149782327,114044.03147247835,47,32,15,0.6808510638297872,2,compartmentalized,0,2,False,0.8940293843642576,0.8967051513960698,0.33627368551269976,-0.7207747526635182,-0.5319524232571751,0.1581353275712794
inh_MC_2,864691136119505176,inhibitory,MC,11,2,706.9756097560976,243150.48933245233,0.5008798488185561,150060.51736886514,89,49,40,0.550561797752809,2,compartmentalized,0,2,False,0.9857404007517099,0.9337823003173122,0.3004104066487357,-0.04916569367192594,-0.4617735612498262,-2.0552430625652334
inh_MC_2,864691136119505176,inhibitory,MC,12,2,1219.25,21195.774371490264,0.0332478474360632,39083.1598883841,2,0,2,0.0,1,nonlinear-prone,0,0,False,,,,,,
inh_MC_2,864691136119505176,inhibitory,MC,13,3,920.5,9844.569897464746,0.0177723753866953,47762.98594480546,1,0,1,0.0,0,summation-like,0,0,False,,,,,,
inh_MC_2,864691136119505176,inhibitory,MC,14,3,689.4054054054054,52499.589819686014,0.1095164091234783,69090.4959059161,27,16,11,0.5925925925925926,1,nonlinear-prone,0,2,False,1.1328285180993047,0.8464202995456029,0.35888822736685694,1.0539665244163525,-0.5387161990625448,0.8218741681397216
inh_MC_2,864691136119505176,inhibitory,MC,15,4,767.4725274725274,134686.68688536956,0.2662893994047151,136540.3193898861,69,55,14,0.7971014492753623,2,compartmentalized,1,2,False,1.0382397028978232,1.0722369324239345,0.31497663770928613,0.5089619713499236,0.8545872734659696,-1.0543261950304834
inh_MC_2,864691136119505176,inhibitory,MC,16,4,693.6385542168674,120933.40975858032,0.2515013457868458,129663.68082649149,49,25,24,0.5102040816326531,2,compartmentalized,1,2,False,0.8792491809744588,1.0310414250015427,0.3572792808722817,-0.8941684391005721,0.4643716696047521,1.0341317165864288
inh_MC_2,864691136119505176,inhibitory,MC,17,4,838.6117647058824,125847.99487294254,0.2380271257208943,115609.2683300091,53,41,12,0.7735849056603774,2,compartmentalized,1,2,False,1.0455642838652948,0.9172729367061412,0.3446062736423356,0.6763060289082343,-0.4770816591013225,0.5360186867241401
inh_MC_2,864691136119505176,inhibitory,MC,18,4,752.2388059701492,97986.40578706184,0.1956809680591441,101678.47378706875,46,35,11,0.7608695652173914,2,compartmentalized,1,2,False,1.0061335179991324,0.9843567661930226,0.32265264443004416,0.28284062638768354,0.0924870139247164,-0.5016626175077136
inh_MC_2,864691136119505176,inhibitory,MC,19,4,847.9402985074627,97673.20062508732,0.1837187190667153,151719.96882977968,36,25,11,0.6944444444444444,2,compartmentalized,1,2,False,1.0990532944965088,0.9493404876134048,0.37772512057307006,0.9842199268367083,-0.038757104672934896,1.7027226990306372
inh_MC_2,864691136119505176,inhibitory,MC,20,4,690.952380952381,121799.73776958523,0.2537949181581084,163783.23740202864,36,29,7,0.8055555555555556,2,compartmentalized,1,2,False,1.1228390736578024,0.9842889274255847,0.29451073950008466,1.183314611153936,0.14921733051968464,-1.4458494952724117
inh_MC_2,864691136119505176,inhibitory,MC,21,3,825.8333333333334,88154.13359948783,0.1680185005383131,130154.78485395832,42,35,7,0.8333333333333334,2,compartmentalized,0,2,False,0.8879308288899403,1.0563045642450555,0.315464116856548,-0.7312086689433495,0.7245013501017732,-0.7257324949272053
inh_MC_2,864691136119505176,inhibitory,MC,22,3,802.1632653061224,70812.67101411276,0.1369431200792496,121484.0535612708,27,20,7,0.7407407407407407,2,compartmentalized,0,2,False,0.9261590930764573,0.9774019824689122,0.3243020588064906,-0.23060676191276896,0.15064838755085588,-0.29074646063515697
inh_MC_2,864691136119505176,inhibitory,MC,23,2,850.5625,46423.73701632336,0.087186171813167,45642.51213533085,14,6,8,0.4285714285714285,1,nonlinear-prone,0,0,False,0.6871959381241389,1.047139151596776,0.3230652103222013,-1.185523058463229,0.6835608780299561,-0.1854972055816599
inh_MC_2,864691136119505176,inhibitory,MC,24,2,581.047619047619,60111.18165649821,0.1365872086628331,52486.23445541828,14,12,2,0.8571428571428571,2,compartmentalized,0,2,False,1.0490413500984757,0.6976594602177368,0.34085202665140424,0.6799204609843591,-1.0040376639944946,0.11684429490995725
inh_MC_2,864691136119505176,inhibitory,MC,25,2,745.0422535211268,210130.6148060996,0.4216571866592622,159632.54215620726,57,42,15,0.7368421052631579,2,compartmentalized,0,2,False,0.9328027153921207,0.9468124307096686,0.31955120210546895,-0.48196094809315904,-0.2708172634652297,-0.7032143457519342
inh_MC_2,864691136119505176,inhibitory,MC,26,2,1085.304347826087,31510.48330105697,0.0523889772682985,70322.47640368593,13,11,2,0.8461538461538461,1,nonlinear-prone,0,0,False,0.9049885645980726,0.9949105305199296,0.36782666294398775,-0.12152714384547805,0.5195002150797897,0.6907151861877998
inh_MC_2,864691136119505176,inhibitory,MC,27,2,1134.923076923077,18058.7756533399,0.0293606534286611,21709.307069314993,5,0,5,0.0,1,nonlinear-prone,0,0,False,0.5980963913708004,0.8533894381386055,0.4067623667182702,-0.7065805048888274,0.4413044978746262,0.8270435152480172
inh_MC_2,864691136119505176,inhibitory,MC,28,2,822.7142857142857,39047.94559253018,0.0745648755973591,32203.892038910133,9,5,4,0.5555555555555556,1,nonlinear-prone,0,0,False,0.986022649762553,0.8971705803347587,0.3278363620644134,0.42589063928732523,0.20670125663110844,-0.09422661559469767
inh_MC_2,864691136119505176,inhibitory,MC,29,3,679.0909090909091,113250.96456731274,0.2380337719700099,116880.01564537323,20,17,3,0.85,2,compartmentalized,0,2,False,1.0720289638233804,0.9572582116724986,0.3348471022861982,0.7051521190521569,0.13625266478819917,-0.0063701884742801375
inh_MC_2,864691136119505176,inhibitory,MC,30,3,548.7142857142857,38436.677189237664,0.089873846643087,79472.8719563357,8,6,2,0.75,1,nonlinear-prone,0,0,False,1.0512082574413693,0.5822178477524328,0.31867421743001023,0.7649723704064385,-1.1122848028294627,-0.24421662141773298
inh_MC_2,864691136119505176,inhibitory,MC,31,5,649.5873015873016,91762.83339718096,0.1972008030089059,196553.09337919013,43,26,17,0.6046511627906976,2,compartmentalized,1,2,False,0.962515838563953,0.9153689927569028,0.3093147151692834,-0.09144591501254434,-0.3665422668368373,-1.0146127412112884
inh_MC_2,864691136119505176,inhibitory,MC,32,5,578.6666666666666,10655.393176574888,0.0242614008751174,155999.3732688871,2,1,1,0.5,0,summation-like,1,0,False,,,,,,
inh_MC_2,864691136119505176,inhibitory,MC,33,5,673.3939393939394,47748.18336631156,0.1007819782050798,224430.6608254791,16,8,8,0.5,1,nonlinear-prone,1,2,False,0.8731056266908349,1.1067922106256751,0.35337693597836467,-0.35657557679819185,0.9884071343554443,0.4572700690110145
inh_MC_2,864691136119505176,inhibitory,MC,34,5,646.8888888888889,23795.16429384105,0.0512429931395237,212454.15128924383,12,6,6,0.5,1,nonlinear-prone,1,0,False,1.3039423777801646,0.7129592299421013,0.3971154233957712,1.8534649643832863,-0.7807975484953797,1.2644005250772157
inh_MC_2,864691136119505176,inhibitory,MC,35,3,889.0,4450.617124937711,0.0081757947762363,32964.00345845379,3,3,0,1.0,0,summation-like,0,0,False,,0.5789998058237005,0.2226475602673633,,0.25650625329863314,-0.7774853017561769
inh_MC_2,864691136119505176,inhibitory,MC,36,3,726.0512820512821,114327.29978392624,0.2323950778204407,87902.34478794807,27,21,6,0.7777777777777778,2,compartmentalized,0,2,False,1.0993252792720813,1.0028201810892814,0.3114157665819647,0.9546166431487813,0.3649849767441343,-0.7687189554747439
inh_MC_2,864691136119505176,inhibitory,MC,37,3,775.3207547169811,78066.46243595722,0.1535622342660598,90761.09605315384,17,11,6,0.6470588235294118,2,compartmentalized,0,2,False,0.8549489918248094,0.9399017083642853,0.3644379872745464,-0.4202024287811061,0.11429056535872352,0.7542838535510631
inh_MC_2,864691136119505176,inhibitory,MC,38,3,509.7142857142857,8038.127211798471,0.0195007852444384,55746.92844107446,0,0,0,,0,summation-like,0,0,False,,,,,,
inh_MC_2,864691136119505176,inhibitory,MC,39,4,803.7623762376238,149533.53400459938,0.288891915240189,109956.07902322234,16,14,2,0.875,2,compartmentalized,1,2,False,0.8435660614195983,0.8233636703841396,0.33843256042562037,-0.5115452429130409,-0.4162817140130152,0.12584563830742512
inh_MC_2,864691136119505176,inhibitory,MC,40,4,776.4705882352941,99234.47249862026,0.195056617098583,84806.54827023277,15,10,5,0.6666666666666666,2,compartmentalized,1,2,False,1.1654788084202863,0.8407217906728394,0.31677246666842257,1.242836336941814,-0.3693666119505598,-0.3617272880151389
inh_MC_2,864691136119505176,inhibitory,MC,41,4,621.9069767441861,62596.24654278461,0.1374821152190662,188188.51233971943,14,11,3,0.7857142857142857,2,compartmentalized,1,2,False,0.8578954179384651,1.0264981596756348,0.4122546746587045,-0.3528626351922086,0.570488053599533,1.8327142798870941
inh_MC_2,864691136119505176,inhibitory,MC,42,4,525.8181818181819,13546.282427601778,0.0323566054914189,163663.53028212802,5,4,1,0.8,1,nonlinear-prone,1,0,False,0.47208593444234176,1.1964341571329016,0.4154574615689969,-1.1800693055487608,1.743290159175141,0.8752392860401506
inh_MC_2,864691136119505176,inhibitory,MC,43,2,712.5714285714286,166066.2861190242,0.3407437496794402,102673.58462871492,58,39,19,0.6724137931034483,2,compartmentalized,0,2,False,1.051621248797959,1.019776029612378,0.30854497788311475,0.6595766661771034,0.3904574530685436,-1.2364353196630102
inh_MC_2,864691136119505176,inhibitory,MC,44,2,861.3103448275862,40614.09179251406,0.0757979642538892,39947.48746545984,12,9,3,0.75,1,nonlinear-prone,0,0,False,1.3000851102849629,0.6406513390029248,0.27320093447974175,1.8476639212368557,-1.0750501668533923,-1.1753418867511782
inh_MC_2,864691136119505176,inhibitory,MC,45,4,596.0,58905.45251792151,0.1321578589398652,203684.577912663,15,10,5,0.6666666666666666,2,compartmentalized,1,2,False,1.2043618446751525,1.1258345453190166,0.24881285752506535,1.4415086736855403,1.0745036886452952,-2.023992237657349
inh_MC_2,864691136119505176,inhibitory,MC,46,4,580.5853658536586,58899.66797565523,0.1338876230775013,203681.68564152985,16,14,2,0.875,2,compartmentalized,1,2,False,0.817585924827075,0.8126703049093695,0.3197267641451716,-0.6477918845125183,-0.4642163355911502,-0.3703357874002081
inh_MC_2,864691136119505176,inhibitory,MC,47,3,772.2933333333333,110930.04248545808,0.2186344849394609,124319.40188622156,19,13,6,0.6842105263157895,2,compartmentalized,0,2,False,1.0981485812734797,0.7678971274885341,0.3571171788558047,0.8922617149180091,-0.861798261498207,0.6647715054894486
inh_MC_2,864691136119505176,inhibitory,MC,48,3,479.8,27324.936242986176,0.0683265767940548,82516.84876498563,4,3,1,0.75,1,nonlinear-prone,0,0,False,,0.7273799533517264,0.3587187106035869,,0.24566874683183684,0.24488081228517844
inh_MC_2,864691136119505176,inhibitory,MC,49,2,1048.1538461538462,18048.495613228024,0.0305343809394384,44398.197334395954,4,3,1,0.75,1,nonlinear-prone,0,0,False,,1.0349986981092867,0.2784797582458958,,1.3088279312976072,-0.49659240777794655
inh_MC_2,864691136119505176,inhibitory,MC,50,2,1213.428571428571,7466.751468291152,0.0117404627530189,39107.32526192752,2,1,1,0.5,0,summation-like,0,0,False,,,,,,
inh_MC_2,864691136119505176,inhibitory,MC,51,5,642.5454545454545,63960.8448130987,0.1382047249327709,210513.68817302975,15,14,1,0.9333333333333332,2,compartmentalized,1,2,False,1.3105343724089482,0.6759254764168943,0.35062824888590494,1.993271451665338,-1.1060162392171504,0.43174469142923977
inh_MC_2,864691136119505176,inhibitory,MC,52,5,642.5714285714286,27527.66140453176,0.0594797643931633,192297.09646874623,11,10,1,0.9090909090909092,1,nonlinear-prone,1,0,False,0.9136640037138812,0.845108795211276,0.28598293475302494,0.0583810352719088,-0.1758926914603313,-0.8982324316838527
inh_MC_2,864691136119505176,inhibitory,MC,53,5,605.8571428571429,39849.11911072034,0.0886735788013342,223808.22238793108,14,11,3,0.7857142857142857,1,nonlinear-prone,1,2,False,0.7912084144852677,1.1495192748986438,0.24328686631743554,-0.6948620749057776,1.0736790801692837,-2.032982320415865
inh_MC_2,864691136119505176,inhibitory,MC,54,5,609.4545454545455,29191.975612429127,0.0647669513260018,218479.65063878548,17,11,6,0.6470588235294118,1,nonlinear-prone,1,0,False,0.9209143045917096,0.8441461918244738,0.33738921966898167,-0.05655150177158791,-0.41752737152642816,0.1343161978049222
inh_MC_2,864691136119505176,inhibitory,MC,55,4,540.9333333333333,19603.78611275308,0.0461666870785011,188208.90892720403,2,2,0,1.0,1,nonlinear-prone,1,0,False,,,,,,
inh_MC_2,864691136119505176,inhibitory,MC,56,4,477.2,12235.427471133637,0.030678177566498,184524.7296063943,2,2,0,1.0,1,nonlinear-prone,1,0,False,,,,,,
inh_MC_2,864691136119505176,inhibitory,MC,57,3,976.1764705882352,49460.92337622604,0.086707902290013,78152.90682912299,16,12,4,0.75,1,nonlinear-prone,0,0,False,1.0666946448863739,1.084338976274179,0.31966233133848104,0.7013954753147547,0.8666849969165757,-0.3367753735442611
inh_MC_2,864691136119505176,inhibitory,MC,58,3,505.2,11693.382375023351,0.0284950292961304,59269.13632852165,5,4,1,0.8,1,nonlinear-prone,0,0,False,1.2063094667196572,0.4500345524813159,0.30548701473314394,1.3586059919843947,-1.0129597272269284,-0.3119021612968609
inh_BPC,864691136923311076,inhibitory_BPC,BPC,0,0,1272.0,6010.805031713868,0.0092310204480569,3005.402515856934,4,3,1,0.75,0,summation-like,0,0,True,,0.695349945912944,0.369722166206494,,0.13922846639861805,0.3123508885738259
inh_BPC,864691136923311076,inhibitory_BPC,BPC,1,1,872.2068965517242,40953.23352476598,0.0759519742313796,20476.61676238299,55,18,37,0.3272727272727272,1,nonlinear-prone,0,0,True,1.0930924530351516,1.4906237801633073,0.31610308992420993,1.0398127955085945,3.984598578903576,-0.8546279176913779
inh_BPC,864691136923311076,inhibitory_BPC,BPC,2,3,702.0,56718.677387357624,0.1172514349331973,97036.88876500222,22,16,6,0.7272727272727273,2,compartmentalized,0,2,True,1.1866564216492077,0.9644298497724438,0.3697814868937858,1.4456836586018655,0.18789371110899084,1.0660160617363577
inh_BPC,864691136923311076,inhibitory_BPC,BPC,3,3,597.1111111111111,24098.78678491384,0.054016722592343,80726.94346378032,13,9,4,0.6923076923076923,1,nonlinear-prone,0,0,True,0.7729522931136465,0.8969784637646634,0.2844198002078706,-0.7795684569893293,0.04907024343812861,-1.0668321819574713
inh_BPC,864691136923311076,inhibitory_BPC,BPC,4,1,790.3103448275862,85014.97875541673,0.1656369575240206,48518.29440942223,66,34,32,0.5151515151515151,2,compartmentalized,0,2,True,1.092366104235347,0.9119573417998467,0.3323761817710457,1.1242707609453304,-0.5800201632256835,-0.07312365799603139
inh_BPC,864691136923311076,inhibitory_BPC,BPC,5,1,960.7741935483872,43513.937138808506,0.0768915016780839,27767.77360111812,22,12,10,0.5454545454545454,1,nonlinear-prone,0,0,True,0.7811343472952587,1.1098425239992542,0.3591517102182377,-1.0359936080889431,0.9471535086985049,0.7347937591399059
inh_BPC,864691136923311076,inhibitory_BPC,BPC,6,6,1140.571428571429,8923.827324527298,0.014472732708227,inf,5,1,4,0.2,0,summation-like,2,-1,True,0.6043966484855602,0.9281894980036887,0.29526341954809976,-0.7314690990418241,0.7200211602728369,-0.3701777790676873
inh_BPC,864691136923311076,inhibitory_BPC,BPC,7,6,870.625,45163.418730292906,0.0838362549526015,inf,24,13,11,0.5416666666666666,1,nonlinear-prone,2,-1,True,1.0373925415457528,0.999034238457046,0.36745979461390094,0.5229710231885095,0.3231096489758622,1.1050193889455415
inh_BPC,864691136923311076,inhibitory_BPC,BPC,8,6,615.5652173913044,66748.75071943544,0.1473556298692793,inf,8,1,7,0.125,2,compartmentalized,2,-1,True,0.31031537557785677,1.300477974292618,0.21597985829867183,-2.3081791941513354,1.8252712238067397,-1.7723223307945262
inh_BPC,864691136923311076,inhibitory_BPC,BPC,9,6,699.3333333333334,37645.00081764792,0.0779696929065277,inf,11,5,6,0.4545454545454545,1,nonlinear-prone,2,-1,True,0.9181124299712676,0.7082434810132824,0.29551051605682926,0.05382313012805754,-0.7757961762638883,-0.7039775557768159
inh_BPC,864691136923311076,inhibitory_BPC,BPC,10,6,1000.3636363636364,15005.567677648947,0.0259856813741978,inf,2,1,1,0.5,0,summation-like,2,-1,True,,,,,,
inh_BPC,864691136923311076,inhibitory_BPC,BPC,11,6,966.1379310344828,40469.38108585582,0.0713128221142897,inf,18,6,12,0.3333333333333333,1,nonlinear-prone,2,-1,True,0.9675359971080547,0.8938350097795544,0.3342531313591375,0.13001503982502902,-0.1631973087846323,0.046902850487608665
inh_BPC,864691136923311076,inhibitory_BPC,BPC,12,6,743.5,20983.521729852415,0.0421500913221883,inf,6,3,3,0.5,1,nonlinear-prone,2,-1,True,0.6500009752546438,0.6247382600597716,0.23922511661897133,-0.6678813160242738,-0.6318874695463622,-1.0938791132799768
inh_BPC,864691136923311076,inhibitory_BPC,BPC,13,6,612.5714285714286,82266.45511771904,0.1820560194395321,inf,10,3,7,0.3,2,compartmentalized,2,-1,True,0.7325225642584549,1.0120260100747347,0.4110734718071151,-0.8522173144142176,0.6807434678692178,1.3718877322135752
inh_BPC,864691136923311076,inhibitory_BPC,BPC,14,6,908.5,4370.3803377371905,0.0079417716415991,inf,2,1,1,0.5,0,summation-like,2,-1,True,,,,,,
inh_BPC,864691136923311076,inhibitory_BPC,BPC,15,6,672.5714285714286,28653.766060452977,0.0605164064527587,inf,14,9,5,0.6428571428571429,1,nonlinear-prone,2,-1,True,0.9103991433231857,0.9978881589004855,0.2726869837805758,-0.14696592102627973,0.47111014096922793,-1.3415870935305323
inh_BPC,864691136923311076,inhibitory_BPC,BPC,16,6,806.2857142857143,50972.41148533516,0.0983221406166606,inf,19,5,14,0.2631578947368421,1,nonlinear-prone,2,-1,True,0.7390811469186083,1.6806983575171162,0.2308159677311962,-1.1364089942480682,3.6946402040503683,-2.662260023730299
inh_BPC,864691136923311076,inhibitory_BPC,BPC,17,6,596.0618556701031,143259.38945069042,0.3213942170026381,inf,20,11,9,0.55,2,compartmentalized,2,-1,True,0.9361256236091255,1.0847600404445414,0.3448766139593289,-0.030659730814297907,0.8340518643784267,0.2710989270430464
inh_BPC,864691136923311076,inhibitory_BPC,BPC,18,2,702.8333333333334,16399.68359017359,0.0338820688824827,57724.58396560917,15,13,2,0.8666666666666667,1,nonlinear-prone,0,0,True,1.1356614357045773,0.6478158940449825,0.3391694638618481,1.0099016590683982,-1.2699939016800759,0.09261316820580145
inh_BPC,864691136923311076,inhibitory_BPC,BPC,19,2,936.2857142857144,8187.587686019396,0.0146558966233668,53618.53601353207,6,3,3,0.5,0,summation-like,0,0,True,0.55143478053118,1.2995815642360655,0.25514304392232146,-1.0393952640800332,2.0388645033075976,-0.9240418786647632
inh_BPC,864691136923311076,inhibitory_BPC,BPC,20,2,577.0927835051547,143286.5745836402,0.3266956156300619,112596.52081658608,61,49,12,0.8032786885245902,2,compartmentalized,0,2,True,0.8704467310117325,1.1042478797703545,0.35871499333805773,-1.0554581407176045,1.0957087536664194,1.3132097408011927
inh_BPC,864691136923311076,inhibitory_BPC,BPC,21,2,773.6,27724.316546557428,0.0545963042934599,54815.39179804469,17,9,8,0.5294117647058824,1,nonlinear-prone,0,0,True,0.9389077705896329,0.894393088082271,0.3111987671402323,-0.0396132441035076,-0.08477785502573605,-0.5518355620553435
inh_BPC,864691136923311076,inhibitory_BPC,BPC,22,6,656.0952380952381,61284.87214257916,0.1310480215997195,inf,3,1,2,0.3333333333333333,2,compartmentalized,2,-1,True,,0.16220421340756455,0.06615324445824224,,-1.1819408255423474,-1.8342024645899788
inh_BPC,864691136923311076,inhibitory_BPC,BPC,23,6,553.7272727272727,30512.078981933195,0.0710206217614425,inf,2,0,2,0.0,1,nonlinear-prone,2,-1,True,,,,,,
inh_BPC,864691136923311076,inhibitory_BPC,BPC,24,3,497.03225806451616,91233.5169941053,0.2241417489465509,111541.18425774862,20,9,11,0.45,2,compartmentalized,0,2,True,0.845631396673849,0.9133238282263327,0.3320092893059168,-0.6412194500439584,-0.09574243105328516,-0.09748285749928134
inh_BPC,864691136923311076,inhibitory_BPC,BPC,25,3,554.9811320754717,76015.27381819925,0.1767349259854274,103932.0626697956,25,18,7,0.72,2,compartmentalized,0,2,True,1.1298138918966334,0.749090551718578,0.3405105276699855,1.066373010103463,-1.0866130459235637,0.15916089857537558
inh_BPC,864691136923311076,inhibitory_BPC,BPC,26,4,520.6666666666666,25492.45256597063,0.0611916776101259,138142.45374166637,9,4,5,0.4444444444444444,1,nonlinear-prone,1,0,True,1.3330822052206217,0.4718015032876698,0.33139364484509454,1.862958890778795,-1.6406581415174382,-0.04072143368770079
inh_BPC,864691136923311076,inhibitory_BPC,BPC,27,4,578.8,18570.78257734355,0.0422791815492641,134681.61874735283,3,2,1,0.6666666666666666,1,nonlinear-prone,1,0,True,,0.6986339061930996,0.07492305698079799,,0.6522146456925472,-1.7390432101823445
inh_BPC,864691136923311076,inhibitory_BPC,BPC,28,3,701.5555555555555,25192.37358161982,0.0520953165371664,70308.51664735169,16,12,4,0.75,1,nonlinear-prone,0,0,True,1.0375065246601287,0.8433120883363138,0.2495610553209413,0.5490214717912378,-0.3750792398898149,-2.0122163547378458
inh_BPC,864691136923311076,inhibitory_BPC,BPC,29,3,860.0,5118.2249494530715,0.0095594030111603,60271.44233126831,3,2,1,0.6666666666666666,0,summation-like,0,0,True,,0.9190736523799424,0.14974468043337003,,1.4209977373533722,-1.1975263856099552
inh_BPC,864691136923311076,inhibitory_BPC,BPC,30,6,651.0,25428.539716771127,0.0545872924615517,inf,3,0,3,0.0,1,nonlinear-prone,2,-1,True,,0.4481131597909819,0.44753969156809625,,-0.18268625841838015,0.7412405312212202
inh_BPC,864691136923311076,inhibitory_BPC,BPC,31,6,624.0,46973.06640306124,0.1029952614506161,inf,3,1,2,0.3333333333333333,1,nonlinear-prone,2,-1,True,,0.45354811978049153,0.06428425379460428,,-0.18168992159852013,-1.86865327590865
inh_BPC,864691136923311076,inhibitory_BPC,BPC,32,6,614.0,57628.94996557244,0.1273846647176071,inf,5,2,3,0.4,2,compartmentalized,2,-1,True,0.682885443465272,0.9219551477627107,0.2247832436322836,-0.44489513107497725,0.712175885448746,-1.1515635485537887
inh_BPC,864691136923311076,inhibitory_BPC,BPC,33,6,574.5185185185185,37796.07750632794,0.0863684930847562,inf,2,2,0,1.0,1,nonlinear-prone,2,-1,True,,,,,,
inh_BPC,864691136923311076,inhibitory_BPC,BPC,34,2,694.25,10544.229198980916,0.0219188376912549,96297.89838662103,3,1,2,0.3333333333333333,0,summation-like,0,0,True,,0.27665372475443534,0.09605594964970492,,-0.7765827461685517,-1.62345217130389
inh_BPC,864691136923311076,inhibitory_BPC,BPC,35,2,530.2857142857143,29178.098255305384,0.0694005074529788,105614.83291478328,15,14,1,0.9333333333333332,1,nonlinear-prone,0,0,True,1.2336486966834799,0.5850896262413229,0.34771521414277584,1.5242190146472174,-1.5800044888242482,0.29966790286531875
inh_BPC,864691136923311076,inhibitory_BPC,BPC,36,4,529.0416666666666,70187.05847287961,0.1671370490338891,117998.2326746014,15,10,5,0.6666666666666666,2,compartmentalized,1,2,True,1.2314163665739948,0.8768779539582044,0.4235106342206873,1.6050815951602346,-0.1601644339843781,2.1005728940277284
inh_BPC,864691136923311076,inhibitory_BPC,BPC,37,4,586.6153846153846,55275.90142871105,0.1250027987473234,110542.65415251712,21,13,8,0.6190476190476191,2,compartmentalized,1,2,True,1.2433283560959743,0.9173550111294955,0.39417268598844285,1.7519756082885218,-0.021085488405158077,1.722600473721243
inh_BPC,864691136923311076,inhibitory_BPC,BPC,38,3,634.5,28172.472615994982,0.0612589825824762,115656.249294109,4,3,1,0.75,1,nonlinear-prone,0,0,True,,0.49270248307147413,0.2366970818476887,,-0.565950722261788,-0.7782135336024906
inh_BPC,864691136923311076,inhibitory_BPC,BPC,39,3,509.8125,45357.45801721129,0.1100282219380558,124248.74199471716,8,4,4,0.5,1,nonlinear-prone,0,2,True,0.9994688193083514,1.0236716068192162,0.3912800634892024,0.5175920747637911,0.7731673089365906,0.8873934669040523
inh_BPC,864691136923311076,inhibitory_BPC,BPC,40,6,602.7407407407408,79445.82500250338,0.1772419146859208,inf,3,1,2,0.3333333333333333,2,compartmentalized,2,-1,True,,0.36017533810222946,0.19545256293675214,,-0.4647126692176633,-0.9528983134166701
inh_BPC,864691136923311076,inhibitory_BPC,BPC,41,6,569.6470588235294,22185.959128082686,0.0509138461914099,inf,0,0,0,,1,nonlinear-prone,2,-1,True,,,,,,
inh_BPC,864691136923311076,inhibitory_BPC,BPC,42,6,552.5454545454545,14337.985557523154,0.0334090987861163,inf,0,0,0,,1,nonlinear-prone,2,-1,True,,,,,,
inh_BPC,864691136923311076,inhibitory_BPC,BPC,43,6,486.0,11762.958247855126,0.0292253047318843,inf,3,1,2,0.3333333333333333,1,nonlinear-prone,2,-1,True,,0.06987476041706603,0.15808362045518898,,-1.5376475427907053,-1.1310009935188763
inh_BPC,864691136923311076,inhibitory_BPC,BPC,44,5,612.4545454545455,31118.505301969744,0.068871957189362,102420.60983928376,9,4,5,0.4444444444444444,1,nonlinear-prone,1,0,True,1.013219755065171,1.027240488985624,0.36891718513289185,0.5199233739837432,0.7229754600142019,0.5948702367343246
inh_BPC,864691136923311076,inhibitory_BPC,BPC,45,5,517.7777777777778,10664.140767032057,0.0256693453475938,92193.42757181491,3,2,1,0.6666666666666666,0,summation-like,1,0,True,,0.6685220402733165,0.46255752954162355,,0.589799601289472,0.8550272271784998
inh_BPC,864691136923311076,inhibitory_BPC,BPC,46,4,507.04761904761904,60876.858179254385,0.1480772990196991,160180.9146917337,8,6,2,0.75,2,compartmentalized,1,2,True,0.7833344324444962,0.8474198928262012,0.245669137064741,-0.385947724144487,0.04961792035545029,-1.3927550635616923
inh_BPC,864691136923311076,inhibitory_BPC,BPC,47,4,517.6,20086.490375580393,0.0483579135507792,139785.73078989668,4,3,1,0.75,1,nonlinear-prone,1,0,True,,0.7509854171955168,0.1574128000171059,,0.36801972326596827,-1.5511844088366686
inh_BPC,864691136923311076,inhibitory_BPC,BPC,48,6,536.0,15968.08790491491,0.0377773202023914,inf,1,0,1,0.0,1,nonlinear-prone,2,-1,True,,,,,,
inh_BPC,864691136923311076,inhibitory_BPC,BPC,49,6,512.6666666666666,13903.154804524136,0.0336322904865636,inf,2,1,1,0.5,1,nonlinear-prone,2,-1,True,,,,,,
inh_BPC,864691136923311076,inhibitory_BPC,BPC,50,4,520.8666666666667,86140.47593198578,0.2067305269657456,105900.79277198772,20,13,7,0.65,2,compartmentalized,1,2,True,0.8279212528039417,1.0977937434453853,0.3634332147201853,-0.6321640528180618,0.8186315409550855,0.7806766365644466
inh_BPC,864691136923311076,inhibitory_BPC,BPC,51,4,680.0,24030.80238230405,0.0504747809687298,74845.95599714687,13,8,5,0.6153846153846154,1,nonlinear-prone,1,0,True,1.0635253325796488,0.6181140820111646,0.3553402914633656,0.6956235957510758,-1.2922318440658858,0.46466057005463934
inh_BPC,864691136923311076,inhibitory_BPC,BPC,52,6,762.5217391304348,33034.51436003213,0.0655243074052905,inf,9,3,6,0.3333333333333333,1,nonlinear-prone,2,-1,True,0.5931923937772978,1.2398635914492453,0.22450001555618807,-1.2235626591649322,1.5607941126100866,-1.8438372582908644
inh_BPC,864691136923311076,inhibitory_BPC,BPC,53,6,769.2173913043479,31500.0262109325,0.0622081083279827,inf,4,1,3,0.25,1,nonlinear-prone,2,-1,True,,0.4000057394821603,0.08717238186719824,,-0.9349283568396022,-2.1159577771055686
inh_BPC,864691136923311076,inhibitory_BPC,BPC,54,6,671.7446808510638,68874.12378511771,0.1455507997489932,inf,9,2,7,0.2222222222222222,2,compartmentalized,2,-1,True,0.5445514904798785,1.3085880868975128,0.2984080072326659,-1.5121237751788832,2.019767246586423,-0.6180255996954864
inh_BPC,864691136923311076,inhibitory_BPC,BPC,55,6,615.7142857142857,7989.097014043249,0.0176347256367107,inf,1,0,1,0.0,0,summation-like,2,-1,True,,,,,,
inh_BPC_2,864691135715512858,inhibitory_BPC,BPC,0,0,1090.0,16433.167440529312,0.0272626870791492,53469.442516631774,5,3,2,0.6,0,summation-like,0,0,True,0.44538229804920526,1.0672450587017834,0.33984007360161417,-1.2853310956904949,1.2567910168000707,0.03309991343756128
inh_BPC_2,864691135715512858,inhibitory_BPC,BPC,1,1,546.5945945945946,107788.27606548012,0.2525221551121239,99146.99682910716,20,12,8,0.6,2,compartmentalized,0,2,True,0.8886154941867831,0.9100355167620876,0.2821734036402485,-0.3221232022633714,-0.12866101670312188,-1.379163541264841
inh_BPC_2,864691135715512858,inhibitory_BPC,BPC,2,3,882.4444444444445,11989.73958206865,0.0221068411707127,107091.0660548176,1,1,0,1.0,0,summation-like,0,0,True,,,,,,
inh_BPC_2,864691135715512858,inhibitory_BPC,BPC,3,3,535.2631578947369,139044.1409759908,0.3291771226397758,170618.2667517787,34,25,9,0.7352941176470589,2,compartmentalized,0,2,True,1.168780306850742,0.8806571017348043,0.3734589426818082,1.5379677776765752,-0.543098187271547,1.4948784832448756
inh_BPC_2,864691135715512858,inhibitory_BPC,BPC,4,2,799.1428571428571,82296.29018892803,0.1594515240302332,41148.14509446402,60,7,53,0.1166666666666666,2,compartmentalized,0,2,True,0.9938127379375482,2.231298080072601,0.18814954341495177,0.15832512144345282,10.408911621369525,-7.483149195744454
inh_BPC_2,864691135715512858,inhibitory_BPC,BPC,5,1,1302.125,45252.85879636712,0.0686879111288566,22626.42939818356,15,5,10,0.3333333333333333,1,nonlinear-prone,0,0,True,0.9233556872062024,1.088911483326929,0.34070598560555204,-0.028341037014918864,0.8759741213552502,0.15633812995364088
inh_BPC_2,864691135715512858,inhibitory_BPC,BPC,6,4,697.3584905660377,77758.94316610886,0.1612808970304639,151965.40742890636,26,21,5,0.8076923076923077,2,compartmentalized,1,2,True,0.8548470901944765,1.0471230496317125,0.38790025749537005,-0.691106952467991,0.5508915011753633,1.7105364000805994
inh_BPC_2,864691135715512858,inhibitory_BPC,BPC,7,4,713.2173913043479,65998.7733433786,0.135358498706625,146085.32251754124,22,15,7,0.6818181818181818,2,compartmentalized,1,2,True,1.1100427201735958,0.8338025013502992,0.36601833663457317,0.9452875078796019,-0.6070101635897136,0.893280653140798
inh_BPC_2,864691135715512858,inhibitory_BPC,BPC,8,1,997.7142857142856,29849.12450426703,0.0517593876294371,76610.58848902995,7,5,2,0.7142857142857143,1,nonlinear-prone,0,0,True,1.0608963896080201,0.45154305033345826,0.22663027176217215,0.7691140996126377,-1.4006868940879162,-1.430991913705242
inh_BPC_2,864691135715512858,inhibitory_BPC,BPC,9,1,876.5714285714286,17803.987751947006,0.0329370166043241,70588.02011286994,3,1,2,0.3333333333333333,1,nonlinear-prone,0,0,True,,0.7962023540157634,0.35774115247207416,,1.0464574649356584,0.16866449068366957
inh_BPC_2,864691135715512858,inhibitory_BPC,BPC,10,6,615.7297297297297,53706.32815497486,0.1185471252228167,223824.67960198488,16,12,4,0.75,2,compartmentalized,2,2,True,1.034118367755241,0.9362709890725448,0.3473320637921913,0.5661639794891925,0.047050386418424614,0.36463588538102654
inh_BPC_2,864691135715512858,inhibitory_BPC,BPC,11,6,556.9142857142857,49036.283207337605,0.1138109354092314,221489.65712816623,12,8,4,0.6666666666666666,1,nonlinear-prone,2,2,True,0.7920943830005768,1.1228431859478303,0.3344917872327777,-0.5619964624371478,1.0804287207589434,0.03287146452801969
inh_BPC_2,864691135715512858,inhibitory_BPC,BPC,12,4,668.5185185185185,38435.885769026514,0.0814218189678569,276311.27757414855,11,9,2,0.8181818181818182,1,nonlinear-prone,1,1,True,0.6668801414009639,1.214412474167717,0.35167095803475273,-1.1519033222293655,1.5846844506539588,0.38791843488668104
inh_BPC_2,864691135715512858,inhibitory_BPC,BPC,13,4,581.8181818181819,29908.11774734885,0.0679134924661126,272047.3935633097,5,3,2,0.6,1,nonlinear-prone,1,1,True,0.9690107825938521,0.5363291753569001,0.34591816428446004,0.5705709765005805,-0.7726967671070631,0.13147054152959833
inh_BPC_2,864691135715512858,inhibitory_BPC,BPC,14,7,618.9722222222222,106498.97843255172,0.2344609333605942,inf,6,3,3,0.5,2,compartmentalized,2,-1,True,0.7637655247181446,1.2764905507807156,0.2316597450507039,-0.30705531269372777,1.9928495955988932,-1.2233424486900104
inh_BPC_2,864691135715512858,inhibitory_BPC,BPC,15,7,625.2121212121212,46827.7203811006,0.102576989549513,inf,8,1,7,0.125,1,nonlinear-prone,2,-1,True,0.8440016851073512,1.02705037174237,0.43911696414703205,-0.1561180351861444,0.7917454051010435,1.6363940509318815
inh_BPC_2,864691135715512858,inhibitory_BPC,BPC,16,2,710.2253521126761,104306.96898906122,0.214375854058922,143688.63523569406,24,17,7,0.7083333333333334,2,compartmentalized,0,2,True,0.9360685998605085,1.1004855021130864,0.2978331904863067,-0.17097695999462104,0.9428898095219054,-1.094761392731985
inh_BPC_2,864691135715512858,inhibitory_BPC,BPC,17,2,973.0,9561.045522619816,0.0167884110195081,96315.67350247338,2,0,2,0.0,0,summation-like,0,0,True,,,,,,
inh_BPC_2,864691135715512858,inhibitory_BPC,BPC,18,7,443.1428571428572,8947.198275385279,0.0232796160005876,inf,1,1,0,1.0,0,summation-like,2,-1,True,,,,,,
inh_BPC_2,864691135715512858,inhibitory_BPC,BPC,19,7,506.57142857142856,7572.735721046367,0.0184286313533617,inf,1,1,0,1.0,0,summation-like,2,-1,True,,,,,,
inh_BPC_2,864691135715512858,inhibitory_BPC,BPC,20,2,677.0357142857143,82390.051418668,0.1734321515591227,120685.03969817742,18,14,4,0.7777777777777778,2,compartmentalized,0,2,True,1.0619456193564045,0.5980245497205039,0.32087581872536425,0.7113967436437516,-1.7524948715590218,-0.3769855477941159
inh_BPC_2,864691135715512858,inhibitory_BPC,BPC,21,2,522.0,68962.75948856097,0.1653255617196397,113971.39373312391,22,8,14,0.3636363636363636,2,compartmentalized,0,2,True,0.7256976417286614,0.9548163989770678,0.3194934859232592,-1.3320995152946322,0.06175465394012935,-0.3975786638677227
inh_BPC_2,864691135715512858,inhibitory_BPC,BPC,22,3,645.1666666666666,70187.62673630909,0.15135097558431,117390.10355708258,14,13,1,0.9285714285714286,2,compartmentalized,0,2,True,0.49032758707460056,1.459876146348195,0.4415423651598106,-2.2519670136398586,2.6964213133762116,2.3734682416679806
inh_BPC_2,864691135715512858,inhibitory_BPC,BPC,23,3,556.6095238095238,153219.54938378307,0.355712798729813,158906.06488081958,34,24,10,0.7058823529411765,2,compartmentalized,0,2,True,1.0702952015908729,0.8949282505833356,0.3321370735162491,0.6997927248390787,-0.38308986711761567,-0.024984168289059257
inh_BPC_2,864691135715512858,inhibitory_BPC,BPC,24,5,684.6666666666666,20748.70376951062,0.0434322176859846,201219.23089671612,5,5,0,1.0,1,nonlinear-prone,1,0,True,0.9899663178676291,0.509036901705925,0.33222013665614764,0.5739796615323901,-0.7901944020907052,-0.010687994298273178
inh_BPC_2,864691135715512858,inhibitory_BPC,BPC,25,5,623.7142857142857,17970.93968924205,0.039412916058926,199830.34885658184,3,3,0,1.0,1,nonlinear-prone,1,0,True,,0.5504237958367793,0.5099383297423205,,0.16728092722087012,1.170047552490346
inh_BPC_2,864691135715512858,inhibitory_BPC,BPC,26,6,528.4285714285714,40398.02186617521,0.0962559493317252,229014.82963429048,8,7,1,0.875,1,nonlinear-prone,2,2,True,1.0154985822387252,1.1720816754547565,0.5143516171371949,0.5191216852501896,1.3747913815352226,2.6945739931010513
inh_BPC_2,864691135715512858,inhibitory_BPC,BPC,27,6,459.4,11983.6630814517,0.0306234927413953,214807.65024192873,1,1,0,1.0,1,nonlinear-prone,2,0,True,,,,,,
inh_BPC_2,864691135715512858,inhibitory_BPC,BPC,28,5,566.7368421052631,26154.80652405569,0.0601757367456221,301552.26398064557,8,6,2,0.75,1,nonlinear-prone,1,1,True,1.0715552402454345,0.6833550550926528,0.3679795462123529,0.8194746565466232,-0.6202997854705045,0.4764870475673518
inh_BPC_2,864691135715512858,inhibitory_BPC,BPC,29,5,573.2,11507.298561637162,0.0263257599984787,294228.5099994363,4,3,1,0.75,0,summation-like,1,1,True,,0.7346424996525063,0.1706301187135383,,0.326596486742376,-1.3733299913892885
inh_BPC_2,864691135715512858,inhibitory_BPC,BPC,30,6,550.72,72510.5513644406,0.1692374256751102,247848.85846369172,20,17,3,0.85,2,compartmentalized,2,2,True,1.0786479049198678,0.7915346473308511,0.3592287050115942,0.7538276282575714,-0.7350517228422732,0.7479795479643666
inh_BPC_2,864691135715512858,inhibitory_BPC,BPC,31,6,571.0588235294117,48400.356300374464,0.1109350447621611,235793.76093165867,8,7,1,0.875,1,nonlinear-prone,2,2,True,0.6792621195376405,0.5035886330423366,0.1950273753336532,-0.850817099025353,-1.3449671991767624,-2.2001024123347324
inh_BPC_2,864691135715512858,inhibitory_BPC,BPC,32,5,527.1538461538462,75900.42347722594,0.1810656785854327,217034.92092784352,22,15,7,0.6818181818181818,2,compartmentalized,1,2,True,0.9874499181160052,0.8234821082289259,0.30887930391020574,0.20270958852851947,-0.6349013681759937,-0.6967495756520014
inh_BPC_2,864691135715512858,inhibitory_BPC,BPC,33,5,714.5714285714286,17886.80633526692,0.0366497155652815,188028.112356864,7,6,1,0.8571428571428571,1,nonlinear-prone,1,0,True,1.1074793176113125,0.609443629247583,0.38332772099869333,1.0137986057487471,-0.8207540455936229,0.670154633852833
inh_BPC_2,864691135715512858,inhibitory_BPC,BPC,34,7,595.741935483871,44726.002810655074,0.1003671582919909,inf,0,0,0,,1,nonlinear-prone,2,-1,True,,,,,,
inh_BPC_2,864691135715512858,inhibitory_BPC,BPC,35,7,484.44444444444446,24277.383434949155,0.060414406724948,inf,1,1,0,1.0,1,nonlinear-prone,2,-1,True,,,,,,
inh_BPC_2,864691135715512858,inhibitory_BPC,BPC,36,7,487.05882352941177,23674.923564496225,0.0587568500426544,inf,2,1,1,0.5,1,nonlinear-prone,2,-1,True,,,,,,
inh_BPC_2,864691135715512858,inhibitory_BPC,BPC,37,7,467.46666666666664,20025.626692243775,0.050730765913859,inf,0,0,0,,1,nonlinear-prone,2,-1,True,,,,,,
inh_BPC_2,864691135715512858,inhibitory_BPC,BPC,38,3,564.2,13390.25252010244,0.0308768404511059,168575.19166756264,2,1,1,0.5,1,nonlinear-prone,0,0,True,,,,,,
inh_BPC_2,864691135715512858,inhibitory_BPC,BPC,39,3,503.4166666666667,69041.02308430447,0.1685404118598677,196400.5769496637,14,7,7,0.5,2,compartmentalized,0,2,True,1.2099635135048379,0.7434140269602852,0.4051907529157319,1.4328589971578125,-0.7417444321511915,1.5284020318060965
inh_BPC_2,864691135715512858,inhibitory_BPC,BPC,40,3,700.047619047619,61251.2149594106,0.1267977489588345,226467.72720993,24,20,4,0.8333333333333334,2,compartmentalized,0,2,True,1.00512466371249,1.0540405547152358,0.3657972329942696,0.26951337322032365,0.7011962122510977,0.9769978050970689
inh_BPC_2,864691135715512858,inhibitory_BPC,BPC,41,3,539.5081967213115,88974.890479605,0.2098113923369252,240329.5649700272,17,9,8,0.5294117647058824,2,compartmentalized,0,2,True,1.027877016507039,1.0909168227582384,0.36599804697783855,0.5082197294295474,0.924449582660582,0.8160435734072612
inh_BPC_2,864691135715512858,inhibitory_BPC,BPC,42,7,617.8947368421053,83956.64910986664,0.1849943548556651,inf,3,2,1,0.6666666666666666,2,compartmentalized,2,-1,True,,0.22210990867727684,0.6145916563139467,,-1.0018162056494326,1.9363608919645934
inh_BPC_2,864691135715512858,inhibitory_BPC,BPC,43,7,571.8260869565217,32071.12612434361,0.0734586351560982,inf,0,0,0,,1,nonlinear-prone,2,-1,True,,,,,,
inh_BPC_2,864691135715512858,inhibitory_BPC,BPC,44,4,534.3272727272728,80709.82157795157,0.1912420294479608,215625.22871658963,25,20,5,0.8,2,compartmentalized,1,2,True,0.9552028715281456,0.8841373277960344,0.32817168214889153,-0.020531034145641676,-0.3576333107805307,-0.19143514896667138
inh_BPC_2,864691135715512858,inhibitory_BPC,BPC,45,4,522.4444444444445,10056.096210822914,0.0240973890556951,180298.36603302532,2,1,1,0.5,0,summation-like,1,0,True,,,,,,
inh_BPC_2,864691135715512858,inhibitory_BPC,BPC,46,4,657.8260869565217,135990.94379338063,0.2904123420334722,220479.38882192745,27,21,6,0.7777777777777778,2,compartmentalized,1,2,True,0.8616119996567625,0.9855180066156678,0.30945397655453466,-0.6959638961967598,0.2586297950113103,-0.7829527866931413
inh_BPC_2,864691135715512858,inhibitory_BPC,BPC,47,4,499.1929824561403,81687.54225813286,0.2002544710090809,193327.68805430352,16,11,5,0.6875,2,compartmentalized,1,2,True,1.0704205835106124,1.3169459091771822,0.3828075849869083,0.7027875513802697,2.020290214364269,1.2256438854555904
