neuron_label,root_id,cell_type,subtype,branch_idx,branch_order,mean_diameter_nm,total_length_nm,electrotonic_length,soma_distance_nm,synapse_count,exc_count,inh_count,exc_fraction,regime,regime_name,order_regime,kmeans_regime,is_bpc
exc_23P,864691135848859998,excitatory,23P,0,0,2591.8571428571427,25636.3903823545,0.0275811247967032,12818.19519117725,21,0,21,0.0,1,nonlinear-prone,0,0,False
exc_23P,864691135848859998,excitatory,23P,1,1,7612.0,14778.011774254344,0.0092774205921085,7389.005887127171,17,0,17,0.0,0,summation-like,0,0,False
exc_23P,864691135848859998,excitatory,23P,2,1,3637.2,17370.50202110955,0.0157757278741185,8685.251010554775,14,1,13,0.0714285714285714,0,summation-like,0,0,False
exc_23P,864691135848859998,excitatory,23P,3,1,7540.0,13192.846546519064,0.0083217270192883,6596.423273259532,9,5,4,0.5555555555555556,0,summation-like,0,0,False
exc_23P,864691135848859998,excitatory,23P,4,1,4181.5,15863.12266838469,0.0134364103692297,7931.561334192345,23,4,19,0.1739130434782608,0,summation-like,0,0,False
exc_23P,864691135848859998,excitatory,23P,5,1,3052.285714285714,20248.236039785235,0.0200740605697765,10124.118019892618,14,2,12,0.1428571428571428,0,summation-like,0,0,False
exc_23P,864691135848859998,excitatory,23P,6,8,895.8666666666667,20984.12767145045,0.0383998792251644,149010.76447000282,1,0,1,0.0,1,nonlinear-prone,2,0,False
exc_23P,864691135848859998,excitatory,23P,7,8,877.9487179487179,55710.03014445101,0.1029815552437722,166373.7157065031,0,0,0,,1,nonlinear-prone,2,2,False
exc_23P,864691135848859998,excitatory,23P,8,1,1993.090909090909,14696.158995328473,0.0180302154008835,32984.46988001874,5,0,5,0.0,0,summation-like,0,0,False
exc_23P,864691135848859998,excitatory,23P,9,1,1330.888888888889,10661.96451138462,0.0160076271569028,30967.37263804681,7,0,7,0.0,0,summation-like,0,0,False
exc_23P,864691135848859998,excitatory,23P,10,9,724.3157894736842,54562.270688754965,0.1110424631869421,186783.96365010552,2,0,2,0.0,1,nonlinear-prone,2,2,False
exc_23P,864691135848859998,excitatory,23P,11,9,698.2608695652174,30806.720294010785,0.0638553427512105,174906.18845273342,3,1,2,0.3333333333333333,1,nonlinear-prone,2,0,False
exc_23P,864691135848859998,excitatory,23P,12,2,1715.428571428571,9048.011465985075,0.011965406295087,44856.55511067552,7,2,5,0.2857142857142857,0,summation-like,0,0,False
exc_23P,864691135848859998,excitatory,23P,13,2,1394.0,6490.13853506084,0.0095210140841941,43577.6186452134,0,0,0,,0,summation-like,0,0,False
exc_23P,864691135848859998,excitatory,23P,14,3,1641.7142857142858,19617.006669411683,0.0265182327717582,59189.06417837389,16,2,14,0.125,0,summation-like,0,0,False
exc_23P,864691135848859998,excitatory,23P,15,3,944.2285714285714,102614.82669174546,0.1829077782799817,100687.97418954078,13,3,10,0.2307692307692307,2,compartmentalized,0,2,False
exc_23P,864691135848859998,excitatory,23P,16,3,1028.0,17362.232225027186,0.0296598964709033,55503.80402525741,7,0,7,0.0,1,nonlinear-prone,0,0,False
exc_23P,864691135848859998,excitatory,23P,17,3,1022.5714285714286,7508.993051948084,0.0128616149277466,50577.18443871786,0,0,0,,0,summation-like,0,0,False
exc_23P,864691135848859998,excitatory,23P,18,4,1011.6190476190476,30157.10023898088,0.051932796332055,58363.50969348831,11,0,11,0.0,1,nonlinear-prone,1,0,False
exc_23P,864691135848859998,excitatory,23P,19,4,476.0,9664.940061334752,0.0242636602419184,48117.429604665245,1,0,1,0.0,0,summation-like,1,0,False
exc_23P,864691135848859998,excitatory,23P,20,4,572.5714285714286,8281.620369229528,0.0189566289493398,47425.76975861263,1,1,0,1.0,0,summation-like,1,0,False
exc_23P,864691135848859998,excitatory,23P,21,4,1734.5,10448.073207147758,0.0137407260839998,74221.60411665362,4,1,3,0.25,0,summation-like,1,0,False
exc_23P,864691135848859998,excitatory,23P,22,4,935.3529411764706,98085.28568153972,0.1756615581070162,118040.2103538496,5,0,5,0.0,2,compartmentalized,1,2,False
exc_23P,864691135848859998,excitatory,23P,23,4,815.7777777777778,92392.5863635499,0.1771788247244765,110381.21331954596,15,0,15,0.0,2,compartmentalized,1,2,False
exc_23P,864691135848859998,excitatory,23P,24,4,879.0,56486.238223831024,0.104353938105963,92428.03924968652,12,1,11,0.0833333333333333,1,nonlinear-prone,1,0,False
exc_23P,864691135848859998,excitatory,23P,25,5,1490.6,13482.141485100808,0.019126651699343,86186.7114627779,2,1,1,0.5,0,summation-like,1,0,False
exc_23P,864691135848859998,excitatory,23P,26,5,964.3636363636364,29925.355466717825,0.0527812331081005,94408.3184535864,2,0,2,0.0,1,nonlinear-prone,1,0,False
exc_23P,864691135848859998,excitatory,23P,27,5,819.2888888888889,65621.44916947863,0.1255705833627676,106252.78439771806,10,3,7,0.3,2,compartmentalized,1,2,False
exc_23P,864691135848859998,excitatory,23P,28,5,760.2105263157895,53638.25778733565,0.106553654921822,100261.1887066466,10,4,6,0.4,1,nonlinear-prone,1,2,False
exc_23P,864691135848859998,excitatory,23P,29,6,1595.3333333333333,7442.326414433755,0.0102057193527688,96648.94541254516,0,0,0,,0,summation-like,2,0,False
exc_23P,864691135848859998,excitatory,23P,30,6,1246.6666666666667,20068.677398455537,0.0311317981116678,102962.12090455604,3,0,3,0.0,1,nonlinear-prone,2,0,False
exc_23P,864691135848859998,excitatory,23P,31,7,1266.888888888889,25437.10335567817,0.0391434425892876,113088.66029760112,3,1,2,0.3333333333333333,1,nonlinear-prone,2,0,False
exc_23P,864691135848859998,excitatory,23P,32,7,1143.3488372093022,61608.46986092731,0.0997956641351766,131174.3435502257,9,1,8,0.1111111111111111,1,nonlinear-prone,2,0,False
exc_23P,864691135848859998,excitatory,23P,33,8,1100.8387096774193,45143.83252227908,0.0745241801746828,148379.12823657974,4,0,4,0.0,1,nonlinear-prone,2,0,False
exc_23P,864691135848859998,excitatory,23P,34,8,777.52,109791.9183641147,0.2156627884800358,180703.17115749756,8,2,6,0.25,2,compartmentalized,2,2,False
exc_23P,864691135848859998,excitatory,23P,35,4,961.1428571428572,19624.616614820527,0.0346711172849825,66065.67912250932,1,1,0,1.0,1,nonlinear-prone,1,0,False
exc_23P,864691135848859998,excitatory,23P,36,4,812.8,63716.19993237492,0.1224104927772227,88111.47078128651,15,6,9,0.4,2,compartmentalized,1,2,False
exc_23P,864691135848859998,excitatory,23P,37,9,741.7142857142857,18747.746163031472,0.0377043423573554,203602.60386024436,0,0,0,,1,nonlinear-prone,2,0,False
exc_23P,864691135848859998,excitatory,23P,38,9,695.5,8359.26206271777,0.0173612104178852,198408.3618100875,0,0,0,,0,summation-like,2,0,False
exc_23P,864691135848859998,excitatory,23P,39,5,732.5,46611.0320761457,0.0943290655397981,99183.50346799244,19,5,14,0.2631578947368421,1,nonlinear-prone,1,0,False
exc_23P,864691135848859998,excitatory,23P,40,5,594.0,9188.216291865469,0.020648980534194,80472.09557585232,0,0,0,,0,summation-like,1,0,False
exc_23P,864691135848859998,excitatory,23P,41,5,590.25,9187.990304008848,0.0207139611657062,80471.982581924,1,0,1,0.0,0,summation-like,1,0,False
exc_23P,864691135848859998,excitatory,23P,42,5,547.0,8731.296576065812,0.0204477583640939,80243.63571795248,0,0,0,,0,summation-like,1,0,False
exc_23P,864691135848859998,excitatory,23P,43,5,581.1428571428571,7674.513275057443,0.0174369297109825,79715.24406744831,0,0,0,,0,summation-like,1,0,False
exc_23P,864691135848859998,excitatory,23P,44,5,666.0,7669.716169950133,0.0162780660094245,79712.84551489465,0,0,0,,0,summation-like,1,0,False
exc_23P,864691135848859998,excitatory,23P,45,5,565.7142857142857,7370.064682102336,0.0169720129234332,79563.01977097074,1,0,1,0.0,0,summation-like,1,0,False
exc_23P,864691135848859998,excitatory,23P,46,9,977.6,5978.660869591797,0.0104733098049285,173940.3749325152,0,0,0,,0,summation-like,2,0,False
exc_23P,864691135848859998,excitatory,23P,47,9,731.5151515151515,46100.29988893955,0.0933582527296913,194001.19444218907,0,0,0,,1,nonlinear-prone,2,2,False
exc_23P,864691135848859998,excitatory,23P,48,10,744.6315789473684,140760.0194392451,0.2825330256759056,247309.71508693363,3,0,3,0.0,2,compartmentalized,2,2,False
exc_23P,864691135848859998,excitatory,23P,49,10,745.8709677419355,42928.97972486033,0.0860952799941607,198394.19522974125,2,0,2,0.0,1,nonlinear-prone,2,2,False
exc_23P,864691135848859998,excitatory,23P,50,2,1053.6,6013.01100562053,0.010146464614507,20377.007523919816,0,0,0,,0,summation-like,0,0,False
exc_23P,864691135848859998,excitatory,23P,51,2,987.2727272727273,14020.51793842226,0.0244402764895034,24380.760990320683,8,0,8,0.0,0,summation-like,0,0,False
exc_23P,864691135848859998,excitatory,23P,52,2,1464.857142857143,8993.277525764612,0.0128700722939219,24744.874802667546,2,1,1,0.5,0,summation-like,0,0,False
exc_23P,864691135848859998,excitatory,23P,53,2,1058.8,4299.414451497862,0.0072370733265339,22397.94326553417,4,0,4,0.0,0,summation-like,0,0,False
exc_23P,864691135848859998,excitatory,23P,54,3,909.9545454545456,129748.317791035,0.2355876466146213,88257.67192224758,32,9,23,0.28125,2,compartmentalized,0,2,False
exc_23P,864691135848859998,excitatory,23P,55,3,1078.1142857142856,49525.04680116231,0.0826138994240164,48146.036427311235,14,1,13,0.0714285714285714,1,nonlinear-prone,0,0,False
exc_23P,864691135848859998,excitatory,23P,56,3,884.875,117566.30301576936,0.2164723970914399,88024.66507343453,24,9,15,0.375,2,compartmentalized,0,2,False
exc_23P,864691135848859998,excitatory,23P,57,3,1420.6666666666667,1561.4254892252825,0.0022690067961182,30022.226310162485,0,0,0,,0,summation-like,0,0,False
exc_23P,864691135848859998,excitatory,23P,58,3,1152.5,27011.85724954921,0.0435807405990124,42747.44219032445,5,0,5,0.0,1,nonlinear-prone,0,0,False
exc_23P,864691135848859998,excitatory,23P,59,9,678.0,13548.784281349812,0.028500081936115,202026.86243857883,0,0,0,,1,nonlinear-prone,2,0,False
exc_23P,864691135848859998,excitatory,23P,60,9,704.1818181818181,12502.82047856719,0.0258063283653348,201503.8805371875,0,0,0,,0,summation-like,2,0,False
exc_23P,864691135848859998,excitatory,23P,61,4,1066.0,31582.04401998225,0.0529812572034635,41054.5708300903,14,1,13,0.0714285714285714,1,nonlinear-prone,1,0,False
exc_23P,864691135848859998,excitatory,23P,62,4,843.830985915493,102964.61620136996,0.1941426252332968,76745.85692078415,20,2,18,0.1,2,compartmentalized,1,2,False
exc_23P,864691135848859998,excitatory,23P,63,5,850.4,72359.35948534982,0.1359075912957534,93025.27258275633,12,3,9,0.25,2,compartmentalized,1,2,False
exc_23P,864691135848859998,excitatory,23P,64,5,827.1111111111111,64046.26624443063,0.1219754745038647,88868.72596229674,7,4,3,0.5714285714285714,2,compartmentalized,1,2,False
exc_23P,864691135848859998,excitatory,23P,65,5,770.4878048780488,59814.252229882986,0.1180272859315616,105820.89140399656,9,4,5,0.4444444444444444,2,compartmentalized,1,2,False
exc_23P,864691135848859998,excitatory,23P,66,5,830.9230769230769,53618.9175179654,0.1018821870248647,102723.22404803777,4,0,4,0.0,1,nonlinear-prone,1,0,False
exc_23P,864691135848859998,excitatory,23P,67,5,656.0,7866.384892810725,0.0168222429084778,79846.95773546041,1,1,0,1.0,0,summation-like,1,0,False
exc_23P,864691135848859998,excitatory,23P,68,4,1026.8,5914.069228445391,0.010108904676367,57288.71557891459,3,0,3,0.0,0,summation-like,1,0,False
exc_23P,864691135848859998,excitatory,23P,69,4,820.4705882352941,73506.43889292986,0.1405576546977932,91084.90041115682,22,8,14,0.3636363636363636,2,compartmentalized,1,2,False
exc_23P,864691135848859998,excitatory,23P,70,3,1174.3333333333333,7510.857987821855,0.0120047876888183,35146.44895344274,5,1,4,0.2,0,summation-like,0,0,False
exc_23P,864691135848859998,excitatory,23P,71,3,886.56,70777.32878237955,0.1301969254899746,66779.6843507216,14,3,11,0.2142857142857142,2,compartmentalized,0,2,False
exc_23P,864691135848859998,excitatory,23P,72,5,850.4444444444445,92684.8411075522,0.1740789918507826,106588.17074691338,18,3,15,0.1666666666666666,2,compartmentalized,1,2,False
exc_23P,864691135848859998,excitatory,23P,73,5,827.1481481481482,78162.00554815536,0.1488554263038237,99326.75296721495,13,3,10,0.2307692307692307,2,compartmentalized,1,2,False
exc_23P,864691135848859998,excitatory,23P,74,4,887.0958904109589,107371.98252694272,0.1974541726277262,92587.86921082504,14,2,12,0.1428571428571428,2,compartmentalized,1,2,False
exc_23P,864691135848859998,excitatory,23P,75,4,891.65625,93123.48302632256,0.1708130744226104,85463.61946051495,21,2,19,0.0952380952380952,2,compartmentalized,1,2,False
exc_23P,864691135848859998,excitatory,23P,76,3,978.8571428571428,8981.242952695406,0.0157230724253197,28276.51655665946,2,0,2,0.0,0,summation-like,0,0,False
exc_23P,864691135848859998,excitatory,23P,77,3,1123.3333333333333,1477.653739787415,0.0024147878473862,24524.72195020546,0,0,0,,0,summation-like,0,0,False
exc_23P,864691135848859998,excitatory,23P,78,4,835.8507462686567,97891.8471691893,0.1854568092635998,79748.86263936978,29,5,24,0.1724137931034483,2,compartmentalized,1,2,False
exc_23P,864691135848859998,excitatory,23P,79,4,992.2222222222222,23881.49553384097,0.0415257679566348,42743.68682169561,8,2,6,0.25,1,nonlinear-prone,1,0,False
exc_23P,864691135848859998,excitatory,23P,80,4,956.9333333333332,20820.14523980457,0.0368640919553546,43177.210652909445,7,1,6,0.1428571428571428,1,nonlinear-prone,1,0,False
exc_23P,864691135848859998,excitatory,23P,81,4,823.8823529411765,47931.56598852656,0.0914638851717644,56732.92102727044,7,2,5,0.2857142857142857,1,nonlinear-prone,1,0,False
exc_23P,864691135848859998,excitatory,23P,82,8,901.2903225806452,44797.78840020013,0.081730630162765,184377.47268078945,2,0,2,0.0,1,nonlinear-prone,2,0,False
exc_23P,864691135848859998,excitatory,23P,83,8,912.8333333333334,33273.891817214586,0.0603209930146543,178615.52438929665,1,0,1,0.0,1,nonlinear-prone,2,0,False
exc_23P,864691135848859998,excitatory,23P,84,5,810.6785714285714,81530.95886442182,0.1568407211762688,94352.76270502264,12,5,7,0.4166666666666667,2,compartmentalized,1,2,False
exc_23P,864691135848859998,excitatory,23P,85,5,808.2608695652174,31180.620071411508,0.0600716551215065,69177.59330851748,5,1,4,0.2,1,nonlinear-prone,1,0,False
exc_23P,864691135848859998,excitatory,23P,86,9,676.7777777777778,52081.56498031184,0.1096532752072514,232817.1493710454,2,1,1,0.5,1,nonlinear-prone,2,2,False
exc_23P,864691135848859998,excitatory,23P,87,9,588.5142857142857,48922.97243857982,0.1104574361361574,231237.8531001794,4,2,2,0.5,1,nonlinear-prone,2,2,False
exc_23P,864691135848859998,excitatory,23P,88,3,839.9240506329114,116416.8149243763,0.2200170472574879,82756.05795347125,22,6,16,0.2727272727272727,2,compartmentalized,0,2,False
exc_23P,864691135848859998,excitatory,23P,89,3,857.52,71367.45795566161,0.1334869242238837,60231.379469113905,23,1,22,0.0434782608695652,2,compartmentalized,0,2,False
exc_23P,864691135848859998,excitatory,23P,90,2,1540.4,5243.187821784118,0.0073171050088057,15814.440457411123,0,0,0,,0,summation-like,0,0,False
exc_23P,864691135848859998,excitatory,23P,91,2,411.0,14841.036629256956,0.0400962681182951,20613.364861147544,0,0,0,,1,nonlinear-prone,0,0,False
exc_23P,864691135848859998,excitatory,23P,92,2,349.0,11612.336331988396,0.0340461117135681,18999.01471251326,0,0,0,,1,nonlinear-prone,0,0,False
exc_23P,864691135848859998,excitatory,23P,93,3,1040.2857142857142,19342.614277929817,0.0328472852109459,28107.34150726809,9,0,9,0.0,1,nonlinear-prone,0,0,False
exc_23P,864691135848859998,excitatory,23P,94,3,1306.8,12158.047490859462,0.0184212840770597,24515.058113732914,6,0,6,0.0,0,summation-like,0,0,False
exc_23P,864691135848859998,excitatory,23P,95,3,1333.888888888889,24848.92520569469,0.0372656249452258,30860.496971150525,2,0,2,0.0,1,nonlinear-prone,0,0,False
exc_23P,864691135848859998,excitatory,23P,96,3,915.5882352941176,98666.7148371269,0.1785998928119802,67769.39178686663,12,1,11,0.0833333333333333,2,compartmentalized,0,2,False
exc_23P,864691135848859998,excitatory,23P,97,3,1167.2727272727273,13631.033245498302,0.0218526059778474,25251.550991052332,0,0,0,,0,summation-like,0,0,False
exc_23P,864691135848859998,excitatory,23P,98,3,1266.8,12776.950218268234,0.0196622766649843,24824.5094774373,0,0,0,,0,summation-like,0,0,False
exc_23P,864691135848859998,excitatory,23P,99,3,1274.8,12776.934027788018,0.0196004594794822,24824.50138219719,0,0,0,,0,summation-like,0,0,False
exc_23P,864691135848859998,excitatory,23P,100,3,1201.5555555555557,11266.636536872447,0.0178025815396122,24069.352636739408,0,0,0,,0,summation-like,0,0,False
exc_23P,864691135848859998,excitatory,23P,101,3,1222.0,10936.786790666598,0.0171362097819284,23904.42776363648,0,0,0,,0,summation-like,0,0,False
exc_23P,864691135848859998,excitatory,23P,102,3,1243.428571428571,8246.451623224124,0.0128090618228441,22559.260179915243,0,0,0,,0,summation-like,0,0,False
exc_23P,864691135848859998,excitatory,23P,103,2,991.818181818182,14995.47696014856,0.0260798373498043,22275.75025432862,7,1,6,0.1428571428571428,0,summation-like,0,0,False
exc_23P,864691135848859998,excitatory,23P,104,2,1071.5,9007.883306057412,0.0150725693611183,19281.95342728305,2,0,2,0.0,0,summation-like,0,0,False
exc_23P,864691135848859998,excitatory,23P,105,4,881.012987012987,113583.78772773327,0.2095973654061132,94570.54251009964,20,5,15,0.25,2,compartmentalized,1,2,False
exc_23P,864691135848859998,excitatory,23P,106,4,884.3030303030303,95652.480778646,0.176179879584047,85604.889035556,19,7,12,0.3684210526315789,2,compartmentalized,1,2,False
exc_23P,864691135848859998,excitatory,23P,107,3,1029.9130434782608,33083.38649907875,0.056463826536592,46315.181983942275,11,4,7,0.3636363636363636,1,nonlinear-prone,0,0,False
exc_23P,864691135848859998,excitatory,23P,108,3,1043.3793103448277,39521.9583171804,0.0670159182758254,49534.4678929931,19,1,18,0.0526315789473684,1,nonlinear-prone,0,0,False
exc_23P,864691135848859998,excitatory,23P,109,4,863.28,110333.7451445993,0.2056805133717771,85760.9544314623,29,4,25,0.1379310344827586,2,compartmentalized,1,2,False
exc_23P,864691135848859998,excitatory,23P,110,4,1106.0,45319.68342989241,0.0746397079463198,53253.92357410885,19,1,18,0.0526315789473684,1,nonlinear-prone,1,0,False
exc_23P,864691135848859998,excitatory,23P,111,4,860.5970149253732,98769.22311882852,0.1844090996514285,112241.48679289591,10,0,10,0.0,2,compartmentalized,1,2,False
exc_23P,864691135848859998,excitatory,23P,112,4,834.5833333333334,68785.99069326882,0.1304144668225927,97249.87058011604,16,2,14,0.125,2,compartmentalized,1,2,False
exc_23P,864691135848859998,excitatory,23P,113,5,797.6744186046511,61614.14559095785,0.1194890822757769,85491.50738409502,12,6,6,0.5,2,compartmentalized,1,2,False
exc_23P,864691135848859998,excitatory,23P,114,5,727.7777777777778,50816.64248536022,0.1031732709513117,80092.7558312962,11,3,8,0.2727272727272727,1,nonlinear-prone,1,0,False
exc_23P,864691135848859998,excitatory,23P,115,4,793.8636363636364,63884.2646913741,0.1241885548120895,101237.57939727035,16,6,10,0.375,2,compartmentalized,1,2,False
exc_23P,864691135848859998,excitatory,23P,116,4,752.0,63166.124632562976,0.1261641424052109,100878.5093678648,9,4,5,0.4444444444444444,2,compartmentalized,1,2,False
exc_23P,864691135848859998,excitatory,23P,117,2,1132.0,12030.006776378836,0.0195840850219679,21878.12605657411,5,0,5,0.0,0,summation-like,0,0,False
exc_23P,864691135848859998,excitatory,23P,118,2,899.2444444444444,131521.2406954154,0.2402246906269438,81623.7430160924,24,2,22,0.0833333333333333,2,compartmentalized,0,2,False
exc_23P,864691135848859998,excitatory,23P,119,3,875.1325301204819,120324.30901115626,0.2227804566887669,88055.28395034166,21,6,15,0.2857142857142857,2,compartmentalized,0,2,False
exc_23P,864691135848859998,excitatory,23P,120,3,1012.1052631578948,26128.71352704618,0.0449848019767884,40957.48620828662,9,2,7,0.2222222222222222,1,nonlinear-prone,0,0,False
exc_23P,864691135848859998,excitatory,23P,121,2,1024.6666666666667,7511.562068274646,0.0128528542679594,40054.13592787644,4,1,3,0.25,0,summation-like,0,0,False
exc_23P,864691135848859998,excitatory,23P,122,2,1004.2608695652174,66105.76414155812,0.1142553872527637,69351.23696451818,7,0,7,0.0,1,nonlinear-prone,0,2,False
exc_23P,864691135848859998,excitatory,23P,123,3,898.3116883116883,113966.34918742956,0.2082685715552927,100793.09155572856,12,2,10,0.1666666666666666,2,compartmentalized,0,2,False
exc_23P,864691135848859998,excitatory,23P,124,3,891.1636363636363,78467.08433741683,0.1439691413177963,83043.45913072219,15,3,12,0.2,2,compartmentalized,0,2,False
exc_23P,864691135848859998,excitatory,23P,125,4,829.04,72686.76718305457,0.138270087727949,90365.226563337,9,5,4,0.5555555555555556,2,compartmentalized,1,2,False
exc_23P,864691135848859998,excitatory,23P,126,4,790.64,71817.21179068324,0.1398942216868244,89930.44886715132,14,3,11,0.2142857142857142,2,compartmentalized,1,2,False
exc_23P,864691135848859998,excitatory,23P,127,4,833.4347826086956,66361.15065911895,0.1259037670651085,106089.13515745186,7,1,6,0.1428571428571428,2,compartmentalized,1,2,False
exc_23P,864691135848859998,excitatory,23P,128,4,823.4,56861.523902022,0.1085359696954523,101339.3217789034,8,0,8,0.0,1,nonlinear-prone,1,2,False
exc_23P,864691135848859998,excitatory,23P,129,7,1074.3333333333333,25522.24103049378,0.0426491036177106,125757.58011903072,1,0,1,0.0,1,nonlinear-prone,2,0,False
exc_23P,864691135848859998,excitatory,23P,130,7,831.8125,91825.16199892006,0.1743851942158237,158909.04060324386,4,1,3,0.25,2,compartmentalized,2,2,False
exc_23P,864691135848859998,excitatory,23P,131,7,798.1632653061224,70062.56810477132,0.1358315984650712,148027.74365616948,3,0,3,0.0,2,compartmentalized,2,2,False
exc_23P_2,864691135866483845,excitatory,23P,0,0,2438.3636363636365,21123.473472259655,0.0234302393160204,10561.736736129827,18,8,10,0.4444444444444444,0,summation-like,0,0,False
exc_23P_2,864691135866483845,excitatory,23P,1,1,2608.8571428571427,19749.09909772009,0.0211778938510003,9874.549548860045,7,0,7,0.0,0,summation-like,0,0,False
exc_23P_2,864691135866483845,excitatory,23P,2,1,6929.0,15886.521582775758,0.0104533180372628,7943.260791387879,5,0,5,0.0,0,summation-like,0,0,False
exc_23P_2,864691135866483845,excitatory,23P,3,1,6718.0,12057.794159795563,0.0080576517492268,6028.897079897782,4,3,1,0.75,0,summation-like,0,0,False
exc_23P_2,864691135866483845,excitatory,23P,4,1,2323.5,21558.749893057862,0.0244969977989931,10779.374946528931,5,0,5,0.0,0,summation-like,0,0,False
exc_23P_2,864691135866483845,excitatory,23P,5,1,936.0,143896.42562217414,0.2576159267728696,71948.21281108707,43,10,33,0.2325581395348837,2,compartmentalized,0,2,False
exc_23P_2,864691135866483845,excitatory,23P,6,1,1511.4,40304.48025921746,0.056783772699008,20152.24012960873,16,1,15,0.0625,1,nonlinear-prone,0,0,False
exc_23P_2,864691135866483845,excitatory,23P,7,1,2528.5,21824.87119352972,0.0237728274222359,10912.43559676486,17,4,13,0.2352941176470588,0,summation-like,0,0,False
exc_23P_2,864691135866483845,excitatory,23P,8,1,1660.0,4501.400345445569,0.0060513771811973,23374.17364498244,0,0,0,,0,summation-like,0,0,False
exc_23P_2,864691135866483845,excitatory,23P,9,1,1025.3846153846157,16764.448626298155,0.0286752031330078,29505.69778540873,3,0,3,0.0,1,nonlinear-prone,0,0,False
exc_23P_2,864691135866483845,excitatory,23P,10,2,1668.0,7547.241223444503,0.0101216388048118,29398.494429427472,5,0,5,0.0,0,summation-like,0,0,False
exc_23P_2,864691135866483845,excitatory,23P,11,2,884.9230769230769,16806.15639669936,0.0309439868417194,34027.9520160549,3,0,3,0.0,1,nonlinear-prone,0,0,False
exc_23P_2,864691135866483845,excitatory,23P,12,4,695.2666666666667,87766.90671671942,0.1823121930975373,83306.70697097885,20,4,16,0.2,2,compartmentalized,1,2,False
exc_23P_2,864691135866483845,excitatory,23P,13,4,886.5714285714286,7648.719740267387,0.0140699485649869,43247.61348275283,1,0,1,0.0,0,summation-like,1,0,False
exc_23P_2,864691135866483845,excitatory,23P,14,3,1520.8,6025.591275272786,0.0084629981304082,36184.91067878612,5,0,5,0.0,0,summation-like,0,0,False
exc_23P_2,864691135866483845,excitatory,23P,15,3,1146.5,9170.231938782585,0.014833851193852,37757.231010541014,1,0,1,0.0,0,summation-like,0,0,False
exc_23P_2,864691135866483845,excitatory,23P,16,4,1420.1666666666667,16593.76233644905,0.024117697049077,47494.58748464704,8,1,7,0.125,0,summation-like,1,0,False
exc_23P_2,864691135866483845,excitatory,23P,17,4,825.4857142857143,101730.8768756409,0.1939360895328068,90063.14475424297,16,1,15,0.0625,2,compartmentalized,1,2,False
exc_23P_2,864691135866483845,excitatory,23P,18,5,804.3333333333334,7515.0725057677155,0.0145136206930111,70827.06773388972,2,0,2,0.0,0,summation-like,1,0,False
exc_23P_2,864691135866483845,excitatory,23P,19,5,627.3333333333334,1630.7023417522155,0.0035660394229567,67884.88265188197,0,0,0,,0,summation-like,1,0,False
exc_23P_2,864691135866483845,excitatory,23P,20,8,481.2307692307692,17455.28240134558,0.0435823669452992,204370.70760322543,1,0,1,0.0,1,nonlinear-prone,2,0,False
exc_23P_2,864691135866483845,excitatory,23P,21,8,1002.6666666666666,1982.5157970134876,0.003429248799666,196634.32430105945,1,1,0,1.0,0,summation-like,2,0,False
exc_23P_2,864691135866483845,excitatory,23P,22,6,746.0,20945.530276180853,0.0420032188804062,85057.36912486401,7,2,5,0.2857142857142857,1,nonlinear-prone,2,0,False
exc_23P_2,864691135866483845,excitatory,23P,23,6,610.6666666666666,2253.444915787263,0.0049946546698399,75711.32644466721,0,0,0,,0,summation-like,2,0,False
exc_23P_2,864691135866483845,excitatory,23P,24,3,907.0909090909092,15051.900790775377,0.0273732628235907,49888.22550545396,0,0,0,,1,nonlinear-prone,0,0,False
exc_23P_2,864691135866483845,excitatory,23P,25,3,1039.7142857142858,7960.185424627964,0.0135215602005118,46342.367822380256,1,0,1,0.0,0,summation-like,0,0,False
exc_23P_2,864691135866483845,excitatory,23P,26,2,889.0,22282.85935719719,0.0409336683021757,23199.22383839416,3,1,2,0.3333333333333333,1,nonlinear-prone,0,0,False
exc_23P_2,864691135866483845,excitatory,23P,27,2,974.0,7528.000178955043,0.0132117628537348,15821.794249273084,0,0,0,,0,summation-like,0,0,False
exc_23P_2,864691135866483845,excitatory,23P,28,5,1302.0,13472.857622411471,0.0204510144483645,62527.897464077294,4,1,3,0.25,0,summation-like,1,0,False
exc_23P_2,864691135866483845,excitatory,23P,29,5,1476.857142857143,7826.356764587551,0.011154523551481,59704.64703516533,5,2,3,0.4,0,summation-like,1,0,False
exc_23P_2,864691135866483845,excitatory,23P,30,9,608.3636363636364,14795.921013661842,0.0328564779963471,205023.54270639707,4,4,0,1.0,1,nonlinear-prone,2,0,False
exc_23P_2,864691135866483845,excitatory,23P,31,9,566.5,8335.746457108315,0.0191824982286073,201793.4554281203,0,0,0,,0,summation-like,2,0,False
exc_23P_2,864691135866483845,excitatory,23P,32,4,974.9230769230768,17937.22149145808,0.0314652091619528,66382.78664657069,4,2,2,0.5,1,nonlinear-prone,1,0,False
exc_23P_2,864691135866483845,excitatory,23P,33,4,820.0392156862745,73150.73166858568,0.1399142635758987,93989.5417351345,10,5,5,0.5,2,compartmentalized,1,2,False
exc_23P_2,864691135866483845,excitatory,23P,34,6,1299.7931034482758,42062.50548460598,0.0639026180649609,90295.57901758602,6,0,6,0.0,1,nonlinear-prone,2,0,False
exc_23P_2,864691135866483845,excitatory,23P,35,6,994.9433962264152,76688.25247429291,0.1331650577917077,107608.45251242947,5,0,5,0.0,2,compartmentalized,2,2,False
exc_23P_2,864691135866483845,excitatory,23P,36,3,819.0526315789474,26125.753424846193,0.0500004077511353,47403.530229415854,7,1,6,0.1428571428571428,1,nonlinear-prone,0,0,False
exc_23P_2,864691135866483845,excitatory,23P,37,3,853.6811594202899,99294.04871462134,0.1861384093877389,83987.67787430342,26,3,23,0.1153846153846153,2,compartmentalized,0,2,False
exc_23P_2,864691135866483845,excitatory,23P,38,5,787.6842105263158,82684.7151870112,0.161365167150063,116693.75498580532,9,1,8,0.1111111111111111,2,compartmentalized,1,2,False
exc_23P_2,864691135866483845,excitatory,23P,39,5,800.578947368421,53717.58997197443,0.1039860459551106,102210.19237828694,8,3,5,0.375,1,nonlinear-prone,1,2,False
exc_23P_2,864691135866483845,excitatory,23P,40,4,729.4098360655738,90004.89967990249,0.1825328235367486,105468.8567817902,16,5,11,0.3125,2,compartmentalized,1,2,False
exc_23P_2,864691135866483845,excitatory,23P,41,4,750.1212121212121,46102.91097797986,0.092198371883475,83517.86243082889,11,7,4,0.6363636363636364,1,nonlinear-prone,1,0,False
exc_23P_2,864691135866483845,excitatory,23P,42,4,815.3333333333334,6603.124539166908,0.0126660884593173,63767.96921142241,0,0,0,,0,summation-like,1,0,False
exc_23P_2,864691135866483845,excitatory,23P,43,7,1098.0,10338.047166261038,0.0170882648522534,116495.85534301952,0,0,0,,0,summation-like,2,0,False
exc_23P_2,864691135866483845,excitatory,23P,44,7,1098.428571428571,39529.22638947636,0.0653270477313637,131091.4449546272,6,1,5,0.1666666666666666,1,nonlinear-prone,2,0,False
exc_23P_2,864691135866483845,excitatory,23P,45,8,1106.3333333333333,79218.66108910089,0.1304503132884081,161274.2094707005,5,2,3,0.4,2,compartmentalized,2,2,False
exc_23P_2,864691135866483845,excitatory,23P,46,8,726.9268292682926,59088.79328220598,0.1200384556023192,151209.27556725303,3,1,2,0.3333333333333333,2,compartmentalized,2,2,False
exc_23P_2,864691135866483845,excitatory,23P,47,3,932.181818181818,14956.568874854136,0.026831335431304,27064.078776177674,4,1,3,0.25,0,summation-like,0,0,False
exc_23P_2,864691135866483845,excitatory,23P,48,3,929.4666666666668,19837.459273868528,0.0356393492770555,29504.523975684868,6,0,6,0.0,1,nonlinear-prone,0,0,False
exc_23P_2,864691135866483845,excitatory,23P,49,4,797.1428571428571,19336.24573315288,0.0375115236299153,44210.486080181174,10,5,5,0.5,1,nonlinear-prone,1,0,False
exc_23P_2,864691135866483845,excitatory,23P,50,4,826.7368421052631,82143.6246010478,0.1564771198463244,75614.17551412864,17,3,14,0.1764705882352941,2,compartmentalized,1,2,False
exc_23P_2,864691135866483845,excitatory,23P,51,5,779.9649122807018,83817.02613631365,0.1643824095980384,95787.12201491444,14,2,12,0.1428571428571428,2,compartmentalized,1,2,False
exc_23P_2,864691135866483845,excitatory,23P,52,5,723.1636363636363,79758.12106403822,0.1624490783581334,93757.66947877672,10,2,8,0.2,2,compartmentalized,1,2,False
exc_23P_2,864691135866483845,excitatory,23P,53,2,958.0,12048.118657934256,0.0213204864281119,43911.981427524945,3,2,1,0.6666666666666666,0,summation-like,0,0,False
exc_23P_2,864691135866483845,excitatory,23P,54,2,709.448275862069,83223.98265690896,0.171138906822959,79499.9134270123,12,4,8,0.3333333333333333,2,compartmentalized,0,2,False
exc_23P_2,864691135866483845,excitatory,23P,55,3,862.0,4488.566268907281,0.0083736467515706,52180.323890945714,0,0,0,,0,summation-like,0,0,False
exc_23P_2,864691135866483845,excitatory,23P,56,3,781.6875,92261.35042149734,0.1807439839778929,96066.71596724074,13,5,8,0.3846153846153846,2,compartmentalized,0,2,False
exc_23P_2,864691135866483845,excitatory,23P,57,9,657.0196078431372,74411.99358067352,0.1590063256575818,238089.5368055877,5,2,3,0.4,2,compartmentalized,2,2,False
exc_23P_2,864691135866483845,excitatory,23P,58,9,967.4285714285714,18501.99218177408,0.0325813943020209,210134.53610613797,2,1,1,0.5,1,nonlinear-prone,2,0,False
exc_23P_2,864691135866483845,excitatory,23P,59,4,757.0,4009.5885464787425,0.0079820142053444,56429.40129863872,1,0,1,0.0,0,summation-like,1,0,False
exc_23P_2,864691135866483845,excitatory,23P,60,4,648.3636363636364,94936.69986286314,0.2042139631183104,101892.95695683092,6,3,3,0.5,2,compartmentalized,1,2,False
exc_23P_2,864691135866483845,excitatory,23P,61,2,891.5,4496.232591739933,0.0082480013423653,23806.86618892783,1,0,1,0.0,0,summation-like,0,0,False
exc_23P_2,864691135866483845,excitatory,23P,62,2,835.7777777777778,37622.63848521741,0.0712794708479207,40370.06913566656,9,1,8,0.1111111111111111,1,nonlinear-prone,0,0,False
exc_23P_2,864691135866483845,excitatory,23P,63,5,814.0,96947.38704753926,0.1861163527586229,106907.88909564773,24,8,16,0.3333333333333333,2,compartmentalized,1,2,False
exc_23P_2,864691135866483845,excitatory,23P,64,5,883.5294117647059,47224.3427948832,0.0870193919695548,82046.3669693197,12,0,12,0.0,1,nonlinear-prone,1,0,False
exc_23P_2,864691135866483845,excitatory,23P,65,3,763.0117647058823,124075.47891480406,0.2460259799931059,88092.72194219983,16,4,12,0.25,2,compartmentalized,0,2,False
exc_23P_2,864691135866483845,excitatory,23P,66,3,888.0,10612.66039696236,0.0195064577579065,31361.312683278975,1,0,1,0.0,0,summation-like,0,0,False
exc_23P_2,864691135866483845,excitatory,23P,67,5,772.6153846153846,76438.84518603365,0.1506236157586641,85291.39594590335,10,6,4,0.6,2,compartmentalized,1,2,False
exc_23P_2,864691135866483845,excitatory,23P,68,5,712.4905660377359,75464.16680241852,0.1548502281569857,84804.05675409577,18,9,9,0.5,2,compartmentalized,1,2,False
exc_23P_2,864691135866483845,excitatory,23P,69,5,335.0,9065.316510285977,0.0271282135613427,51604.63160802951,0,0,0,,0,summation-like,1,0,False
exc_23P_2,864691135866483845,excitatory,23P,70,8,831.4285714285714,80828.57630308377,0.1535370119424918,135322.4288831308,8,1,7,0.125,2,compartmentalized,2,2,False
exc_23P_2,864691135866483845,excitatory,23P,71,8,733.0769230769231,34314.572304816276,0.0694167766462965,112065.42688399706,2,1,1,0.5,1,nonlinear-prone,2,0,False
exc_23P_2,864691135866483845,excitatory,23P,72,10,734.4516129032259,44282.97702605962,0.0894985177174554,241527.02071005484,1,0,1,0.0,1,nonlinear-prone,2,1,False
exc_23P_2,864691135866483845,excitatory,23P,73,10,699.7142857142857,28798.218688095963,0.0596301473210445,233784.641541073,1,1,0,1.0,1,nonlinear-prone,2,1,False
exc_23P_2,864691135866483845,excitatory,23P,74,4,815.0140845070423,105025.90912052876,0.2014997538353529,102835.41509495862,16,3,13,0.1875,2,compartmentalized,1,2,False
exc_23P_2,864691135866483845,excitatory,23P,75,4,876.1724137931035,84156.09089081698,0.1557225094431256,92400.50598010272,7,0,7,0.0,2,compartmentalized,1,2,False
exc_23P_2,864691135866483845,excitatory,23P,76,4,934.88,73492.2482375558,0.1316510193673797,79088.4710987102,10,3,7,0.3,2,compartmentalized,1,2,False
exc_23P_2,864691135866483845,excitatory,23P,77,4,800.0327868852459,88639.61168339147,0.1716463526247799,86662.15282162804,11,5,6,0.4545454545454545,2,compartmentalized,1,2,False
exc_23P_2,864691135866483845,excitatory,23P,78,6,1222.842105263158,26763.373971436773,0.0419195196964189,76999.5124031775,5,2,3,0.4,1,nonlinear-prone,2,0,False
exc_23P_2,864691135866483845,excitatory,23P,79,6,836.9473684210526,82352.13115951559,0.1559144603476454,104793.8909972169,8,3,5,0.375,2,compartmentalized,2,2,False
exc_23P_2,864691135866483845,excitatory,23P,80,7,959.6,20840.36453968703,0.0368485853094691,100801.3816587394,2,0,2,0.0,1,nonlinear-prone,2,0,False
exc_23P_2,864691135866483845,excitatory,23P,81,7,1160.0,4526.941342693037,0.0072800858369649,92644.6700602424,0,0,0,,0,summation-like,2,0,False
exc_23P_2,864691135866483845,excitatory,23P,82,5,707.6585365853658,59521.75567293886,0.1225531518962275,145595.47305395754,4,0,4,0.0,2,compartmentalized,1,2,False
exc_23P_2,864691135866483845,excitatory,23P,83,5,675.2380952380952,28536.066457970453,0.0601487030111898,130102.62844647332,2,1,1,0.5,1,nonlinear-prone,1,0,False
exc_23P_2,864691135866483845,excitatory,23P,84,8,727.9607843137255,150966.3952444987,0.3064692604878318,186704.76155083225,5,2,3,0.4,2,compartmentalized,2,2,False
exc_23P_2,864691135866483845,excitatory,23P,85,8,637.2,56931.14118530367,0.1235300545301702,139687.13452123475,3,3,0,1.0,2,compartmentalized,2,2,False
exc_23P_2,864691135866483845,excitatory,23P,86,2,848.0,7520.9160472502435,0.0141459931059799,19646.97960640088,1,0,1,0.0,0,summation-like,0,0,False
exc_23P_2,864691135866483845,excitatory,23P,87,2,959.2,19536.134004977554,0.0345497308042491,25654.588585264537,2,0,2,0.0,1,nonlinear-prone,0,0,False
exc_23P_2,864691135866483845,excitatory,23P,88,3,803.6179775280899,131299.93003862578,0.2536882193911669,89057.4026493389,28,6,22,0.2142857142857142,2,compartmentalized,0,2,False
exc_23P_2,864691135866483845,excitatory,23P,89,3,817.1764705882352,123559.47533470156,0.2367438774063009,85187.17529737677,23,5,18,0.217391304347826,2,compartmentalized,0,2,False
exc_23P_2,864691135866483845,excitatory,23P,90,2,931.0769230769232,37262.19665221586,0.0668861655623751,40455.96951963765,4,2,2,0.5,1,nonlinear-prone,0,0,False
exc_23P_2,864691135866483845,excitatory,23P,91,2,1053.5,8476.794694371965,0.0143045770774459,26063.2685407157,2,0,2,0.0,0,summation-like,0,0,False
exc_23P_2,864691135866483845,excitatory,23P,92,3,729.8032786885246,88647.06873699665,0.1797306321427197,103504.9227467736,13,5,8,0.3846153846153846,2,compartmentalized,0,2,False
exc_23P_2,864691135866483845,excitatory,23P,93,3,814.08,34177.95933301431,0.0656104797550626,76270.36804478243,5,0,5,0.0,1,nonlinear-prone,0,0,False
exc_23P_2,864691135866483845,excitatory,23P,94,3,779.2682926829268,58734.19975297671,0.1152413083889811,88454.16772223393,14,8,6,0.5714285714285714,1,nonlinear-prone,0,2,False
exc_23P_2,864691135866483845,excitatory,23P,95,3,754.2352941176471,48015.19633216322,0.0957603910259455,83094.66601182718,6,2,4,0.3333333333333333,1,nonlinear-prone,0,0,False
exc_23P_2,864691135866483845,excitatory,23P,96,3,753.35,58505.76607545545,0.1167510785911512,71683.9132521323,13,9,4,0.6923076923076923,2,compartmentalized,0,2,False
exc_23P_2,864691135866483845,excitatory,23P,97,3,749.0,8640.442066966069,0.0172924162567597,46751.251247887616,2,0,2,0.0,0,summation-like,0,0,False
exc_23P_2,864691135866483845,excitatory,23P,98,4,796.2933333333333,110321.78933343929,0.2141338791836078,91828.5375484798,15,4,11,0.2666666666666666,2,compartmentalized,1,2,False
exc_23P_2,864691135866483845,excitatory,23P,99,4,757.4520547945206,106167.87478041652,0.2112886543820649,89751.58027196841,23,6,17,0.2608695652173913,2,compartmentalized,1,2,False
exc_23P_2,864691135866483845,excitatory,23P,100,4,629.2,5449.914568796709,0.0119002467040481,103661.7535742584,2,0,2,0.0,0,summation-like,1,0,False
exc_23P_2,864691135866483845,excitatory,23P,101,4,629.925925925926,37186.16224468718,0.081151629669244,119529.87741220364,4,0,4,0.0,1,nonlinear-prone,1,0,False
exc_23P_2,864691135866483845,excitatory,23P,102,5,633.3333333333334,16340.987396252647,0.035564994777985,114557.20455678308,3,0,3,0.0,1,nonlinear-prone,1,0,False
exc_23P_2,864691135866483845,excitatory,23P,103,5,551.5,9126.6853320993,0.0212863376242427,110950.0535247064,3,1,2,0.3333333333333333,0,summation-like,1,0,False
exc_23P_2,864691135866483845,excitatory,23P,104,6,669.2727272727273,15038.585314279106,0.0318394859417994,130246.99091204896,2,1,1,0.5,1,nonlinear-prone,2,0,False
exc_23P_2,864691135866483845,excitatory,23P,105,6,454.0,5551.806691546671,0.0142714150563722,125503.60160068273,1,0,1,0.0,0,summation-like,2,0,False
exc_23P_2,864691135866483845,excitatory,23P,106,8,826.5454545454545,64694.521860976514,0.1232522238064577,183203.3190798536,8,1,7,0.125,2,compartmentalized,2,2,False
exc_23P_2,864691135866483845,excitatory,23P,107,8,745.2,26439.52856518187,0.0530490866917497,164075.8224319563,1,0,1,0.0,1,nonlinear-prone,2,0,False
exc_23P_2,864691135866483845,excitatory,23P,108,7,725.0,4518.574038809455,0.0091916404323755,140025.57058859323,1,0,1,0.0,0,summation-like,2,0,False
exc_23P_2,864691135866483845,excitatory,23P,109,7,540.0,1769.7644238863068,0.0041713747507757,138651.16578113165,0,0,0,,0,summation-like,2,0,False
exc_23P_2,864691135866483845,excitatory,23P,110,8,788.0,16534.319033433283,0.0322614461979673,150552.0171247146,7,2,5,0.2857142857142857,1,nonlinear-prone,2,0,False
exc_23P_2,864691135866483845,excitatory,23P,111,8,498.0,3262.2790357591,0.0080069489801548,143915.9971258775,0,0,0,,0,summation-like,2,0,False
exc_23P_2,864691135866483845,excitatory,23P,112,2,799.4202898550725,101059.6535818324,0.1957721224310257,90834.30705013366,30,6,24,0.2,2,compartmentalized,0,2,False
exc_23P_2,864691135866483845,excitatory,23P,113,2,822.9655172413793,83470.37376056782,0.1593683830589702,82039.66713950137,22,4,18,0.1818181818181818,2,compartmentalized,0,2,False
exc_23P_2,864691135866483845,excitatory,23P,114,2,948.0,12037.710558221304,0.0214141260814888,25767.95437683074,0,0,0,,0,summation-like,0,0,False
exc_23P_2,864691135866483845,excitatory,23P,115,2,1053.529411764706,22613.17601234618,0.0381591645927146,31055.68710389318,8,0,8,0.0,1,nonlinear-prone,0,0,False
exc_23P_2,864691135866483845,excitatory,23P,116,3,785.9767441860465,126842.84491890317,0.2478116694298214,95208.23211539297,27,4,23,0.1481481481481481,2,compartmentalized,0,2,False
exc_23P_2,864691135866483845,excitatory,23P,117,3,815.4216867469879,121323.50418363333,0.2327096773766918,92448.56174775804,18,6,12,0.3333333333333333,2,compartmentalized,0,2,False
exc_23P_2,864691135866483845,excitatory,23P,118,3,922.9620253164557,116481.4807847124,0.2100030460221867,93663.3959801095,23,4,19,0.1739130434782608,2,compartmentalized,0,2,False
exc_23P_2,864691135866483845,excitatory,23P,119,3,862.4324324324324,108499.35432442476,0.2023602657237856,89672.33274996569,25,4,21,0.16,2,compartmentalized,0,2,False
exc_23P_2,864691135866483845,excitatory,23P,120,7,827.7647058823529,49690.48765297673,0.0945976687118626,170797.8225760643,1,0,1,0.0,1,nonlinear-prone,2,2,False
exc_23P_2,864691135866483845,excitatory,23P,121,7,740.1379310344828,40765.12796201366,0.0820716389748325,166335.14273058277,0,0,0,,1,nonlinear-prone,2,0,False
exc_4P,864691135738528881,excitatory,4P,0,0,2272.6666666666665,18052.385931375473,0.0207408889274829,9026.192965687736,20,1,19,0.05,0,summation-like,0,0,False
exc_4P,864691135738528881,excitatory,4P,1,1,3139.6666666666665,16618.10228798052,0.016244273167894,8309.05114399026,22,0,22,0.0,0,summation-like,0,0,False
exc_4P,864691135738528881,excitatory,4P,2,1,3747.5,15650.298089271651,0.0140027205099902,7825.149044635826,13,0,13,0.0,0,summation-like,0,0,False
exc_4P,864691135738528881,excitatory,4P,3,1,2224.25,26726.682729389428,0.0310394406174815,13363.341364694714,5,0,5,0.0,1,nonlinear-prone,0,0,False
exc_4P,864691135738528881,excitatory,4P,4,1,6541.0,15316.99396095722,0.0103731842967216,7658.496980478611,6,0,6,0.0,0,summation-like,0,0,False
exc_4P,864691135738528881,excitatory,4P,5,1,2395.1428571428573,20936.153665519385,0.0234310533945302,10468.076832759692,9,0,9,0.0,0,summation-like,0,0,False
exc_4P,864691135738528881,excitatory,4P,6,1,875.0681818181819,142351.9830110076,0.2635743852962888,71175.9915055038,42,2,40,0.0476190476190476,2,compartmentalized,0,2,False
exc_4P,864691135738528881,excitatory,4P,7,1,909.7297297297296,120643.12675612688,0.2190821619697579,60321.563378063445,24,1,23,0.0416666666666666,2,compartmentalized,0,2,False
exc_4P,864691135738528881,excitatory,4P,8,1,2571.3333333333335,20606.95532033676,0.0222584678667958,10303.47766016838,13,1,12,0.0769230769230769,0,summation-like,0,0,False
exc_4P,864691135738528881,excitatory,4P,9,8,877.0,10143.98574859129,0.018761582225925,98851.20952950658,2,0,2,0.0,0,summation-like,2,0,False
exc_4P,864691135738528881,excitatory,4P,10,8,591.0,2819.3641800081077,0.0063521107965093,95188.898745215,0,0,0,,0,summation-like,2,0,False
exc_4P,864691135738528881,excitatory,4P,11,1,978.6666666666666,7529.084447365099,0.013182124145307,21816.928155058024,5,0,5,0.0,0,summation-like,0,0,False
exc_4P,864691135738528881,excitatory,4P,12,1,990.5,8989.44006638052,0.0156446563789909,22547.105964565733,1,0,1,0.0,0,summation-like,0,0,False
exc_4P,864691135738528881,excitatory,4P,13,3,723.9344262295082,89896.3538151552,0.1830008427206543,101885.78083223743,13,2,11,0.1538461538461538,2,compartmentalized,0,2,False
exc_4P,864691135738528881,excitatory,4P,14,3,1438.6666666666667,1824.6416132404893,0.0026348634431362,57849.92473128008,0,0,0,,0,summation-like,0,0,False
exc_4P,864691135738528881,excitatory,4P,15,2,955.1428571428572,19452.5128264754,0.0344748330402636,35307.72679197827,7,1,6,0.1428571428571428,1,nonlinear-prone,0,0,False
exc_4P,864691135738528881,excitatory,4P,16,2,805.3968253968254,90896.9183497784,0.1754303906074926,71029.92955362977,28,5,23,0.1785714285714285,2,compartmentalized,0,2,False
exc_4P,864691135738528881,excitatory,4P,17,6,862.0434782608696,67590.67432554196,0.1260906319398909,100211.0155138263,16,7,9,0.4375,2,compartmentalized,2,2,False
exc_4P,864691135738528881,excitatory,4P,18,6,759.4222222222222,65016.22025315085,0.1292232604810772,98923.78847763076,4,2,2,0.5,2,compartmentalized,2,2,False
exc_4P,864691135738528881,excitatory,4P,19,5,810.75,46006.05028589058,0.0884977233678206,79253.99911408871,14,2,12,0.1428571428571428,1,nonlinear-prone,1,0,False
exc_4P,864691135738528881,excitatory,4P,20,5,707.4285714285714,8042.444647615022,0.0165617951985801,60272.19629495093,1,1,0,1.0,0,summation-like,1,0,False
exc_4P,864691135738528881,excitatory,4P,21,3,607.4526315789474,140042.20233548904,0.3112170275328364,115055.0843729605,22,4,18,0.1818181818181818,2,compartmentalized,0,2,False
exc_4P,864691135738528881,excitatory,4P,22,3,774.7636363636364,79748.79764689867,0.1569278977874228,84908.3820286653,29,8,21,0.2758620689655172,2,compartmentalized,0,2,False
exc_4P,864691135738528881,excitatory,4P,23,4,895.4090909090909,64008.95701490698,0.117163039106738,90766.72404535384,13,5,8,0.3846153846153846,2,compartmentalized,1,2,False
exc_4P,864691135738528881,excitatory,4P,24,4,1145.7142857142858,7100.044854492526,0.0114890350830103,62312.267965146595,6,1,5,0.1666666666666666,0,summation-like,1,0,False
exc_4P,864691135738528881,excitatory,4P,25,2,886.0909090909091,130139.15776481538,0.2394580704511397,80386.5728433649,31,9,22,0.2903225806451613,2,compartmentalized,0,2,False
exc_4P,864691135738528881,excitatory,4P,26,2,808.875,115838.28308048406,0.2230858542913941,73236.13550119926,27,9,18,0.3333333333333333,2,compartmentalized,0,2,False
exc_4P,864691135738528881,excitatory,4P,27,2,1601.5,4504.499494721591,0.0061651507214298,18870.352035341315,6,2,4,0.3333333333333333,0,summation-like,0,0,False
exc_4P,864691135738528881,excitatory,4P,28,2,920.0,12184.780196694452,0.0220031273796247,22710.492386327747,7,0,7,0.0,0,summation-like,0,0,False
exc_4P,864691135738528881,excitatory,4P,29,3,1402.7142857142858,19405.66208500503,0.0283794831644495,30825.43282520463,4,0,4,0.0,1,nonlinear-prone,0,0,False
exc_4P,864691135738528881,excitatory,4P,30,3,1110.7692307692307,16594.215130015065,0.0272712737557727,29419.70934770965,12,2,10,0.1666666666666666,0,summation-like,0,0,False
exc_4P,864691135738528881,excitatory,4P,31,4,1477.2,13559.431682993538,0.0193233519997339,47307.979709203915,5,0,5,0.0,0,summation-like,1,0,False
exc_4P,864691135738528881,excitatory,4P,32,4,966.3333333333334,51710.3243633059,0.0911117543490057,66383.4260493601,14,5,9,0.3571428571428571,1,nonlinear-prone,1,0,False
exc_4P,864691135738528881,excitatory,4P,33,5,1185.0454545454545,130564.45079267956,0.2077390155490164,119369.92094704046,42,15,27,0.3571428571428571,2,compartmentalized,1,2,False
exc_4P,864691135738528881,excitatory,4P,34,5,1204.8,12327.98280035466,0.0194533843626746,60251.68695087801,5,0,5,0.0,0,summation-like,1,0,False
exc_4P,864691135738528881,excitatory,4P,35,2,799.3734939759037,122133.02140048365,0.2366022425549792,82002.6643657612,46,8,38,0.1739130434782608,2,compartmentalized,0,2,False
exc_4P,864691135738528881,excitatory,4P,36,2,1002.5454545454544,30469.206960518164,0.0527071752966917,36170.757145778465,4,1,3,0.25,1,nonlinear-prone,0,0,False
exc_4P,864691135738528881,excitatory,4P,37,3,825.9411764705883,100422.56878513531,0.1913891857212891,79014.16687724263,17,5,12,0.2941176470588235,2,compartmentalized,0,2,False
exc_4P,864691135738528881,excitatory,4P,38,3,698.8421052631579,53701.97662935747,0.1112657159846196,55653.87079935371,22,13,9,0.5909090909090909,1,nonlinear-prone,0,2,False
exc_4P,864691135738528881,excitatory,4P,39,2,1176.0,6028.083252348081,0.0096280028044845,18664.33971544569,3,0,3,0.0,0,summation-like,0,0,False
exc_4P,864691135738528881,excitatory,4P,40,2,1036.6896551724135,41287.305835388186,0.0702348710254137,36293.95100696574,11,4,7,0.3636363636363636,1,nonlinear-prone,0,0,False
exc_4P,864691135738528881,excitatory,4P,41,3,1121.0,4493.238279472917,0.0073505065885462,23925.000481356194,2,0,2,0.0,0,summation-like,0,0,False
exc_4P,864691135738528881,excitatory,4P,42,3,793.0704225352113,102323.66689723093,0.1990127248284325,72840.2147902352,37,8,29,0.2162162162162162,2,compartmentalized,0,2,False
exc_4P,864691135738528881,excitatory,4P,43,3,791.8222222222222,65246.87235105065,0.127000807626029,82369.98070863998,16,6,10,0.375,2,compartmentalized,0,2,False
exc_4P,864691135738528881,excitatory,4P,44,3,888.0,12267.182403844445,0.0225475296879957,55880.13573503687,2,0,2,0.0,0,summation-like,0,0,False
exc_4P,864691135738528881,excitatory,4P,45,4,1087.5,22547.64892711942,0.0374496064945259,37445.44408465236,10,2,8,0.2,1,nonlinear-prone,1,0,False
exc_4P,864691135738528881,excitatory,4P,46,4,768.5714285714286,7527.281559241362,0.014871564900381,29935.26040071333,3,0,3,0.0,0,summation-like,1,0,False
exc_4P,864691135738528881,excitatory,4P,47,5,798.1408450704225,104584.9970465234,0.2027637186845226,101011.76707147378,38,8,30,0.2105263157894736,2,compartmentalized,1,2,False
exc_4P,864691135738528881,excitatory,4P,48,5,817.8378378378378,52959.54401326667,0.1014311302061427,75199.04055484541,22,13,9,0.5909090909090909,1,nonlinear-prone,1,0,False
exc_4P,864691135738528881,excitatory,4P,49,2,810.0952380952381,91027.4118296563,0.1751720378678796,66120.66123516491,32,3,29,0.09375,2,compartmentalized,0,2,False
exc_4P,864691135738528881,excitatory,4P,50,2,823.4426229508197,88240.25218083494,0.1684266056926488,64727.081410754225,24,3,21,0.125,2,compartmentalized,0,2,False
exc_4P,864691135738528881,excitatory,4P,51,6,812.2857142857143,8927.47606951033,0.017156745710994,99925.58433379502,4,1,3,0.25,0,summation-like,2,0,False
exc_4P,864691135738528881,excitatory,4P,52,6,806.0,33078.60694118644,0.0638175780243884,112001.14976963308,7,1,6,0.1428571428571428,1,nonlinear-prone,2,0,False
exc_4P,864691135738528881,excitatory,4P,53,7,859.2,6020.655270042301,0.0112501225754787,107399.65000357134,2,0,2,0.0,0,summation-like,2,0,False
exc_4P,864691135738528881,excitatory,4P,54,7,559.0,2940.2084359113787,0.0068113444436657,105859.42658650588,0,0,0,,0,summation-like,2,0,False
exc_4P,864691135738528881,excitatory,4P,55,8,923.5,4520.245791554938,0.0081471221546323,112670.10053436997,0,0,0,,0,summation-like,2,0,False
exc_4P,864691135738528881,excitatory,4P,56,8,548.0,3422.5970481161517,0.0080080378941921,112121.27616265057,0,0,0,,0,summation-like,2,0,False
exc_4P,864691135738528881,excitatory,4P,57,9,838.4,6017.82212942939,0.0113834614083728,117939.13449486213,2,0,2,0.0,0,summation-like,2,0,False
exc_4P,864691135738528881,excitatory,4P,58,9,513.0,3117.8990699472906,0.0075398724182895,116489.17296512106,1,0,1,0.0,0,summation-like,2,0,False
exc_4P,864691135738528881,excitatory,4P,59,10,942.0,6016.193623510462,0.0107363579141052,123956.14237133204,1,0,1,0.0,0,summation-like,2,0,False
exc_4P,864691135738528881,excitatory,4P,60,10,539.5,2944.240327811868,0.0069428560337218,122420.16572348274,1,0,1,0.0,0,summation-like,2,0,False
exc_4P,864691135738528881,excitatory,4P,61,11,948.4,5960.02525604639,0.0106001730386895,129944.25181111047,2,0,2,0.0,0,summation-like,2,0,False
exc_4P,864691135738528881,excitatory,4P,62,11,619.0,2714.789655067393,0.0059765628158443,128321.63401062098,0,0,0,,0,summation-like,2,0,False
exc_4P,864691135738528881,excitatory,4P,63,12,902.0,8271.959233990598,0.0150857096263151,137060.24405612895,9,1,8,0.1111111111111111,0,summation-like,2,0,False
exc_4P,864691135738528881,excitatory,4P,64,12,688.6666666666666,2191.1671790590026,0.00457332020798,134019.84802866317,1,0,1,0.0,0,summation-like,2,0,False
exc_4P,864691135738528881,excitatory,4P,65,5,681.0526315789474,55599.14878773244,0.1166912876963159,120038.16262487926,11,4,7,0.3636363636363636,2,compartmentalized,1,2,False
exc_4P,864691135738528881,excitatory,4P,66,5,820.0,3223.2580680268165,0.0061652228531022,93850.21726502644,0,0,0,,0,summation-like,1,0,False
exc_4P,864691135738528881,excitatory,4P,67,4,947.3333333333334,2771.437216784798,0.0049319000046944,63399.4455453515,0,0,0,,0,summation-like,1,0,False
exc_4P,864691135738528881,excitatory,4P,68,4,757.741935483871,43268.25358384066,0.0860932955102117,83647.85372887942,16,4,12,0.25,1,nonlinear-prone,1,0,False
exc_4P,864691135738528881,excitatory,4P,69,5,728.5806451612904,44351.78234609102,0.0899980064978354,86961.0553267894,14,6,8,0.4285714285714285,1,nonlinear-prone,1,0,False
exc_4P,864691135738528881,excitatory,4P,70,5,875.3333333333334,6423.476786637323,0.0118917029683841,67996.90254706255,1,0,1,0.0,0,summation-like,1,0,False
exc_4P,864691135738528881,excitatory,4P,71,2,764.9459459459459,109298.57122597436,0.2164510707322596,81691.11161074319,21,3,18,0.1428571428571428,2,compartmentalized,0,2,False
exc_4P,864691135738528881,excitatory,4P,72,2,832.3428571428572,101692.61750131004,0.1930629441795759,77888.13474841102,29,8,21,0.2758620689655172,2,compartmentalized,0,2,False
exc_4P,864691135738528881,excitatory,4P,73,4,777.8333333333334,87079.29741501226,0.1710142375439488,81256.46562022332,22,4,18,0.1818181818181818,2,compartmentalized,1,2,False
exc_4P,864691135738528881,excitatory,4P,74,4,919.1428571428572,18534.157058426248,0.0334843565681517,46983.895441930305,5,1,4,0.2,1,nonlinear-prone,1,0,False
exc_4P,864691135738528881,excitatory,4P,75,4,839.4285714285714,7596.6855195957,0.0143612718125135,41515.15967251503,1,0,1,0.0,0,summation-like,1,0,False
exc_4P,864691135738528881,excitatory,4P,76,2,752.3170731707318,120919.36957227028,0.2414660304797198,87186.36751552456,41,9,32,0.2195121951219512,2,compartmentalized,0,2,False
exc_4P,864691135738528881,excitatory,4P,77,2,939.7647058823528,23019.861803725216,0.0411295326023794,38236.61363125204,4,0,4,0.0,1,nonlinear-prone,0,0,False
exc_4P,864691135738528881,excitatory,4P,78,3,784.6896551724138,84916.19265593251,0.1660359676094801,93863.4569540038,18,4,14,0.2222222222222222,2,compartmentalized,0,2,False
exc_4P,864691135738528881,excitatory,4P,79,3,823.2941176470588,22937.360567993812,0.0437851218604801,62874.040910034455,11,2,9,0.1818181818181818,1,nonlinear-prone,0,0,False
exc_4P,864691135738528881,excitatory,4P,80,6,768.5714285714286,9037.169253757944,0.017854632912992,75727.22556726019,2,1,1,0.5,0,summation-like,2,0,False
exc_4P,864691135738528881,excitatory,4P,81,6,563.2,3900.482853902839,0.0090021796879916,73158.88236733264,1,0,1,0.0,0,summation-like,2,0,False
exc_4P,864691135738528881,excitatory,4P,82,7,823.0,13533.406461071783,0.0258385319685793,87012.51342467505,6,0,6,0.0,0,summation-like,2,0,False
exc_4P,864691135738528881,excitatory,4P,83,7,577.3333333333334,1562.646748247504,0.0035621165356828,81027.13356826291,0,0,0,,0,summation-like,2,0,False
exc_5PET,864691135884866160,excitatory,5PET,0,0,5585.333333333333,11985.517715942577,0.0087840111232159,5992.758857971288,24,1,23,0.0416666666666666,0,summation-like,0,0,False
exc_5PET,864691135884866160,excitatory,5PET,1,1,1188.4646464646464,306785.8545011766,0.4874194157119292,153392.9272505883,15,4,11,0.2666666666666666,2,compartmentalized,0,2,False
exc_5PET,864691135884866160,excitatory,5PET,2,1,3423.3333333333335,30466.7093511002,0.0285207920674001,15233.3546755501,18,1,17,0.0555555555555555,1,nonlinear-prone,0,0,False
exc_5PET,864691135884866160,excitatory,5PET,3,1,3248.4,30070.058386890072,0.0288974917102418,15035.029193445036,32,0,32,0.0,1,nonlinear-prone,0,0,False
exc_5PET,864691135884866160,excitatory,5PET,4,1,7186.0,15953.636725921217,0.0103080548215328,7976.818362960608,21,0,21,0.0,0,summation-like,0,0,False
exc_5PET,864691135884866160,excitatory,5PET,5,1,2307.5833333333335,48613.18244717934,0.0554288647146689,24306.59122358967,43,1,42,0.0232558139534883,1,nonlinear-prone,0,0,False
exc_5PET,864691135884866160,excitatory,5PET,6,1,3378.3636363636365,26321.077073770564,0.0248033925876359,13160.538536885282,36,0,36,0.0,0,summation-like,0,0,False
exc_5PET,864691135884866160,excitatory,5PET,7,1,6799.333333333333,17299.131101540974,0.0114908392980683,8649.565550770487,28,0,28,0.0,0,summation-like,0,0,False
exc_5PET,864691135884866160,excitatory,5PET,8,1,9629.0,17099.10126293192,0.0095442832206222,8549.55063146596,14,0,14,0.0,0,summation-like,0,0,False
exc_5PET,864691135884866160,excitatory,5PET,9,1,3684.6666666666665,7470.962942534781,0.0067412138878941,15720.999187209967,2,0,2,0.0,0,summation-like,0,0,False
exc_5PET,864691135884866160,excitatory,5PET,10,1,2149.285714285714,18683.99278051585,0.0220741120194442,21327.514106200502,12,2,10,0.1666666666666666,0,summation-like,0,0,False
exc_5PET,864691135884866160,excitatory,5PET,11,2,3779.3333333333335,7363.0006308177635,0.0065600608234319,23137.98097388624,5,0,5,0.0,0,summation-like,0,0,False
exc_5PET,864691135884866160,excitatory,5PET,12,2,1122.2650602409635,120940.01763464676,0.1977347202910964,79926.48947580074,33,12,21,0.3636363636363636,2,compartmentalized,0,2,False
exc_5PET,864691135884866160,excitatory,5PET,13,18,1070.7272727272727,30061.659879678984,0.0503192491187397,251468.0000696708,11,4,7,0.3636363636363636,1,nonlinear-prone,2,1,False
exc_5PET,864691135884866160,excitatory,5PET,14,18,751.7714285714286,49974.61590846911,0.0998314052140272,261424.47808406583,14,9,5,0.6428571428571429,1,nonlinear-prone,2,1,False
exc_5PET,864691135884866160,excitatory,5PET,15,18,859.7777777777778,23130.21244637683,0.0432063063944399,248002.27635301973,10,5,5,0.5,1,nonlinear-prone,2,1,False
exc_5PET,864691135884866160,excitatory,5PET,16,3,3414.0,4520.158136883112,0.0042372344811008,29079.56035773668,0,0,0,,0,summation-like,0,0,False
exc_5PET,864691135884866160,excitatory,5PET,17,3,1090.7045454545455,128581.6251998658,0.2132484958447312,91110.29388922802,46,21,25,0.4565217391304347,2,compartmentalized,0,2,False
exc_5PET,864691135884866160,excitatory,5PET,18,4,3582.0,1510.042052394568,0.001381932652464,32094.660452375516,1,0,1,0.0,0,summation-like,1,0,False
exc_5PET,864691135884866160,excitatory,5PET,19,4,1575.911111111111,64500.81804057006,0.0889938491546503,63590.04844646326,32,11,21,0.34375,1,nonlinear-prone,1,0,False
exc_5PET,864691135884866160,excitatory,5PET,20,5,3430.5,4514.457536816916,0.0042217011609501,35106.91024698126,4,0,4,0.0,0,summation-like,1,0,False
exc_5PET,864691135884866160,excitatory,5PET,21,5,1069.1052631578948,110907.6428950412,0.1857855228294344,88303.50292609341,32,12,20,0.375,2,compartmentalized,1,2,False
exc_5PET,864691135884866160,excitatory,5PET,22,6,3344.0,7523.81001944055,0.0071263198984347,41126.04402510999,8,0,8,0.0,0,summation-like,2,0,False
exc_5PET,864691135884866160,excitatory,5PET,23,6,1048.5925925925926,118740.26064380031,0.2008423214362661,96734.26933728988,48,19,29,0.3958333333333333,2,compartmentalized,2,2,False
exc_5PET,864691135884866160,excitatory,5PET,24,7,3118.4,5940.604708458858,0.0058267364056011,47858.2513890597,6,1,5,0.1666666666666666,0,summation-like,2,0,False
exc_5PET,864691135884866160,excitatory,5PET,25,7,1160.0,95053.76400182792,0.1528624978048098,92414.83103574422,31,17,14,0.5483870967741935,2,compartmentalized,2,2,False
exc_5PET,864691135884866160,excitatory,5PET,26,8,2700.0,9005.837849565629,0.00949298661426,55331.47266807193,6,1,5,0.1666666666666666,0,summation-like,2,0,False
exc_5PET,864691135884866160,excitatory,5PET,27,8,1573.142857142857,18505.502078402787,0.0255550902223801,60081.304782490515,7,0,7,0.0,0,summation-like,2,0,False
exc_5PET,864691135884866160,excitatory,5PET,28,19,1367.428571428571,8951.143154295829,0.0132582683563932,270974.4015866582,2,1,1,0.5,0,summation-like,2,1,False
exc_5PET,864691135884866160,excitatory,5PET,29,19,734.0,2683.905469895112,0.0054260002925161,267840.7827444578,0,0,0,,0,summation-like,2,1,False
exc_5PET,864691135884866160,excitatory,5PET,30,24,1612.3076923076924,17973.544697433324,0.0245171734975487,449425.3401689625,0,0,0,,0,summation-like,2,1,False
exc_5PET,864691135884866160,excitatory,5PET,31,24,930.8,27486.13369102318,0.0493453341938879,454181.6346657574,0,0,0,,1,nonlinear-prone,2,1,False
exc_5PET,864691135884866160,excitatory,5PET,32,5,920.0,65999.3486475226,0.1191808183505567,128840.1317905096,14,10,4,0.7142857142857143,2,compartmentalized,1,2,False
exc_5PET,864691135884866160,excitatory,5PET,33,5,881.0,7962.80612854243,0.0146939587114308,99821.86053101953,2,0,2,0.0,0,summation-like,1,0,False
exc_5PET,864691135884866160,excitatory,5PET,34,9,2690.5454545454545,14953.618810878042,0.0157901685655764,67311.20099829377,8,2,6,0.25,0,summation-like,2,0,False
exc_5PET,864691135884866160,excitatory,5PET,35,9,1270.9714285714283,102801.51529645284,0.1579400421986242,111235.14924108118,35,19,16,0.5428571428571428,2,compartmentalized,2,2,False
exc_5PET,864691135884866160,excitatory,5PET,36,20,1125.3333333333333,11220.073613194583,0.0183195896735848,281060.0099704034,5,2,3,0.4,0,summation-like,2,1,False
exc_5PET,864691135884866160,excitatory,5PET,37,20,804.0,2819.71471313565,0.0054467541558121,276859.8305203739,0,0,0,,0,summation-like,2,1,False
exc_5PET,864691135884866160,excitatory,5PET,38,25,1326.6666666666667,7511.2785339071315,0.0112951911647654,462167.7517846327,0,0,0,,0,summation-like,2,1,False
exc_5PET,864691135884866160,excitatory,5PET,39,25,1107.909090909091,63605.85917116762,0.1046660145962057,490215.0421032629,1,1,0,1.0,1,nonlinear-prone,2,1,False
exc_5PET,864691135884866160,excitatory,5PET,40,10,2708.5714285714284,8936.660973688136,0.0094051508032251,79256.34089057686,7,3,4,0.4285714285714285,0,summation-like,2,0,False
exc_5PET,864691135884866160,excitatory,5PET,41,10,1676.5806451612902,43756.93918453965,0.058532266130116,96666.47999600264,17,7,10,0.4117647058823529,1,nonlinear-prone,2,0,False
exc_5PET,864691135884866160,excitatory,5PET,42,26,672.1967213114754,89347.65669267715,0.1887537546397618,510597.2193979248,4,2,2,0.5,2,compartmentalized,2,1,False
exc_5PET,864691135884866160,excitatory,5PET,43,26,963.7142857142856,7570.28251771349,0.0133566813859473,469708.532310443,0,0,0,,0,summation-like,2,1,False
exc_5PET,864691135884866160,excitatory,5PET,44,11,2599.0,4523.071949478637,0.004859493256867,85986.20735216026,1,0,1,0.0,0,summation-like,2,0,False
exc_5PET,864691135884866160,excitatory,5PET,45,11,1119.2771084337348,121168.81758610564,0.1983730571973813,144309.08017047375,60,28,32,0.4666666666666667,2,compartmentalized,2,2,False
exc_5PET,864691135884866160,excitatory,5PET,46,3,1400.5454545454545,31504.25332084854,0.0461085233658485,88425.17726301971,13,4,9,0.3076923076923077,1,nonlinear-prone,0,0,False
exc_5PET,864691135884866160,excitatory,5PET,47,3,1401.354838709677,42823.61321535513,0.0626570402998857,94084.857210273,8,0,8,0.0,1,nonlinear-prone,0,0,False
exc_5PET,864691135884866160,excitatory,5PET,48,12,2464.4,6007.104040225,0.0066278120010348,91251.29534701208,1,0,1,0.0,0,summation-like,2,0,False
exc_5PET,864691135884866160,excitatory,5PET,49,12,1057.3333333333333,91486.11197712371,0.1541025540046695,133990.79931546142,34,10,24,0.2941176470588235,2,compartmentalized,2,2,False
exc_5PET,864691135884866160,excitatory,5PET,50,13,960.5901639344262,88286.91527399175,0.156022740759345,178337.97435799244,26,22,4,0.8461538461538461,2,compartmentalized,2,2,False
exc_5PET,864691135884866160,excitatory,5PET,51,13,943.8666666666668,19191.7905891274,0.0342153352032557,143790.41201556026,4,2,2,0.5,1,nonlinear-prone,2,0,False
exc_5PET,864691135884866160,excitatory,5PET,52,13,2595.076923076923,17668.3691638711,0.0189968666583784,103089.03194906013,6,1,5,0.1666666666666666,0,summation-like,2,0,False
exc_5PET,864691135884866160,excitatory,5PET,53,13,1102.741573033708,130305.48099261914,0.2149247534445826,159407.58786343414,40,20,20,0.5,2,compartmentalized,2,2,False
exc_5PET,864691135884866160,excitatory,5PET,54,4,996.0,51697.90062147421,0.0897230163595836,157974.94616466382,5,2,3,0.4,1,nonlinear-prone,1,0,False
exc_5PET,864691135884866160,excitatory,5PET,55,4,765.1428571428571,8119.656891504154,0.0160778155153568,136185.8242996788,0,0,0,,0,summation-like,1,0,False
exc_5PET,864691135884866160,excitatory,5PET,56,14,2606.1,28266.444099063585,0.0303274759636479,126056.43858052748,14,7,7,0.5,1,nonlinear-prone,2,0,False
exc_5PET,864691135884866160,excitatory,5PET,57,14,1024.8181818181818,127832.860464764,0.2187155814099402,175839.64676337768,40,23,17,0.575,2,compartmentalized,2,2,False
exc_5PET,864691135884866160,excitatory,5PET,58,4,1107.071428571429,40242.20259102727,0.0662452203719892,124298.40521895762,13,5,8,0.3846153846153846,1,nonlinear-prone,1,0,False
exc_5PET,864691135884866160,excitatory,5PET,59,4,972.0714285714286,38943.43179654008,0.0684141220667167,123649.019821714,12,8,4,0.6666666666666666,1,nonlinear-prone,1,0,False
exc_5PET,864691135884866160,excitatory,5PET,60,2,996.6315789473684,140752.87104702357,0.2442027597562392,118989.61797069112,31,15,16,0.4838709677419355,2,compartmentalized,0,2,False
exc_5PET,864691135884866160,excitatory,5PET,61,2,1391.6666666666667,24059.86815541611,0.0353253324682018,60643.11652488739,2,1,1,0.5,1,nonlinear-prone,0,0,False
exc_5PET,864691135884866160,excitatory,5PET,62,15,2644.6666666666665,43415.410366052136,0.0462401321956308,161897.36581308531,44,20,24,0.4545454545454545,1,nonlinear-prone,2,0,False
exc_5PET,864691135884866160,excitatory,5PET,63,15,1196.7058823529412,98834.90590197596,0.1564866406791134,189607.11358104725,34,20,14,0.5882352941176471,2,compartmentalized,2,2,False
exc_5PET,864691135884866160,excitatory,5PET,64,19,1354.2,13478.190021723032,0.0200609177629641,218563.8151838503,3,2,1,0.6666666666666666,0,summation-like,2,0,False
exc_5PET,864691135884866160,excitatory,5PET,65,19,940.2162162162164,52362.18967774021,0.0935329340989355,238005.81501185888,16,6,10,0.375,1,nonlinear-prone,2,1,False
exc_5PET,864691135884866160,excitatory,5PET,66,20,1007.8823529411764,23950.895610794556,0.0413216319044827,237278.3580001091,6,2,4,0.3333333333333333,1,nonlinear-prone,2,1,False
exc_5PET,864691135884866160,excitatory,5PET,67,20,803.4285714285714,7940.530529586305,0.0153439265610538,229273.17545950497,1,1,0,1.0,0,summation-like,2,0,False
exc_5PET,864691135884866160,excitatory,5PET,68,20,840.2857142857143,7077.637532271346,0.0133732035391975,228841.72896084748,1,1,0,1.0,0,summation-like,2,0,False
exc_5PET,864691135884866160,excitatory,5PET,69,25,610.0,2951.462086451325,0.0065453506641623,451252.13683095854,0,0,0,,0,summation-like,2,1,False
exc_5PET,864691135884866160,excitatory,5PET,70,25,888.0,28853.549156141275,0.0530338780972437,464203.1803658035,0,0,0,,1,nonlinear-prone,2,1,False
exc_5PET,864691135884866160,excitatory,5PET,71,26,672.48,34853.12668756716,0.0736143846179431,470154.43121796777,0,0,0,,1,nonlinear-prone,2,1,False
exc_5PET,864691135884866160,excitatory,5PET,72,26,884.8333333333334,32992.536494304244,0.0607499039527643,469224.13612133625,1,1,0,1.0,1,nonlinear-prone,2,1,False
exc_5PET,864691135884866160,excitatory,5PET,73,27,1110.25,10525.44000767327,0.0173017684943895,478756.3935731363,0,0,0,,0,summation-like,2,1,False
exc_5PET,864691135884866160,excitatory,5PET,74,27,704.4347826086956,30918.158606487406,0.063804873530784,488952.75287254347,0,0,0,,1,nonlinear-prone,2,1,False
exc_5PET,864691135884866160,excitatory,5PET,75,21,595.1764705882352,23074.357809552537,0.0518044865193252,260790.98471028265,2,2,0,1.0,1,nonlinear-prone,2,1,False
exc_5PET,864691135884866160,excitatory,5PET,76,21,388.8888888888889,10285.842408001075,0.0285685189332608,254396.7270095069,1,0,1,0.0,1,nonlinear-prone,2,1,False
exc_5PET,864691135884866160,excitatory,5PET,77,16,1992.0,1437.260240874978,0.0017638082600762,184323.70111654885,1,1,0,1.0,0,summation-like,2,0,False
exc_5PET,864691135884866160,excitatory,5PET,78,16,1110.375,69366.37524119532,0.1140183601952206,218288.25861670903,19,8,11,0.4210526315789473,1,nonlinear-prone,2,2,False
exc_5PET,864691135884866160,excitatory,5PET,79,17,2486.0,10464.2424315835,0.0114952351001791,190274.45245277812,5,1,4,0.2,0,summation-like,2,0,False
exc_5PET,864691135884866160,excitatory,5PET,80,17,1217.111111111111,51394.838892844935,0.0806891281279241,210739.7506834088,10,7,3,0.7,1,nonlinear-prone,2,0,False
exc_5PET,864691135884866160,excitatory,5PET,81,28,927.157894736842,27017.73247269976,0.0485995976763735,497527.9798133229,1,0,1,0.0,1,nonlinear-prone,2,1,False
exc_5PET,864691135884866160,excitatory,5PET,82,28,734.6666666666666,10203.342450380867,0.0206185406146263,489120.7848021635,1,1,0,1.0,0,summation-like,2,1,False
exc_5PET,864691135884866160,excitatory,5PET,83,18,2560.4,20785.089589901065,0.0224987618588724,205899.11846352037,17,9,8,0.5294117647058824,0,summation-like,2,0,False
exc_5PET,864691135884866160,excitatory,5PET,84,18,1798.7692307692307,16318.146504418924,0.0210738425153457,203665.6469207793,4,2,2,0.5,0,summation-like,2,0,False
exc_5PET,864691135884866160,excitatory,5PET,85,3,1561.2,5946.609869691641,0.0082432942656643,46654.87996581997,2,0,2,0.0,0,summation-like,0,0,False
exc_5PET,864691135884866160,excitatory,5PET,86,3,1180.1538461538462,36012.33129354158,0.0574172715433199,61687.740677744936,16,3,13,0.1875,1,nonlinear-prone,0,0,False
exc_5PET,864691135884866160,excitatory,5PET,87,4,1119.467889908257,161447.23124606156,0.2642928464014374,130351.80052369655,31,19,12,0.6129032258064516,2,compartmentalized,1,2,False
exc_5PET,864691135884866160,excitatory,5PET,88,4,1007.6986301369864,105630.16038752106,0.1822565866732509,102443.26509442632,20,9,11,0.45,2,compartmentalized,1,2,False
exc_5PET,864691135884866160,excitatory,5PET,89,19,2656.787878787879,47536.51341790516,0.0505137385229001,240059.91996742348,38,26,12,0.6842105263157895,1,nonlinear-prone,2,0,False
exc_5PET,864691135884866160,excitatory,5PET,90,19,1675.1764705882354,22742.650985447628,0.0304348686531877,227662.98875119473,12,7,5,0.5833333333333334,1,nonlinear-prone,2,0,False
exc_5PET,864691135884866160,excitatory,5PET,91,29,724.6086956521739,32888.52898912738,0.0669195952844428,527481.1105442365,0,0,0,,1,nonlinear-prone,2,1,False
exc_5PET,864691135884866160,excitatory,5PET,92,29,747.5555555555555,10726.704147937317,0.0214884550989596,516400.1981236415,0,0,0,,0,summation-like,2,1,False
exc_5PET,864691135884866160,excitatory,5PET,93,10,803.5217391304348,67729.0962081915,0.1308690929009702,196500.45499340337,11,5,6,0.4545454545454545,2,compartmentalized,2,2,False
exc_5PET,864691135884866160,excitatory,5PET,94,10,822.8888888888889,64057.421564349985,0.1223093003038906,194664.6176714826,12,9,3,0.75,2,compartmentalized,2,2,False
exc_5PET,864691135884866160,excitatory,5PET,95,4,1141.0,40663.28391818562,0.0659356442474408,84527.59547535735,10,4,6,0.4,1,nonlinear-prone,1,0,False
exc_5PET,864691135884866160,excitatory,5PET,96,4,1055.7142857142858,7937.37680374804,0.0133802560955476,68164.64191813856,0,0,0,,0,summation-like,1,0,False
exc_5PET,864691135884866160,excitatory,5PET,97,4,907.4,13498.716368240834,0.0245444730193476,122246.02200207098,4,3,1,0.75,0,summation-like,1,0,False
exc_5PET,864691135884866160,excitatory,5PET,98,4,621.5,9092.1998153265,0.0199760231356121,120042.7637256138,2,2,0,1.0,0,summation-like,1,0,False
exc_5PET,864691135884866160,excitatory,5PET,99,26,1385.111111111111,11973.53842257744,0.0176214171764014,478633.1788699458,0,0,0,,0,summation-like,2,1,False
exc_5PET,864691135884866160,excitatory,5PET,100,26,2927.3333333333335,1726.2544407939808,0.0017475489406805,473509.53687905415,0,0,0,,0,summation-like,2,1,False
exc_5PET,864691135884866160,excitatory,5PET,101,5,648.8,13324.678454629657,0.0286524619441161,135657.71941350622,0,0,0,,1,nonlinear-prone,1,0,False
exc_5PET,864691135884866160,excitatory,5PET,102,5,717.6,12030.143281524231,0.0245974571256564,135010.4518269535,3,3,0,1.0,0,summation-like,1,0,False
exc_5PET,864691135884866160,excitatory,5PET,103,20,2617.8333333333335,16335.729041593948,0.017487517089294,271996.04119717306,7,2,5,0.2857142857142857,0,summation-like,2,1,False
exc_5PET,864691135884866160,excitatory,5PET,104,20,1093.2173913043478,65181.993750863774,0.1079779310243684,296419.173551808,20,14,6,0.7,1,nonlinear-prone,2,1,False
exc_5PET,864691135884866160,excitatory,5PET,105,27,973.7647058823528,24035.65345084745,0.0421880591544854,496637.77480665833,0,0,0,,1,nonlinear-prone,2,1,False
exc_5PET,864691135884866160,excitatory,5PET,106,27,801.5,9514.761718076245,0.0184080074135517,489377.3289402727,0,0,0,,0,summation-like,2,1,False
exc_5PET,864691135884866160,excitatory,5PET,107,5,914.608695652174,67037.87906955736,0.1214124519922192,138378.17696922884,9,2,7,0.2222222222222222,2,compartmentalized,1,2,False
exc_5PET,864691135884866160,excitatory,5PET,108,5,852.0,8394.405840195077,0.015751821872037,109056.4403545477,1,1,0,1.0,0,summation-like,1,0,False
exc_5PET,864691135884866160,excitatory,5PET,109,3,1826.0,3019.8639432603386,0.0038707722375389,37051.85706603489,1,0,1,0.0,0,summation-like,0,0,False
exc_5PET,864691135884866160,excitatory,5PET,110,3,1477.5,9249.051647162218,0.0131793529009224,40166.45091798583,4,1,3,0.25,0,summation-like,0,0,False
exc_5PET,864691135884866160,excitatory,5PET,111,4,1517.2,6022.910493100246,0.0084692630010821,41573.24428421519,0,0,0,,0,summation-like,1,0,False
exc_5PET,864691135884866160,excitatory,5PET,112,4,1057.2558139534883,126406.1233786378,0.2129309045039664,101764.85072698396,37,15,22,0.4054054054054054,2,compartmentalized,1,2,False
exc_5PET,864691135884866160,excitatory,5PET,113,3,1197.353535353535,144478.13054264805,0.2286922990248779,116576.79002681414,32,16,16,0.5,2,compartmentalized,0,2,False
exc_5PET,864691135884866160,excitatory,5PET,114,3,1134.8947368421052,111002.10668077416,0.1804737562907985,99838.7780958772,31,27,4,0.8709677419354839,2,compartmentalized,0,2,False
exc_5PET,864691135884866160,excitatory,5PET,115,21,2726.2727272727275,97334.672871569,0.1021041869586234,328831.2421537546,38,18,20,0.4736842105263157,1,nonlinear-prone,2,1,False
exc_5PET,864691135884866160,excitatory,5PET,116,21,1153.0,9360.201340555084,0.0150984082550526,284844.0063882476,1,0,1,0.0,0,summation-like,2,1,False
exc_5PET,864691135884866160,excitatory,5PET,117,5,1129.7608695652175,136172.41201387913,0.2218995866876265,112670.90553770488,29,14,15,0.4827586206896552,2,compartmentalized,1,2,False
exc_5PET,864691135884866160,excitatory,5PET,118,5,1017.65,116891.22698077596,0.2006981301213347,103030.3130211533,36,17,19,0.4722222222222222,2,compartmentalized,1,2,False
exc_5PET,864691135884866160,excitatory,5PET,119,28,1059.6190476190477,29835.465294674967,0.0502017162088183,523573.3341794195,1,1,0,1.0,1,nonlinear-prone,2,1,False
exc_5PET,864691135884866160,excitatory,5PET,120,28,814.8571428571429,8058.199006514271,0.015461722608555,512684.7010353391,0,0,0,,0,summation-like,2,1,False
exc_5PET,864691135884866160,excitatory,5PET,121,3,929.2903225806452,91181.38138093338,0.1638291158585414,95959.81861898652,19,8,11,0.4210526315789473,2,compartmentalized,0,2,False
exc_5PET,864691135884866160,excitatory,5PET,122,3,1071.457627118644,85240.58106889036,0.142632839646262,92989.418462965,14,11,3,0.7857142857142857,2,compartmentalized,0,2,False
exc_5PET,864691135884866160,excitatory,5PET,123,27,780.3888888888889,51998.263486022544,0.1019515725767622,500371.79584246245,3,3,0,1.0,1,nonlinear-prone,2,1,False
exc_5PET,864691135884866160,excitatory,5PET,124,27,1256.3636363636365,47165.65912392759,0.0728834389580885,497955.49366141495,3,3,0,1.0,1,nonlinear-prone,2,1,False
exc_5PET,864691135884866160,excitatory,5PET,125,2,1348.84,73289.506493369,0.1093005145357376,67111.4625977847,25,13,12,0.52,1,nonlinear-prone,0,0,False
exc_5PET,864691135884866160,excitatory,5PET,126,2,1680.5454545454545,13871.01540438991,0.0185329156717757,37402.21705329516,8,2,6,0.25,0,summation-like,0,0,False
exc_5PET,864691135884866160,excitatory,5PET,127,2,1625.0,4491.615151865781,0.0061029032192082,32315.86596282296,0,0,0,,0,summation-like,0,0,False
exc_5PET,864691135884866160,excitatory,5PET,128,2,1804.909090909091,13611.516644084077,0.0175484789758532,36875.81670893211,8,2,6,0.25,0,summation-like,0,0,False
exc_5PET,864691135884866160,excitatory,5PET,129,22,2195.3333333333335,25460.825293383197,0.0297634224367858,390228.99123623065,5,2,3,0.4,1,nonlinear-prone,2,1,False
exc_5PET,864691135884866160,excitatory,5PET,130,22,2324.6666666666665,32980.934095978955,0.0374665095162301,393989.0456375285,1,1,0,1.0,1,nonlinear-prone,2,1,False
exc_5PET,864691135884866160,excitatory,5PET,131,3,1222.6913580246917,120155.292173734,0.188211046664016,94639.31962562284,33,11,22,0.3333333333333333,2,compartmentalized,0,2,False
exc_5PET,864691135884866160,excitatory,5PET,132,3,1108.1492537313434,97564.32231517088,0.1605286415188867,83343.83469634128,41,15,26,0.3658536585365853,2,compartmentalized,0,2,False
exc_5PET,864691135884866160,excitatory,5PET,133,3,1037.8387096774193,91181.16158920473,0.1550246699239611,122798.36100359893,30,13,17,0.4333333333333333,2,compartmentalized,0,2,False
exc_5PET,864691135884866160,excitatory,5PET,134,3,996.2142857142856,80319.6763661456,0.1393818403957583,117367.61839206936,27,16,11,0.5925925925925926,2,compartmentalized,0,2,False
exc_5PET,864691135884866160,excitatory,5PET,135,23,1927.888888888889,25426.2815500467,0.0317177578306714,415672.5446579456,4,4,0,1.0,1,nonlinear-prone,2,1,False
exc_5PET,864691135884866160,excitatory,5PET,136,23,1351.7777777777778,64977.357990912365,0.0967988114369469,435448.08287837845,5,2,3,0.4,1,nonlinear-prone,2,1,False
exc_5PET,864691135884866160,excitatory,5PET,137,3,1199.741935483871,91402.4983388184,0.1445355815862492,149457.46501387842,25,17,8,0.68,2,compartmentalized,0,2,False
exc_5PET,864691135884866160,excitatory,5PET,138,3,877.5,9123.633134169864,0.0168696036327034,108318.03241155412,2,2,0,1.0,0,summation-like,0,0,False
exc_5PET,864691135884866160,excitatory,5PET,139,9,994.2105263157896,83689.10276515986,0.1453752118662717,111178.60720427184,32,11,21,0.34375,2,compartmentalized,2,2,False
exc_5PET,864691135884866160,excitatory,5PET,140,9,954.8888888888888,77596.0082856165,0.137538279754218,108132.05996450016,27,12,15,0.4444444444444444,2,compartmentalized,2,2,False
exc_5PET,864691135884866160,excitatory,5PET,141,24,1678.7142857142858,40623.06382016278,0.0543056366297491,448697.21734305035,1,1,0,1.0,1,nonlinear-prone,2,1,False
exc_5PET,864691135884866160,excitatory,5PET,142,24,1358.25,21390.72035476391,0.0317904137777853,439081.0456103509,2,2,0,1.0,1,nonlinear-prone,2,1,False
exc_5PET,864691135884866160,excitatory,5PET,143,6,1039.5555555555557,11873.96770034478,0.0201712419519254,135818.42122692842,2,2,0,1.0,0,summation-like,2,0,False
exc_5PET,864691135884866160,excitatory,5PET,144,6,1005.0,3326.06749102492,0.005746569373698,131544.47112226847,0,0,0,,0,summation-like,2,0,False
exc_5PET,864691135884866160,excitatory,5PET,145,2,920.3853211009174,161327.17536534386,0.2912616567050359,106984.6647564425,36,16,20,0.4444444444444444,2,compartmentalized,0,2,False
exc_5PET,864691135884866160,excitatory,5PET,146,2,2037.5,9220.84802063416,0.0111887786612636,30931.50108408764,4,0,4,0.0,0,summation-like,0,0,False
exc_5PET,864691135884866160,excitatory,5PET,147,7,1136.0,5986.158583000115,0.0097279130355297,144748.48436860085,5,2,3,0.4,0,summation-like,2,0,False
exc_5PET,864691135884866160,excitatory,5PET,148,7,716.0,2621.9164588847575,0.0053668933608304,143066.36330654318,2,1,1,0.5,0,summation-like,2,0,False
exc_5PET,864691135884866160,excitatory,5PET,149,8,1092.5,10015.596610268689,0.016596890513512,152749.36196523526,2,0,2,0.0,0,summation-like,2,0,False
exc_5PET,864691135884866160,excitatory,5PET,150,8,696.0,2638.748848015358,0.0054784041074234,149060.9380841086,0,0,0,,0,summation-like,2,0,False
exc_5PET,864691135884866160,excitatory,5PET,151,25,781.0886075949367,116305.11150949151,0.2279340869281599,527161.3050078775,7,7,0,1.0,2,compartmentalized,2,1,False
exc_5PET,864691135884866160,excitatory,5PET,152,25,2167.0,3637.660405525386,0.0042800941727097,470827.5794558944,0,0,0,,0,summation-like,2,1,False
exc_5PET,864691135884866160,excitatory,5PET,153,4,1049.4166666666667,70494.92950085772,0.1191912925009421,189964.4304629187,12,4,8,0.3333333333333333,2,compartmentalized,1,2,False
exc_5PET,864691135884866160,excitatory,5PET,154,4,690.5,8264.859500855619,0.0172271827583053,158849.39546291766,0,0,0,,0,summation-like,1,0,False
exc_5PET,864691135884866160,excitatory,5PET,155,4,1007.190476190476,60865.93466126376,0.1050459027202364,225591.6815139195,2,1,1,0.5,1,nonlinear-prone,1,2,False
exc_5PET,864691135884866160,excitatory,5PET,156,4,831.0,7582.968684286052,0.0144078566196137,198950.19852543063,0,0,0,,0,summation-like,1,0,False
exc_5PET,864691135884866160,excitatory,5PET,157,2,1707.111111111111,12012.06541117919,0.0159238259232013,21959.66943151081,0,0,0,,0,summation-like,0,0,False
exc_5PET,864691135884866160,excitatory,5PET,158,2,1496.24,34688.46137542192,0.0491184930067292,33297.86741363218,14,1,13,0.0714285714285714,1,nonlinear-prone,0,0,False
exc_5PET,864691135884866160,excitatory,5PET,159,3,1569.25,10536.618285239225,0.014568532450164,33234.01127972002,1,0,1,0.0,0,summation-like,0,0,False
exc_5PET,864691135884866160,excitatory,5PET,160,3,1358.7692307692307,36230.251379164125,0.0538343065051431,46080.82782668247,16,4,12,0.25,1,nonlinear-prone,0,0,False
exc_5PET,864691135884866160,excitatory,5PET,161,4,1170.5116279069769,62922.756732201626,0.1007350259360748,69963.69878844044,15,6,9,0.4,1,nonlinear-prone,1,0,False
exc_5PET,864691135884866160,excitatory,5PET,162,4,1135.021276595745,137847.239812686,0.2241076597224305,107425.94032868264,31,11,20,0.3548387096774194,2,compartmentalized,1,2,False
exc_5PET,864691135884866160,excitatory,5PET,163,25,827.7777777777778,25165.466561592315,0.047908076263688,506713.74331292126,0,0,0,,1,nonlinear-prone,2,1,False
exc_5PET,864691135884866160,excitatory,5PET,164,25,828.0,20675.76390279811,0.0393556439870901,504468.89198352414,1,1,0,1.0,1,nonlinear-prone,2,1,False
exc_5PET,864691135884866160,excitatory,5PET,165,3,1292.2857142857142,29951.936223669843,0.0456358619790622,65618.06621317806,5,2,3,0.4,1,nonlinear-prone,0,0,False
exc_5PET,864691135884866160,excitatory,5PET,166,3,1392.5882352941176,48538.23372712074,0.0712415295267129,74911.2149649035,13,8,5,0.6153846153846154,1,nonlinear-prone,0,0,False
exc_5PET,864691135884866160,excitatory,5PET,167,4,1118.7058823529412,99094.6944862562,0.162275542456474,130141.38156814108,14,9,5,0.6428571428571429,2,compartmentalized,1,2,False
exc_5PET,864691135884866160,excitatory,5PET,168,4,856.8571428571429,7268.087298696384,0.0135996130555335,84228.07797436116,0,0,0,,0,summation-like,1,0,False
exc_5PET,864691135884866160,excitatory,5PET,169,4,1283.5,10404.873651884527,0.0159074109866086,104382.76865440614,4,2,2,0.5,0,summation-like,1,0,False
exc_5PET,864691135884866160,excitatory,5PET,170,4,616.5714285714286,7605.554104827377,0.0167764392889436,102983.10888087755,1,0,1,0.0,0,summation-like,1,0,False
exc_5PET,864691135884866160,excitatory,5PET,171,5,937.5737704918032,89336.33342882477,0.1598034043025774,146093.24386895364,12,5,7,0.4166666666666667,2,compartmentalized,1,2,False
exc_5PET,864691135884866160,excitatory,5PET,172,5,1084.952380952381,28456.360222214757,0.0473188998207255,115653.25726564864,6,3,3,0.5,1,nonlinear-prone,1,0,False
exc_5PET,864691135884866160,excitatory,5PET,173,8,994.5714285714286,9059.761762213922,0.0157347343608015,144471.59391776513,0,0,0,,0,summation-like,2,0,False
exc_5PET,864691135884866160,excitatory,5PET,174,8,687.4285714285714,7663.245465262122,0.0160088293403715,143773.33576928923,1,0,1,0.0,0,summation-like,2,0,False
exc_5PET,864691135884866160,excitatory,5PET,175,5,1095.1,28317.82229928216,0.0468698528474938,123744.11662998948,3,3,0,1.0,1,nonlinear-prone,1,0,False
exc_5PET,864691135884866160,excitatory,5PET,176,5,490.8571428571428,7473.591182486727,0.0184761894756024,113322.00107159176,2,2,0,1.0,0,summation-like,1,0,False
exc_5PET,864691135884866160,excitatory,5PET,177,9,645.4285714285714,18780.589778681195,0.040489812033602,158391.7696882127,2,1,1,0.5,1,nonlinear-prone,2,0,False
exc_5PET,864691135884866160,excitatory,5PET,178,9,623.0,9472.639895398275,0.0207867997286582,153737.79474657125,0,0,0,,0,summation-like,2,0,False
exc_5PET,864691135884866160,excitatory,5PET,179,2,1546.428571428571,40572.48453339764,0.056510259057946,37385.34352963074,20,6,14,0.3,1,nonlinear-prone,0,0,False
exc_5PET,864691135884866160,excitatory,5PET,180,2,1229.9166666666667,68146.73012352771,0.1064309174824415,51172.46632469578,14,7,7,0.5,1,nonlinear-prone,0,0,False
exc_5PET,864691135884866160,excitatory,5PET,181,2,1291.8181818181818,14980.512301544104,0.0228289846737684,24789.387252313027,4,0,4,0.0,0,summation-like,0,0,False
exc_5PET,864691135884866160,excitatory,5PET,182,2,1265.6190476190477,59908.64910745558,0.0922356160682508,47253.455655268765,24,8,16,0.3333333333333333,1,nonlinear-prone,0,0,False
exc_5PET,864691135884866160,excitatory,5PET,183,23,1616.3225806451612,44682.19507908314,0.0608738973424399,432820.6102250595,1,0,1,0.0,1,nonlinear-prone,2,1,False
exc_5PET,864691135884866160,excitatory,5PET,184,23,1698.909090909091,29959.055134727783,0.0398110534259751,425459.0402528819,2,0,2,0.0,1,nonlinear-prone,2,1,False
exc_5PET,864691135884866160,excitatory,5PET,185,3,1403.6470588235295,49639.69710880417,0.0725706127768846,57099.49195748716,27,8,19,0.2962962962962963,1,nonlinear-prone,0,0,False
exc_5PET,864691135884866160,excitatory,5PET,186,3,873.1428571428571,7439.3372514255425,0.0137896175657457,35999.31202879785,1,0,1,0.0,0,summation-like,0,0,False
exc_5PET,864691135884866160,excitatory,5PET,187,3,1196.15873015873,92802.3810001054,0.1469688646147019,104072.77629638226,24,8,16,0.3333333333333333,2,compartmentalized,0,2,False
exc_5PET,864691135884866160,excitatory,5PET,188,3,1055.3333333333333,73325.12981901584,0.1236285114100883,94334.15070583748,12,6,6,0.5,2,compartmentalized,0,2,False
exc_5PET,864691135884866160,excitatory,5PET,189,4,904.05,57542.56977993449,0.1048222928614526,108465.19121448295,13,6,7,0.4615384615384615,1,nonlinear-prone,1,2,False
exc_5PET,864691135884866160,excitatory,5PET,190,4,1246.5,8645.177233387756,0.0134118407190127,84016.4949412096,4,2,2,0.5,0,summation-like,1,0,False
exc_5PET,864691135884866160,excitatory,5PET,191,6,731.6,12833.63572456472,0.0259880376267427,150174.14223589638,1,1,0,1.0,0,summation-like,2,0,False
exc_5PET,864691135884866160,excitatory,5PET,192,6,601.5,8616.020017642153,0.0192419690077137,148065.3343824351,1,0,1,0.0,0,summation-like,2,0,False
exc_5PET,864691135884866160,excitatory,5PET,193,6,468.0,8277.882787824587,0.0209583444383356,147896.26576752632,1,1,0,1.0,0,summation-like,2,0,False
exc_5PET,864691135884866160,excitatory,5PET,194,24,861.0967741935484,44554.39948668627,0.0831620603986581,490213.96161717776,0,0,0,,1,nonlinear-prone,2,1,False
exc_5PET,864691135884866160,excitatory,5PET,195,24,881.1578947368421,25070.57471089644,0.0462591926382256,480472.0492292829,2,2,0,1.0,1,nonlinear-prone,2,1,False
exc_5PET,864691135884866160,excitatory,5PET,196,24,1156.7826086956522,33085.33078973131,0.0532807381743679,471704.3731594669,0,0,0,,1,nonlinear-prone,2,1,False
exc_5PET,864691135884866160,excitatory,5PET,197,24,1102.0,38969.30226752397,0.0642972591144492,474646.35889836313,0,0,0,,1,nonlinear-prone,2,1,False
exc_5PET,864691135884866160,excitatory,5PET,198,20,1033.157894736842,54489.90004631333,0.0928524332792732,266279.2642670752,15,8,7,0.5333333333333333,1,nonlinear-prone,2,1,False
exc_5PET,864691135884866160,excitatory,5PET,199,20,918.9411764705884,22641.17311952252,0.0409087017029973,250354.9008036798,6,4,2,0.6666666666666666,1,nonlinear-prone,2,1,False
exc_5PET,864691135884866160,excitatory,5PET,200,4,969.549295774648,104229.57119457578,0.1833439699059396,134034.12610917713,35,25,10,0.7142857142857143,2,compartmentalized,1,2,False
exc_5PET,864691135884866160,excitatory,5PET,201,4,1042.840579710145,100294.68244281028,0.1701098939366364,132066.6817332944,31,15,16,0.4838709677419355,2,compartmentalized,1,2,False
exc_5PET,864691135884866160,excitatory,5PET,202,4,872.8571428571429,7596.742249542467,0.0140836892399147,85717.71163666049,2,1,1,0.5,0,summation-like,1,0,False
exc_5PET,864691135884866160,excitatory,5PET,203,4,994.4,133419.33635027817,0.2317388490168414,111500.64491670602,48,26,22,0.5416666666666666,2,compartmentalized,1,2,False
exc_5PET,864691135884866160,excitatory,5PET,204,4,956.2,117016.81087164496,0.2072690780029784,103299.38217738945,36,17,19,0.4722222222222222,2,compartmentalized,1,2,False
exc_5PET,864691135884866160,excitatory,5PET,205,2,1535.2727272727273,47866.88136278911,0.0669118431213197,54602.951177852985,16,3,13,0.1875,1,nonlinear-prone,0,0,False
exc_5PET,864691135884866160,excitatory,5PET,206,2,1871.7333333333331,19699.617432061405,0.0249399990288924,40519.31921248913,13,4,9,0.3076923076923077,0,summation-like,0,0,False
exc_5PET,864691135884866160,excitatory,5PET,207,25,964.0,4501.226520018667,0.0079405937825752,490497.6518143418,0,0,0,,0,summation-like,2,1,False
exc_5PET,864691135884866160,excitatory,5PET,208,25,745.2727272727273,14055.98414034749,0.0282009846008208,495275.0306245062,1,1,0,1.0,1,nonlinear-prone,2,1,False
exc_5PET,864691135884866160,excitatory,5PET,209,25,695.5,9634.72904858043,0.0200102062929383,493064.40307862265,0,0,0,,0,summation-like,2,1,False
exc_5PET,864691135884866160,excitatory,5PET,210,26,793.9322033898305,87023.27614140399,0.1691625983558507,536259.9031450531,0,0,0,,2,compartmentalized,2,1,False
exc_5PET,864691135884866160,excitatory,5PET,211,26,704.9333333333333,19418.65171340776,0.0400595140134525,502457.59093105496,1,1,0,1.0,1,nonlinear-prone,2,1,False
exc_5PET,864691135884866160,excitatory,5PET,212,3,935.842105263158,111671.93611907688,0.1999417010589637,134372.35991878598,25,15,10,0.6,2,compartmentalized,0,2,False
exc_5PET,864691135884866160,excitatory,5PET,213,3,1162.7450980392157,72858.36727763186,0.1170301612441578,114965.57549806348,25,13,12,0.52,2,compartmentalized,0,2,False
exc_5PET,864691135884866160,excitatory,5PET,214,11,1217.5,9749.943729739938,0.0153048208963325,123419.92145314242,1,1,0,1.0,0,summation-like,2,0,False
exc_5PET,864691135884866160,excitatory,5PET,215,11,850.0,42222.076317978754,0.0793214694311079,139655.98774726182,8,5,3,0.625,1,nonlinear-prone,2,0,False
exc_5PET,864691135884866160,excitatory,5PET,216,12,955.878787878788,95818.47647572513,0.1697494893609631,176204.13155587495,29,21,8,0.7241379310344828,2,compartmentalized,2,2,False
exc_5PET,864691135884866160,excitatory,5PET,217,12,649.6,5899.623402984155,0.0126783258339999,131244.70501950447,0,0,0,,0,summation-like,2,0,False
exc_5PET,864691135884866160,excitatory,5PET,218,25,556.9285714285714,40027.75806739072,0.0929013755139417,487938.5805449643,0,0,0,,1,nonlinear-prone,2,1,False
exc_5PET,864691135884866160,excitatory,5PET,219,25,713.6666666666666,15338.682869041697,0.0314485763050985,475594.0429457898,0,0,0,,1,nonlinear-prone,2,1,False
exc_5PIT,864691135256642223,excitatory,5PIT,0,0,4015.0,12038.382413665726,0.0104060519010628,6019.191206832863,10,0,10,0.0,0,summation-like,0,0,False
exc_5PIT,864691135256642223,excitatory,5PIT,1,1,3652.0,17121.022128386383,0.0155176135319432,8560.511064193191,11,0,11,0.0,0,summation-like,0,0,False
exc_5PIT,864691135256642223,excitatory,5PIT,2,1,3110.0,19073.291281928145,0.0187329456928979,9536.645640964072,6,0,6,0.0,0,summation-like,0,0,False
exc_5PIT,864691135256642223,excitatory,5PIT,3,1,7131.0,15410.155612452458,0.0099952217444044,7705.077806226229,6,0,6,0.0,0,summation-like,0,0,False
exc_5PIT,864691135256642223,excitatory,5PIT,4,1,3436.0,16114.130115210266,0.0150570854776748,8057.065057605133,11,0,11,0.0,0,summation-like,0,0,False
exc_5PIT,864691135256642223,excitatory,5PIT,5,1,1766.4615384615386,27619.466634892266,0.0359934786659026,13809.733317446133,7,0,7,0.0,1,nonlinear-prone,0,0,False
exc_5PIT,864691135256642223,excitatory,5PIT,6,1,3360.8,18149.53724416675,0.017147659433101,9074.768622083377,3,0,3,0.0,0,summation-like,0,0,False
exc_5PIT,864691135256642223,excitatory,5PIT,7,1,1338.0645161290322,55181.55109804102,0.0826258621885306,27590.77554902051,20,4,16,0.2,1,nonlinear-prone,0,0,False
exc_5PIT,864691135256642223,excitatory,5PIT,8,1,3866.0,20571.247902075396,0.0181213413150596,10285.623951037698,6,0,6,0.0,0,summation-like,0,0,False
exc_5PIT,864691135256642223,excitatory,5PIT,9,1,2767.3333333333335,7233.670685789028,0.0075316238796659,15655.21775656024,0,0,0,,0,summation-like,0,0,False
exc_5PIT,864691135256642223,excitatory,5PIT,10,1,2295.0,3594.9862921221384,0.004110233751371,13835.875559726795,0,0,0,,0,summation-like,0,0,False
exc_5PIT,864691135256642223,excitatory,5PIT,11,2,3680.0,4357.008034053533,0.0039339159681081,21450.55711648152,1,0,1,0.0,0,summation-like,0,0,False
exc_5PIT,864691135256642223,excitatory,5PIT,12,2,1620.0,6608.64280865318,0.0089932237630632,22576.374503781342,0,0,0,,0,summation-like,0,0,False
exc_5PIT,864691135256642223,excitatory,5PIT,13,3,3415.0,1510.227797386871,0.0014154930228735,24384.17503220172,0,0,0,,0,summation-like,0,0,False
exc_5PIT,864691135256642223,excitatory,5PIT,14,3,1142.2105263157894,26116.115280780756,0.0423249179867514,36687.11877389866,4,1,3,0.25,1,nonlinear-prone,0,0,False
exc_5PIT,864691135256642223,excitatory,5PIT,15,3,1460.571428571429,17640.069642077837,0.0252813069920868,32449.095954547207,2,0,2,0.0,0,summation-like,0,0,False
exc_5PIT,864691135256642223,excitatory,5PIT,16,4,2197.3333333333335,7490.601020996524,0.008752443598646,28884.58944139342,3,0,3,0.0,0,summation-like,1,0,False
exc_5PIT,864691135256642223,excitatory,5PIT,17,4,1368.3,27172.950800018734,0.0402352557608315,38725.76433090452,11,4,7,0.3636363636363636,1,nonlinear-prone,1,0,False
exc_5PIT,864691135256642223,excitatory,5PIT,18,5,2026.5,10416.461796559635,0.0126738204066397,37838.1208501715,8,0,8,0.0,0,summation-like,1,0,False
exc_5PIT,864691135256642223,excitatory,5PIT,19,5,1370.0,28872.442631314025,0.0427251770293177,47066.111267548695,10,1,9,0.1,1,nonlinear-prone,1,0,False
exc_5PIT,864691135256642223,excitatory,5PIT,20,6,2048.8,6028.385452668939,0.0072947742731049,46060.544474785784,0,0,0,,0,summation-like,2,0,False
exc_5PIT,864691135256642223,excitatory,5PIT,21,6,1121.3333333333333,60356.38127761251,0.098722570429034,73224.54238725756,7,6,1,0.8571428571428571,1,nonlinear-prone,2,0,False
exc_5PIT,864691135256642223,excitatory,5PIT,22,7,1784.5,16564.645962907216,0.0214775386542724,57357.06018257386,1,0,1,0.0,0,summation-like,2,0,False
exc_5PIT,864691135256642223,excitatory,5PIT,23,7,870.6315789473684,110988.72911468188,0.206026126811998,104569.1017584612,25,18,7,0.72,2,compartmentalized,2,2,False
exc_5PIT,864691135256642223,excitatory,5PIT,24,19,652.4,6011.835230478826,0.0128917157247407,478104.0652770913,0,0,0,,0,summation-like,2,1,False
exc_5PIT,864691135256642223,excitatory,5PIT,25,19,502.90909090909093,14150.98484263351,0.0345622931925408,482173.64008316863,0,0,0,,1,nonlinear-prone,2,1,False
exc_5PIT,864691135256642223,excitatory,5PIT,26,8,1895.625,46465.99690753145,0.0584547318642944,88872.3816177932,13,3,10,0.2307692307692307,1,nonlinear-prone,2,0,False
exc_5PIT,864691135256642223,excitatory,5PIT,27,8,815.047619047619,122864.52273740078,0.2357195665419027,127071.64453272786,21,8,13,0.3809523809523809,2,compartmentalized,2,2,False
exc_5PIT,864691135256642223,excitatory,5PIT,28,6,716.0,70071.03606087757,0.1434308774207066,124099.69093779454,9,8,1,0.8888888888888888,2,compartmentalized,2,2,False
exc_5PIT,864691135256642223,excitatory,5PIT,29,6,633.0,7905.905674071152,0.0172111702578883,93017.12574439132,0,0,0,,0,summation-like,2,0,False
exc_5PIT,864691135256642223,excitatory,5PIT,30,20,636.6976744186046,62993.150416939505,0.1367374021080622,512606.5581008005,0,0,0,,2,compartmentalized,2,1,False
exc_5PIT,864691135256642223,excitatory,5PIT,31,20,633.92,34060.2332035023,0.0740953608793066,498140.09949408186,0,0,0,,1,nonlinear-prone,2,1,False
exc_5PIT,864691135256642223,excitatory,5PIT,32,6,792.8333333333334,141503.0758160731,0.2752552156745008,132253.87049124227,12,6,6,0.5,2,compartmentalized,2,2,False
exc_5PIT,864691135256642223,excitatory,5PIT,33,6,1146.5454545454545,13996.33508054634,0.0226401510532431,68500.50012347887,3,0,3,0.0,0,summation-like,2,0,False
exc_5PIT,864691135256642223,excitatory,5PIT,34,9,2082.4,5980.126945077966,0.007177760332524,115095.44354409791,0,0,0,,0,summation-like,2,0,False
exc_5PIT,864691135256642223,excitatory,5PIT,35,9,1036.5384615384614,74948.91659735945,0.1275067792924602,149579.83837023866,28,18,10,0.6428571428571429,2,compartmentalized,2,2,False
exc_5PIT,864691135256642223,excitatory,5PIT,36,18,602.7272727272727,13048.76109079835,0.0291118285895005,475597.7254312669,0,0,0,,1,nonlinear-prone,2,1,False
exc_5PIT,864691135256642223,excitatory,5PIT,37,18,458.8,11329.978759073592,0.0289719694389542,474738.3342654045,0,0,0,,1,nonlinear-prone,2,1,False
exc_5PIT,864691135256642223,excitatory,5PIT,38,10,1843.3703703703704,79473.06309011033,0.101385133702413,157822.03856169205,37,20,17,0.5405405405405406,1,nonlinear-prone,2,0,False
exc_5PIT,864691135256642223,excitatory,5PIT,39,10,1063.2631578947369,54177.71269077656,0.0910040897781697,145174.36336202518,19,12,7,0.631578947368421,1,nonlinear-prone,2,0,False
exc_5PIT,864691135256642223,excitatory,5PIT,40,4,790.4848484848485,96530.71574909842,0.1880526157549402,121571.8444459993,25,14,11,0.56,2,compartmentalized,1,2,False
exc_5PIT,864691135256642223,excitatory,5PIT,41,4,747.0,51022.31456303843,0.1022493327001652,98817.64385296933,8,3,5,0.375,1,nonlinear-prone,1,2,False
exc_5PIT,864691135256642223,excitatory,5PIT,42,2,766.0714285714286,124820.35237980534,0.2470082160265787,90029.64282479494,25,15,10,0.6,2,compartmentalized,0,2,False
exc_5PIT,864691135256642223,excitatory,5PIT,43,2,699.6190476190476,90817.97538002345,0.1880622513028459,73028.45432490399,29,16,13,0.5517241379310345,2,compartmentalized,0,2,False
exc_5PIT,864691135256642223,excitatory,5PIT,44,11,1833.2,6025.461019114623,0.0077080759326549,200571.30061630456,1,1,0,1.0,0,summation-like,2,0,False
exc_5PIT,864691135256642223,excitatory,5PIT,45,11,877.2156862745098,73416.29612244779,0.1357687761626774,234266.71816797112,22,11,11,0.5,2,compartmentalized,2,2,False
exc_5PIT,864691135256642223,excitatory,5PIT,46,7,697.1481481481482,79331.94886303986,0.1645683108791023,143068.70745758375,12,8,4,0.6666666666666666,2,compartmentalized,2,2,False
exc_5PIT,864691135256642223,excitatory,5PIT,47,7,726.56,72290.07316766602,0.1468938282911285,139547.76960989684,19,10,9,0.5263157894736842,2,compartmentalized,2,2,False
exc_5PIT,864691135256642223,excitatory,5PIT,48,12,1717.142857142857,8966.342364943937,0.0118514839088344,208067.2023083338,1,0,1,0.0,0,summation-like,2,0,False
exc_5PIT,864691135256642223,excitatory,5PIT,49,12,868.1025641025641,54766.200232055075,0.1018093624412737,230967.13124188935,17,8,9,0.4705882352941176,1,nonlinear-prone,2,2,False
exc_5PIT,864691135256642223,excitatory,5PIT,50,13,1767.0666666666666,110706.078627285,0.1442466141013694,267903.4128044483,41,21,20,0.5121951219512195,2,compartmentalized,2,1,False
exc_5PIT,864691135256642223,excitatory,5PIT,51,13,906.0,52465.5049540712,0.0954707612757006,238783.12596784136,14,8,6,0.5714285714285714,1,nonlinear-prone,2,1,False
exc_5PIT,864691135256642223,excitatory,5PIT,52,7,756.2857142857143,123698.47264289625,0.246366705565581,137347.90398520016,26,18,8,0.6923076923076923,2,compartmentalized,2,2,False
exc_5PIT,864691135256642223,excitatory,5PIT,53,7,731.5294117647059,73181.15143304811,0.1481985552241902,112089.24338027612,7,6,1,0.8571428571428571,2,compartmentalized,2,2,False
exc_5PIT,864691135256642223,excitatory,5PIT,54,3,665.2727272727273,14640.340179202223,0.0310893709907341,85795.21976414071,4,2,2,0.5,1,nonlinear-prone,0,0,False
exc_5PIT,864691135256642223,excitatory,5PIT,55,3,460.44444444444446,10419.560947329535,0.0265963125539826,83684.83014820436,1,0,1,0.0,0,summation-like,0,0,False
exc_5PIT,864691135256642223,excitatory,5PIT,56,3,550.25,9611.149730193749,0.0224417099422371,83280.62453963647,0,0,0,,0,summation-like,0,0,False
exc_5PIT,864691135256642223,excitatory,5PIT,57,3,461.0,9130.035212423958,0.0232907040629739,83040.06728075157,0,0,0,,0,summation-like,0,0,False
exc_5PIT,864691135256642223,excitatory,5PIT,58,3,505.1428571428572,8100.465358305249,0.0197407427144838,82525.28235369222,0,0,0,,0,summation-like,0,0,False
exc_5PIT,864691135256642223,excitatory,5PIT,59,3,496.57142857142856,8012.997313720058,0.0196953979669597,82481.54833139962,2,1,1,0.5,0,summation-like,0,0,False
exc_5PIT,864691135256642223,excitatory,5PIT,60,17,672.4,57994.814554237455,0.1224999577847247,474617.8995697198,2,0,2,0.0,2,compartmentalized,2,1,False
exc_5PIT,864691135256642223,excitatory,5PIT,61,17,572.5,51398.70325435882,0.1176589705151632,471319.8439197805,0,0,0,,2,compartmentalized,2,1,False
exc_5PIT,864691135256642223,excitatory,5PIT,62,17,606.24,35059.888599403836,0.0779917859063178,463150.436592303,0,0,0,,1,nonlinear-prone,2,1,False
exc_5PIT,864691135256642223,excitatory,5PIT,63,2,1478.5454545454545,14987.590292026956,0.0213488801731897,23127.163851801342,8,0,8,0.0,0,summation-like,0,0,False
exc_5PIT,864691135256642223,excitatory,5PIT,64,2,1910.3333333333333,14869.999176229305,0.0186344678483876,23068.368293902517,4,0,4,0.0,0,summation-like,0,0,False
exc_5PIT,864691135256642223,excitatory,5PIT,65,2,836.6373626373627,133231.9746617058,0.2522902483987989,84765.52457501966,16,11,5,0.6875,2,compartmentalized,0,2,False
exc_5PIT,864691135256642223,excitatory,5PIT,66,2,749.0243902439024,121092.2163880956,0.2423421049496486,78695.64543821456,17,6,11,0.3529411764705882,2,compartmentalized,0,2,False
exc_5PIT,864691135256642223,excitatory,5PIT,67,2,1181.0,22533.20226486479,0.0359135712548566,30339.89241436054,8,1,7,0.125,1,nonlinear-prone,0,0,False
exc_5PIT,864691135256642223,excitatory,5PIT,68,2,868.1414141414141,145122.13930352716,0.2697733605814654,91634.36093369171,30,20,10,0.6666666666666666,2,compartmentalized,0,2,False
exc_5PIT,864691135256642223,excitatory,5PIT,69,3,1036.7692307692307,56799.99994115411,0.0966201956912192,59020.958968391875,19,11,8,0.5789473684210527,1,nonlinear-prone,0,0,False
exc_5PIT,864691135256642223,excitatory,5PIT,70,3,819.8245614035088,168430.29854486394,0.3221961770800417,114836.10827024678,34,18,16,0.5294117647058824,2,compartmentalized,0,2,False
exc_5PIT,864691135256642223,excitatory,5PIT,71,3,786.6304347826087,135377.22216043138,0.2643752851699075,109295.10462700864,28,17,11,0.6071428571428571,2,compartmentalized,0,2,False
exc_5PIT,864691135256642223,excitatory,5PIT,72,3,1050.9565217391305,31699.993024657153,0.0535583783920093,57456.49005912151,13,7,6,0.5384615384615384,1,nonlinear-prone,0,0,False
exc_5PIT,864691135256642223,excitatory,5PIT,73,14,1475.45,58565.34074246213,0.0835101095536936,352539.1224893218,11,5,6,0.4545454545454545,1,nonlinear-prone,2,1,False
exc_5PIT,864691135256642223,excitatory,5PIT,74,14,1263.4074074074074,78234.73297674187,0.120555914701014,362373.8186064617,9,7,2,0.7777777777777778,2,compartmentalized,2,1,False
exc_5PIT,864691135256642223,excitatory,5PIT,75,4,797.9428571428572,51128.192396684215,0.0991368625626333,112985.05513731102,7,5,2,0.7142857142857143,1,nonlinear-prone,1,0,False
exc_5PIT,864691135256642223,excitatory,5PIT,76,4,736.9302325581396,125391.6023234851,0.2529973035739136,150116.7601007115,25,19,6,0.76,2,compartmentalized,1,2,False
exc_5PIT,864691135256642223,excitatory,5PIT,77,16,832.0,32620.303829213204,0.0619422484763892,458483.2014836256,1,0,1,0.0,1,nonlinear-prone,2,1,False
exc_5PIT,864691135256642223,excitatory,5PIT,78,16,890.6,12640.056992968635,0.0231989492112331,448493.0780655034,0,0,0,,0,summation-like,2,1,False
exc_5PIT,864691135256642223,excitatory,5PIT,79,15,1694.0,7509.341615515178,0.0099932277686955,385576.4636683105,0,0,0,,0,summation-like,2,1,False
exc_5PIT,864691135256642223,excitatory,5PIT,80,15,778.5205479452055,107070.28865773894,0.2101815357750338,435356.9371894224,7,2,5,0.2857142857142857,2,compartmentalized,2,1,False
exc_5PIT,864691135256642223,excitatory,5PIT,81,16,1194.3,28418.854374062015,0.0450412544697118,403540.5616630991,2,1,1,0.5,1,nonlinear-prone,2,1,False
exc_5PIT,864691135256642223,excitatory,5PIT,82,16,968.4615384615385,56289.35781653299,0.0990708142577288,417475.81338433456,3,1,2,0.3333333333333333,1,nonlinear-prone,2,1,False
exc_5PIT,864691135256642223,excitatory,5PIT,83,5,314.87719298245617,82837.0976043155,0.2556906803263987,179967.7001378109,0,0,0,,2,compartmentalized,1,2,False
exc_5PIT,864691135256642223,excitatory,5PIT,84,5,613.3333333333334,10490.335631140326,0.0232007340926512,143794.31915122332,4,3,1,0.75,0,summation-like,1,0,False
exc_5PIT,864691135256642223,excitatory,5PIT,85,17,529.6,26431.710043108975,0.0629088723666936,488009.2084197867,0,0,0,,1,nonlinear-prone,2,1,False
exc_5PIT,864691135256642223,excitatory,5PIT,86,17,705.6,13581.065593041574,0.0280036852715161,481583.886194753,1,1,0,1.0,1,nonlinear-prone,2,1,False
exc_5PIT,864691135256642223,excitatory,5PIT,87,17,1055.3636363636365,31640.497938775225,0.0533461244616429,433570.2378195178,0,0,0,,1,nonlinear-prone,2,1,False
exc_5PIT,864691135256642223,excitatory,5PIT,88,17,811.0,51323.35603573762,0.0987109308645679,443411.66686799895,3,2,1,0.6666666666666666,1,nonlinear-prone,2,1,False
exc_5PIT,864691135256642223,excitatory,5PIT,89,5,834.3243243243244,109483.2114298534,0.2076063832446487,107053.8454458406,31,21,10,0.6774193548387096,2,compartmentalized,1,2,False
exc_5PIT,864691135256642223,excitatory,5PIT,90,5,1067.5384615384614,36751.93317644188,0.0616096937692168,70688.20631913483,16,7,9,0.4375,1,nonlinear-prone,1,0,False
exc_5PIT,864691135256642223,excitatory,5PIT,91,18,821.0769230769231,17769.496481077505,0.0339659546980603,458275.2350294441,0,0,0,,1,nonlinear-prone,2,1,False
exc_5PIT,864691135256642223,excitatory,5PIT,92,18,846.0,25707.66087294654,0.048410326090546,462244.3172253786,1,0,1,0.0,1,nonlinear-prone,2,1,False
exc_5PIT,864691135256642223,excitatory,5PIT,93,18,641.6,12751.447689607992,0.0275732490389893,494750.1428360778,0,0,0,,1,nonlinear-prone,2,1,False
exc_5PIT,864691135256642223,excitatory,5PIT,94,18,486.22222222222223,10501.47104176605,0.026085151568227,493625.1545121568,0,0,0,,0,summation-like,2,1,False
exc_5PIT,864691135256642223,excitatory,5PIT,95,19,584.8571428571429,113912.66992762288,0.2579929030026105,524116.3182337943,1,1,0,1.0,2,compartmentalized,2,1,False
exc_5PIT,864691135256642223,excitatory,5PIT,96,19,736.2424242424242,46737.716674896554,0.0943447416125224,490528.8416074311,1,1,0,1.0,1,nonlinear-prone,2,1,False
exc_5PIT,864691135256642223,excitatory,5PIT,97,17,725.5,10465.068015644956,0.0212806051779987,460045.6405698101,1,0,1,0.0,0,summation-like,2,1,False
exc_5PIT,864691135256642223,excitatory,5PIT,98,17,627.8,27463.9289975234,0.0600361230851261,468545.07106074935,0,0,0,,1,nonlinear-prone,2,1,False
exc_5PIT,864691135256642223,excitatory,5PIT,99,18,515.1666666666666,34640.777237729315,0.0835938596637047,482598.56319649727,1,0,1,0.0,1,nonlinear-prone,2,1,False
exc_5PIT,864691135256642223,excitatory,5PIT,100,18,585.8947368421053,25462.832907646585,0.057617916401986,478009.5910314559,1,1,0,1.0,1,nonlinear-prone,2,1,False
exc_5PIT,864691135256642223,excitatory,5PIT,101,6,707.3333333333334,16506.65750848355,0.0339944254378406,229639.57769421043,3,3,0,1.0,1,nonlinear-prone,2,1,False
exc_5PIT,864691135256642223,excitatory,5PIT,102,6,499.1111111111111,10507.88588597078,0.0257618683211141,226640.19188295404,0,0,0,,0,summation-like,2,1,False
exc_5PIT,864691135256642223,excitatory,5PIT,103,7,630.0,5988.815803112522,0.0130686674956718,240887.31435000847,1,0,1,0.0,0,summation-like,2,1,False
exc_5PIT,864691135256642223,excitatory,5PIT,104,7,586.6666666666666,2041.7464531771768,0.0046170728878824,238913.7796750408,0,0,0,,0,summation-like,2,1,False
exc_5PIT,864691135256642223,excitatory,5PIT,105,8,745.6,6020.711167253935,0.0120769000183725,246892.0778351917,0,0,0,,0,summation-like,2,1,False
exc_5PIT,864691135256642223,excitatory,5PIT,106,8,495.0,2856.916709768825,0.0070332427481842,245310.1806064491,0,0,0,,0,summation-like,2,1,False
exc_5PIT,864691135256642223,excitatory,5PIT,107,9,937.6,6027.378354857146,0.0107815271826069,252916.12259624724,2,2,0,1.0,0,summation-like,2,1,False
exc_5PIT,864691135256642223,excitatory,5PIT,108,9,476.0,2963.062667631286,0.0074387161624041,251383.96475263432,0,0,0,,0,summation-like,2,1,False
exc_5PIT,864691135256642223,excitatory,5PIT,109,2,1380.0,965.9109689821314,0.0014241580273819,15893.111096943525,0,0,0,,0,summation-like,0,0,False
exc_5PIT,864691135256642223,excitatory,5PIT,110,2,754.125,117336.02465530216,0.234029351093375,74078.16794010354,20,12,8,0.6,2,compartmentalized,0,2,False
exc_5PIT,864691135256642223,excitatory,5PIT,111,10,710.1818181818181,14450.641009296478,0.0297004455774991,263155.13227832405,1,1,0,1.0,1,nonlinear-prone,2,1,False
exc_5PIT,864691135256642223,excitatory,5PIT,112,10,579.0,6105.678868345582,0.0138980959003283,258982.6512078486,1,1,0,1.0,0,summation-like,2,1,False
exc_5PIT,864691135256642223,excitatory,5PIT,113,3,830.3018867924528,157217.95149604743,0.2988441427329818,94985.0423294583,29,11,18,0.3793103448275862,2,compartmentalized,0,2,False
exc_5PIT,864691135256642223,excitatory,5PIT,114,3,764.9444444444445,104893.91444038993,0.2077284462400125,68823.02380162955,21,9,12,0.4285714285714285,2,compartmentalized,0,2,False
exc_5PIT,864691135256642223,excitatory,5PIT,115,2,1479.5,10528.509677055052,0.0149923614224142,22385.27696691391,5,0,5,0.0,0,summation-like,0,0,False
exc_5PIT,864691135256642223,excitatory,5PIT,116,2,858.7234042553191,67426.84299741386,0.1260279301362902,50834.44362709331,18,4,14,0.2222222222222222,2,compartmentalized,0,2,False
exc_5PIT,864691135256642223,excitatory,5PIT,117,2,1066.8,6006.291320670929,0.0100722272697321,19117.27577554573,2,0,2,0.0,0,summation-like,0,0,False
exc_5PIT,864691135256642223,excitatory,5PIT,118,2,747.4468085106383,67733.05564293434,0.1356972822923948,49980.65793667744,14,7,7,0.5,2,compartmentalized,0,2,False
exc_5PIT,864691135256642223,excitatory,5PIT,119,3,854.1081081081081,165095.27062354513,0.3094132001029029,110197.167117214,23,17,6,0.7391304347826086,2,compartmentalized,0,2,False
exc_5PIT,864691135256642223,excitatory,5PIT,120,3,1272.7272727272727,13414.600209148426,0.020595421577644,34356.83191001565,2,0,2,0.0,0,summation-like,0,0,False
exc_5PIT,864691135256642223,excitatory,5PIT,121,3,920.7021276595744,139377.56423389306,0.2515903182488239,91809.20355282772,26,8,18,0.3076923076923077,2,compartmentalized,0,2,False
exc_5PIT,864691135256642223,excitatory,5PIT,122,3,838.6666666666666,95201.35635793848,0.180056611252604,69721.09961485043,29,18,11,0.6206896551724138,2,compartmentalized,0,2,False
exc_5PIT,864691135256642223,excitatory,5PIT,123,2,800.1935483870968,90465.421726446,0.1751643479228941,100414.261961264,16,14,2,0.875,2,compartmentalized,0,2,False
exc_5PIT,864691135256642223,excitatory,5PIT,124,2,836.0,23293.498576498576,0.0441257612781154,66828.3003862903,2,1,1,0.5,1,nonlinear-prone,0,0,False
exc_5PIT,864691135256642223,excitatory,5PIT,125,4,1354.0,1494.0140561587766,0.002223852499811,41811.13904266925,0,0,0,,0,summation-like,1,0,False
exc_5PIT,864691135256642223,excitatory,5PIT,126,4,818.4242424242424,95579.9914735646,0.1829946412824679,88854.12775137217,19,11,8,0.5789473684210527,2,compartmentalized,1,2,False
exc_5PIT,864691135256642223,excitatory,5PIT,127,15,1026.3703703703704,39103.94197745078,0.0668542643200443,421043.156083558,3,1,2,0.3333333333333333,1,nonlinear-prone,2,1,False
exc_5PIT,864691135256642223,excitatory,5PIT,128,15,1070.0666666666666,40681.864474186375,0.068117085579072,421832.1173319258,0,0,0,,1,nonlinear-prone,2,1,False
exc_5PIT,864691135256642223,excitatory,5PIT,129,5,812.0,102829.0411748528,0.1976507192155571,93972.66665817505,20,14,6,0.7,2,compartmentalized,1,2,False
exc_5PIT,864691135256642223,excitatory,5PIT,130,5,810.6666666666666,64965.028912600086,0.1249738374504634,75040.66052704869,9,4,5,0.4444444444444444,2,compartmentalized,1,2,False
exc_5PIT,864691135256642223,excitatory,5PIT,131,16,716.3098591549295,104291.1699484982,0.21343109987144,492740.71204653254,0,0,0,,2,compartmentalized,2,1,False
exc_5PIT,864691135256642223,excitatory,5PIT,132,16,1183.0,3626.231590283351,0.0057746250707395,442408.2428674251,0,0,0,,0,summation-like,2,1,False
exc_5PIT,864691135256642223,excitatory,5PIT,133,17,698.5882352941177,23438.56481009359,0.0485714433348365,455940.6410676136,0,0,0,,1,nonlinear-prone,2,1,False
exc_5PIT,864691135256642223,excitatory,5PIT,134,17,768.4,27193.89152535194,0.0537326562320772,457818.3044252427,3,1,2,0.3333333333333333,1,nonlinear-prone,2,1,False
exc_5PIT,864691135256642223,excitatory,5PIT,135,4,755.609756097561,121525.60830126773,0.2421473121078917,110507.98056492292,22,14,8,0.6363636363636364,2,compartmentalized,1,2,False
exc_5PIT,864691135256642223,excitatory,5PIT,136,4,558.3,26495.43388503668,0.0614183081832982,62992.893356807384,6,2,4,0.3333333333333333,1,nonlinear-prone,1,0,False
exc_5PIT,864691135256642223,excitatory,5PIT,137,18,394.0,16499.119161349736,0.0455274447073058,475909.4830533352,0,0,0,,1,nonlinear-prone,2,1,False
exc_5PIT,864691135256642223,excitatory,5PIT,138,18,609.6666666666666,15064.239031598934,0.0334165492210479,475192.0429884598,0,0,0,,1,nonlinear-prone,2,1,False
exc_5PIT,864691135256642223,excitatory,5PIT,139,2,801.3658536585366,121225.73977668762,0.234552493295394,81184.1177904192,18,12,6,0.6666666666666666,2,compartmentalized,0,2,False
exc_5PIT,864691135256642223,excitatory,5PIT,140,2,841.578947368421,111361.27030734975,0.2102555034448988,76251.88305575028,31,14,17,0.4516129032258064,2,compartmentalized,0,2,False
exc_6PCT,864691135866795798,excitatory,6PCT,0,0,4092.4,10569.529978705268,0.0090495558416181,5284.764989352634,8,0,8,0.0,0,summation-like,0,0,False
exc_6PCT,864691135866795798,excitatory,6PCT,1,1,5064.666666666667,12294.545255506451,0.0094623207082937,6147.272627753226,2,0,2,0.0,0,summation-like,0,0,False
exc_6PCT,864691135866795798,excitatory,6PCT,2,1,3689.0,19064.99244588997,0.0171926545594673,9532.496222944985,3,0,3,0.0,0,summation-like,0,0,False
exc_6PCT,864691135866795798,excitatory,6PCT,3,1,896.3092783505155,154612.9668706507,0.2828639457758156,77306.48343532535,14,6,8,0.4285714285714285,2,compartmentalized,0,2,False
exc_6PCT,864691135866795798,excitatory,6PCT,4,1,901.6041666666666,151992.29981361234,0.2772517261562214,75996.14990680617,22,8,14,0.3636363636363636,2,compartmentalized,0,2,False
exc_6PCT,864691135866795798,excitatory,6PCT,5,1,862.4878048780488,132167.86229610158,0.246496076815594,66083.93114805079,8,3,5,0.375,2,compartmentalized,0,2,False
exc_6PCT,864691135866795798,excitatory,6PCT,6,1,1454.5217391304348,43063.58056644978,0.0618458632673403,21531.79028322489,9,0,9,0.0,1,nonlinear-prone,0,0,False
exc_6PCT,864691135866795798,excitatory,6PCT,7,1,1920.8,25652.591969770245,0.0320590616866093,12826.295984885122,2,0,2,0.0,1,nonlinear-prone,0,0,False
exc_6PCT,864691135866795798,excitatory,6PCT,8,1,2312.25,22957.59546741042,0.0261498759063834,11478.79773370521,5,0,5,0.0,0,summation-like,0,0,False
exc_6PCT,864691135866795798,excitatory,6PCT,9,1,2079.0,4384.31745539611,0.0052666611252218,12761.688706403324,0,0,0,,0,summation-like,0,0,False
exc_6PCT,864691135866795798,excitatory,6PCT,10,1,812.7111111111111,132391.24939279244,0.2543617530012839,76765.15467510148,14,5,9,0.3571428571428571,2,compartmentalized,0,2,False
exc_6PCT,864691135866795798,excitatory,6PCT,11,2,1821.6666666666667,16183.349149867438,0.0207679952386391,23045.5220090351,3,0,3,0.0,0,summation-like,0,0,False
exc_6PCT,864691135866795798,excitatory,6PCT,12,2,1439.142857142857,18001.15790594635,0.0259901697277791,23954.426387074556,5,1,4,0.2,0,summation-like,0,0,False
exc_6PCT,864691135866795798,excitatory,6PCT,13,3,1585.0,31467.217008482618,0.0432916690011658,46870.80508821012,6,1,5,0.1666666666666666,1,nonlinear-prone,0,0,False
exc_6PCT,864691135866795798,excitatory,6PCT,14,3,990.0,21110.69583190386,0.0367490044601154,41692.54449992075,1,0,1,0.0,1,nonlinear-prone,0,0,False
exc_6PCT,864691135866795798,excitatory,6PCT,15,5,839.8529411764706,100137.7983233738,0.1892592183914752,120756.60585743056,14,3,11,0.2142857142857142,2,compartmentalized,1,2,False
exc_6PCT,864691135866795798,excitatory,6PCT,16,5,776.8923076923077,93382.7890000411,0.1835046430354478,117379.1011957642,10,7,3,0.7,2,compartmentalized,1,2,False
exc_6PCT,864691135866795798,excitatory,6PCT,17,5,980.0,2947.6586896207427,0.0051573283753226,44970.89510968435,1,1,0,1.0,0,summation-like,1,0,False
exc_6PCT,864691135866795798,excitatory,6PCT,18,5,723.7777777777778,10744.573677387612,0.0218749562558899,48869.352603567786,1,0,1,0.0,0,summation-like,1,0,False
exc_6PCT,864691135866795798,excitatory,6PCT,19,4,1458.5263157894738,27049.6686347242,0.0387940786489405,76129.24790981354,9,4,5,0.4444444444444444,1,nonlinear-prone,1,0,False
exc_6PCT,864691135866795798,excitatory,6PCT,20,4,1361.7142857142858,8083.293103292224,0.011997919875263,66646.06014409754,0,0,0,,0,summation-like,1,0,False
exc_6PCT,864691135866795798,excitatory,6PCT,21,6,797.3333333333334,60138.38486927254,0.1166520639271448,76513.916889131,6,4,2,0.6666666666666666,1,nonlinear-prone,2,2,False
exc_6PCT,864691135866795798,excitatory,6PCT,22,6,786.6666666666666,6359.235791294576,0.0124185297350837,49624.34235014201,0,0,0,,0,summation-like,2,0,False
exc_6PCT,864691135866795798,excitatory,6PCT,23,5,1368.3636363636365,31370.468287945085,0.0464494811141335,105339.31637114818,9,1,8,0.1111111111111111,1,nonlinear-prone,1,0,False
exc_6PCT,864691135866795798,excitatory,6PCT,24,5,1808.0,2101.9196999561173,0.0027075565425247,90705.04207715367,0,0,0,,0,summation-like,1,0,False
exc_6PCT,864691135866795798,excitatory,6PCT,25,3,820.32,110831.89894008296,0.2119501613912637,88370.9548100892,17,3,14,0.1764705882352941,2,compartmentalized,0,2,False
exc_6PCT,864691135866795798,excitatory,6PCT,26,3,800.4,78220.95485914439,0.1514363733848119,72065.48276961994,8,4,4,0.5,2,compartmentalized,0,2,False
exc_6PCT,864691135866795798,excitatory,6PCT,27,6,1270.0,7485.687187432894,0.0115051011624967,124767.39410883716,0,0,0,,0,summation-like,2,0,False
exc_6PCT,864691135866795798,excitatory,6PCT,28,6,773.5483870967741,89918.12476602272,0.1770778034018391,165983.6128981321,10,7,3,0.7,2,compartmentalized,2,2,False
exc_6PCT,864691135866795798,excitatory,6PCT,29,7,1113.76,36036.231925055414,0.0591431147129354,146528.35366508132,8,4,4,0.5,1,nonlinear-prone,2,0,False
exc_6PCT,864691135866795798,excitatory,6PCT,30,7,719.4603174603175,91020.6879835006,0.1858648727404776,174020.58169430392,11,10,1,0.9090909090909092,2,compartmentalized,2,2,False
exc_6PCT,864691135866795798,excitatory,6PCT,31,2,957.3333333333334,42956.15005701575,0.0760421500399002,64541.65559495766,4,1,3,0.25,1,nonlinear-prone,0,0,False
exc_6PCT,864691135866795798,excitatory,6PCT,32,2,707.4468085106383,67331.21333756167,0.1386532878087291,76729.18723523061,6,3,3,0.5,2,compartmentalized,0,2,False
exc_6PCT,864691135866795798,excitatory,6PCT,33,2,642.7378640776699,150735.0316673391,0.325655098002129,94432.50827955952,16,6,10,0.375,2,compartmentalized,0,2,False
exc_6PCT,864691135866795798,excitatory,6PCT,34,2,1069.0,15012.913325600914,0.0251499283450006,26571.449108690427,3,0,3,0.0,0,summation-like,0,0,False
exc_6PCT,864691135866795798,excitatory,6PCT,35,8,1035.304347826087,32871.40663730254,0.0559557726934479,180982.17294626028,3,2,1,0.6666666666666666,1,nonlinear-prone,2,0,False
exc_6PCT,864691135866795798,excitatory,6PCT,36,8,691.3777777777777,64107.29363760223,0.1335396895351304,196600.11644641013,9,6,3,0.6666666666666666,2,compartmentalized,2,2,False
exc_6PCT,864691135866795798,excitatory,6PCT,37,3,910.08,35901.111256921184,0.0651821578714547,103970.28625192613,2,2,0,1.0,1,nonlinear-prone,0,0,False
exc_6PCT,864691135866795798,excitatory,6PCT,38,3,284.7692307692308,16370.089631251789,0.0531330998131285,94204.77543909142,0,0,0,,1,nonlinear-prone,0,0,False
exc_6PCT,864691135866795798,excitatory,6PCT,39,9,973.6470588235294,49327.80243278253,0.086586785548159,222081.7774813028,11,8,3,0.7272727272727273,1,nonlinear-prone,2,0,False
exc_6PCT,864691135866795798,excitatory,6PCT,40,9,639.3962264150944,75983.84469492263,0.1645875033912718,235409.7986123729,10,5,5,0.5,2,compartmentalized,2,2,False
exc_6PCT,864691135866795798,excitatory,6PCT,41,2,821.4516129032259,90316.80614746576,0.1725989722485342,70810.99504350312,5,4,1,0.8,2,compartmentalized,0,2,False
exc_6PCT,864691135866795798,excitatory,6PCT,42,2,851.9649122807018,83265.51348174467,0.1562481692656468,67285.34871064257,6,2,4,0.3333333333333333,2,compartmentalized,0,2,False
exc_6PCT,864691135866795798,excitatory,6PCT,43,4,814.9090909090909,31453.712225655792,0.0603500945801746,66519.67814713465,0,0,0,,1,nonlinear-prone,1,0,False
exc_6PCT,864691135866795798,excitatory,6PCT,44,4,409.0,3154.3924157729684,0.0085430843273435,52370.01824219323,0,0,0,,0,summation-like,1,0,False
exc_6PCT,864691135866795798,excitatory,6PCT,45,10,730.7816091954023,128152.13546559094,0.2596525966588489,310821.7464304896,13,8,5,0.6153846153846154,2,compartmentalized,2,2,False
exc_6PCT,864691135866795798,excitatory,6PCT,46,10,952.0,12908.1674254439,0.0229143078227024,253199.76241041603,3,2,1,0.6666666666666666,0,summation-like,2,1,False
exc_6PCT,864691135866795798,excitatory,6PCT,47,5,736.0,7220.875978544169,0.0145784585394552,85856.97224923463,1,0,1,0.0,0,summation-like,1,0,False
exc_6PCT,864691135866795798,excitatory,6PCT,48,5,633.3333333333334,2027.8739734760757,0.0044135232179193,83260.47124670059,0,0,0,,0,summation-like,1,0,False
exc_6PCT,864691135866795798,excitatory,6PCT,49,7,706.0,8171.375257788606,0.0168443180125252,56889.6478746836,4,0,4,0.0,0,summation-like,2,0,False
exc_6PCT,864691135866795798,excitatory,6PCT,50,7,541.2,4539.856552131923,0.0106886747973849,55073.88852185526,1,0,1,0.0,0,summation-like,2,0,False
exc_6PCT,864691135866795798,excitatory,6PCT,51,4,732.1518987341772,116842.85505564156,0.2365169071692457,110669.31994369348,15,9,6,0.6,2,compartmentalized,1,2,False
exc_6PCT,864691135866795798,excitatory,6PCT,52,4,783.438596491228,82066.26800127618,0.1605916017371101,93281.02641651077,14,8,6,0.5714285714285714,2,compartmentalized,1,2,False
exc_6PCT,864691135866795798,excitatory,6PCT,53,11,537.8039215686274,74040.35694765991,0.1748707403949115,411917.99263711495,4,2,2,0.5,2,compartmentalized,2,1,False
exc_6PCT,864691135866795798,excitatory,6PCT,54,11,511.06666666666666,64627.76416891012,0.156581691743255,407211.69624774007,3,1,2,0.3333333333333333,2,compartmentalized,2,1,False
exc_6PCT,864691135866795798,excitatory,6PCT,55,3,756.1621621621622,108728.07246595564,0.2165682790227507,84699.38490433434,11,5,6,0.4545454545454545,2,compartmentalized,0,2,False
exc_6PCT,864691135866795798,excitatory,6PCT,56,3,760.271186440678,84595.21542753124,0.1680436717742377,72632.95638512213,4,0,4,0.0,2,compartmentalized,0,2,False
exc_6PCT,864691135866795798,excitatory,6PCT,57,2,877.5,9462.098239931882,0.017495425834642,17025.594375472392,1,0,1,0.0,0,summation-like,0,0,False
exc_6PCT,864691135866795798,excitatory,6PCT,58,2,815.5714285714286,18040.803415850063,0.0346007490011044,21314.94696343148,2,0,2,0.0,1,nonlinear-prone,0,0,False
exc_6PCT,864691135866795798,excitatory,6PCT,59,3,799.0769230769231,56436.7794160276,0.1093524595623239,49975.033203452134,5,1,4,0.2,1,nonlinear-prone,0,0,False
exc_6PCT,864691135866795798,excitatory,6PCT,60,3,769.8947368421053,110237.73031259858,0.2176081791380251,76875.50865173762,16,9,7,0.5625,2,compartmentalized,0,2,False
exc_6PCT,864691135866795798,excitatory,6PCT,61,4,942.0,8677.020618128208,0.0154848073074377,82531.93322053005,0,0,0,,0,summation-like,1,0,False
exc_6PCT,864691135866795798,excitatory,6PCT,62,4,461.0,3298.910049526645,0.0084155138404441,79842.87793622926,1,1,0,1.0,0,summation-like,1,0,False
exc_6PCT,864691135866795798,excitatory,6PCT,63,5,1086.0,4410.121827647703,0.0073298704952445,89075.504443418,0,0,0,,0,summation-like,1,0,False
exc_6PCT,864691135866795798,excitatory,6PCT,64,5,363.42857142857144,7012.088553942472,0.0201464479411195,90376.4878065654,0,0,0,,0,summation-like,1,0,False
exc_6PCT,864691135866795798,excitatory,6PCT,65,11,788.2641509433962,77667.83061157224,0.1515185878823792,298487.7614289241,12,5,7,0.4166666666666667,2,compartmentalized,2,1,False
exc_6PCT,864691135866795798,excitatory,6PCT,66,11,585.939393939394,45477.681998666245,0.1029040811589955,282392.6871224711,4,2,2,0.5,1,nonlinear-prone,2,1,False
exc_6PCT,864691135866795798,excitatory,6PCT,67,11,578.2307692307693,35733.86080912355,0.0813935460716559,277520.7765276998,4,1,3,0.25,1,nonlinear-prone,2,1,False
exc_6PCT,864691135866795798,excitatory,6PCT,68,6,812.0,25194.96227805923,0.0484279767463694,103878.04649627146,6,5,1,0.8333333333333334,1,nonlinear-prone,2,0,False
exc_6PCT,864691135866795798,excitatory,6PCT,69,6,790.0,6089.633644874714,0.0118669263712949,94325.3821796792,1,1,0,1.0,0,summation-like,2,0,False
exc_6PCT,864691135866795798,excitatory,6PCT,70,7,764.6666666666666,2149.519339661614,0.0042576102704965,117550.28730513187,0,0,0,,0,summation-like,2,0,False
exc_6PCT,864691135866795798,excitatory,6PCT,71,7,560.9090909090909,14189.436464075636,0.0328155385194539,123570.2458673389,0,0,0,,1,nonlinear-prone,2,0,False
exc_6PCT,864691135866795798,excitatory,6PCT,72,8,860.4,5985.599764814591,0.01117681597271,121617.84685737,0,0,0,,0,summation-like,2,0,False
exc_6PCT,864691135866795798,excitatory,6PCT,73,8,656.5454545454545,30585.677962559326,0.0653802142482263,133917.88595624236,3,3,0,1.0,1,nonlinear-prone,2,0,False
exc_6PCT,864691135866795798,excitatory,6PCT,74,9,755.3333333333334,7478.647290419527,0.0149043950532132,128349.97038498704,2,2,0,1.0,0,summation-like,2,0,False
exc_6PCT,864691135866795798,excitatory,6PCT,75,9,682.6666666666666,1818.0525232366715,0.0038112084643333,125519.6730013956,0,0,0,,0,summation-like,2,0,False
exc_6PCT,864691135866795798,excitatory,6PCT,76,10,739.7777777777778,11935.584364019884,0.0240355283644641,138057.08621220675,1,1,0,1.0,0,summation-like,2,0,False
exc_6PCT,864691135866795798,excitatory,6PCT,77,10,556.6666666666666,1943.5538827781063,0.0045119014445268,133061.07097158587,0,0,0,,0,summation-like,2,0,False
exc_6PCT,864691135866795798,excitatory,6PCT,78,11,812.0,5974.657162453746,0.0114840639544361,147012.20697544358,1,0,1,0.0,0,summation-like,2,0,False
exc_6PCT,864691135866795798,excitatory,6PCT,79,11,447.0,3171.413851896856,0.0082159877779733,145610.58532016515,0,0,0,,0,summation-like,2,0,False
exc_6PCT,864691135866795798,excitatory,6PCT,80,12,763.2727272727273,14438.122723040531,0.0286240765026465,157218.5969181907,2,0,2,0.0,1,nonlinear-prone,2,0,False
exc_6PCT,864691135866795798,excitatory,6PCT,81,12,648.6666666666666,1992.2941518672735,0.0042845310735344,150995.6826326041,0,0,0,,0,summation-like,2,0,False
exc_6PCT,864691135866795798,excitatory,6PCT,82,12,580.5,93841.98991877974,0.21333235309751,384242.6716941001,9,2,7,0.2222222222222222,2,compartmentalized,2,1,False
exc_6PCT,864691135866795798,excitatory,6PCT,83,12,626.7826086956521,32084.589711966622,0.0701937829716259,353363.9715906935,4,2,2,0.5,1,nonlinear-prone,2,1,False
exc_6PCT,864691135866795798,excitatory,6PCT,84,13,707.3333333333334,7505.818891498369,0.0154577630586834,168190.56772546016,0,0,0,,0,summation-like,2,0,False
exc_6PCT,864691135866795798,excitatory,6PCT,85,13,482.0,3039.300001668599,0.007582469613297,165957.3082805453,0,0,0,,0,summation-like,2,0,False
exc_6PCT,864691135866795798,excitatory,6PCT,86,14,809.7142857142857,8246.040027361856,0.0158723110281067,176066.49718489026,3,2,1,0.6666666666666666,0,summation-like,2,0,False
exc_6PCT,864691135866795798,excitatory,6PCT,87,14,538.6666666666666,1596.768441807397,0.0037682743764839,172741.86139211306,0,0,0,,0,summation-like,2,0,False
exc_6PCT,864691135866795798,excitatory,6PCT,88,6,983.6363636363636,14942.546225907256,0.0260956397065704,99227.27504008538,2,0,2,0.0,0,summation-like,2,0,False
exc_6PCT,864691135866795798,excitatory,6PCT,89,6,820.2142857142857,79837.17612260261,0.152687023905623,131674.58998843306,5,3,2,0.6,2,compartmentalized,2,2,False
exc_6PCT,864691135866795798,excitatory,6PCT,90,7,773.5294117647059,23904.333310540413,0.0470759233886785,118650.71480830922,2,2,0,1.0,1,nonlinear-prone,2,0,False
exc_6PCT,864691135866795798,excitatory,6PCT,91,7,726.75,21081.380149581513,0.0428318809635754,117239.23822782976,1,0,1,0.0,1,nonlinear-prone,2,0,False
exc_6PCT,864691135866795798,excitatory,6PCT,92,2,748.0,84473.05676423029,0.1691718265396384,65194.12384952557,10,1,9,0.1,2,compartmentalized,0,2,False
exc_6PCT,864691135866795798,excitatory,6PCT,93,2,855.4042553191489,67786.89346019828,0.1269464778109408,56851.04219750956,4,3,1,0.75,2,compartmentalized,0,2,False
exc_6PCT,864691135866795798,excitatory,6PCT,94,8,674.1818181818181,46876.155968137595,0.0988835614777204,154040.95944764823,2,1,1,0.5,1,nonlinear-prone,2,2,False
exc_6PCT,864691135866795798,excitatory,6PCT,95,8,735.5,9325.650387282303,0.0188342538169746,135265.70665722058,3,1,2,0.3333333333333333,0,summation-like,2,0,False
exc_6PCT,864691135866795798,excitatory,6PCT,96,13,527.0344827586207,42067.62545214039,0.1003665764312894,390440.07917274704,4,3,1,0.75,1,nonlinear-prone,2,1,False
exc_6PCT,864691135866795798,excitatory,6PCT,97,13,514.2222222222222,24264.270175485097,0.0586073979496601,381538.4015344194,7,3,4,0.4285714285714285,1,nonlinear-prone,2,1,False
exc_6PCT,864691135866795798,excitatory,6PCT,98,3,734.6666666666666,2986.521045674952,0.0060350523150761,35571.16629432836,0,0,0,,0,summation-like,0,0,False
exc_6PCT,864691135866795798,excitatory,6PCT,99,3,892.3076923076923,16714.916262815867,0.0306483793254999,42435.36390289882,7,1,6,0.1428571428571428,1,nonlinear-prone,0,0,False
exc_6PCT,864691135866795798,excitatory,6PCT,100,4,713.25,69967.14122171624,0.1434940411860273,72047.99742802395,9,2,7,0.2222222222222222,2,compartmentalized,1,2,False
exc_6PCT,864691135866795798,excitatory,6PCT,101,4,994.6666666666666,6432.638947708147,0.0111714879458217,40280.74629101991,1,0,1,0.0,0,summation-like,1,0,False
inh_BC,864691135293026230,inhibitory,BC,0,0,2508.1666666666665,21068.36096165485,0.0230416291206969,10534.180480827425,16,3,13,0.1875,0,summation-like,0,0,False
inh_BC,864691135293026230,inhibitory,BC,1,1,1036.6027397260275,118150.2806354832,0.2009968303095159,59075.14031774161,58,34,24,0.5862068965517241,2,compartmentalized,0,2,False
inh_BC,864691135293026230,inhibitory,BC,2,1,5473.333333333333,17466.25566897492,0.0129310708533081,8733.12783448746,20,3,17,0.15,0,summation-like,0,0,False
inh_BC,864691135293026230,inhibitory,BC,3,1,3334.3333333333335,26183.58650279177,0.0248362060467178,13091.793251395886,12,3,9,0.25,0,summation-like,0,0,False
inh_BC,864691135293026230,inhibitory,BC,4,1,722.6666666666666,216855.70184743917,0.4418373866091294,108427.85092371958,47,24,23,0.5106382978723404,2,compartmentalized,0,2,False
inh_BC,864691135293026230,inhibitory,BC,5,1,8082.0,15847.729427271275,0.0096553551308225,7923.8647136356385,10,7,3,0.7,0,summation-like,0,0,False
inh_BC,864691135293026230,inhibitory,BC,6,1,3173.1428571428573,20751.2957465458,0.0201772063246651,10375.6478732729,25,7,18,0.28,0,summation-like,0,0,False
inh_BC,864691135293026230,inhibitory,BC,7,1,4702.5,15437.299831042996,0.0123301274183264,7718.649915521498,15,7,8,0.4666666666666667,0,summation-like,0,0,False
inh_BC,864691135293026230,inhibitory,BC,8,1,1512.3478260869565,46087.6669116428,0.0649111805264755,23043.8334558214,29,12,17,0.4137931034482758,1,nonlinear-prone,0,0,False
inh_BC,864691135293026230,inhibitory,BC,9,1,7682.0,17319.33855549917,0.0108231774210308,8659.669277749585,12,3,9,0.25,0,summation-like,0,0,False
inh_BC,864691135293026230,inhibitory,BC,10,1,7749.0,11782.970762927342,0.0073314959159414,5891.485381463671,6,3,3,0.5,0,summation-like,0,0,False
inh_BC,864691135293026230,inhibitory,BC,11,3,694.0854700854701,172594.14712572072,0.3588229522133937,118366.35389443523,43,30,13,0.6976744186046512,2,compartmentalized,0,2,False
inh_BC,864691135293026230,inhibitory,BC,12,3,1032.7272727272727,46536.54654679683,0.0793162103059891,55337.55360497331,20,14,6,0.7,1,nonlinear-prone,0,0,False
inh_BC,864691135293026230,inhibitory,BC,13,3,508.7441860465116,62609.50101764164,0.1520376472527081,133899.43658558093,16,15,1,0.9375,2,compartmentalized,0,2,False
inh_BC,864691135293026230,inhibitory,BC,14,3,557.4418604651163,60713.24994443605,0.1408459356375457,132951.31104897812,11,8,3,0.7272727272727273,2,compartmentalized,0,2,False
inh_BC,864691135293026230,inhibitory,BC,15,1,1133.0,1409.492461845715,0.0022935511495389,21773.107192577707,1,1,0,1.0,0,summation-like,0,0,False
inh_BC,864691135293026230,inhibitory,BC,16,1,900.6545454545454,79889.84395034499,0.1458052217131264,61013.282936827345,36,18,18,0.5,2,compartmentalized,0,2,False
inh_BC,864691135293026230,inhibitory,BC,17,2,956.0571428571428,50727.02744789616,0.0898582830104992,47841.36714744865,25,12,13,0.48,1,nonlinear-prone,0,0,False
inh_BC,864691135293026230,inhibitory,BC,18,2,1107.0,9591.426908074332,0.0157895603853438,27273.56687753773,8,2,6,0.25,0,summation-like,0,0,False
inh_BC,864691135293026230,inhibitory,BC,19,3,889.1764705882352,176323.38366917023,0.3238743525803111,161366.57270598185,46,43,3,0.9347826086956522,2,compartmentalized,0,2,False
inh_BC,864691135293026230,inhibitory,BC,20,3,604.2162162162163,52048.60552682774,0.1159774451250253,99229.1836348106,24,14,10,0.5833333333333334,1,nonlinear-prone,0,2,False
inh_BC,864691135293026230,inhibitory,BC,21,2,697.6923076923077,191090.16816153796,0.3962479264588694,121728.67058356076,36,20,16,0.5555555555555556,2,compartmentalized,0,2,False
inh_BC,864691135293026230,inhibitory,BC,22,2,1075.428571428571,7778.009004562096,0.0129908714044916,30072.59100507282,3,1,2,0.3333333333333333,0,summation-like,0,0,False
inh_BC,864691135293026230,inhibitory,BC,23,4,686.9491525423729,86593.50468210902,0.1809604420285772,77273.99500794147,19,9,10,0.4736842105263157,2,compartmentalized,1,2,False
inh_BC,864691135293026230,inhibitory,BC,24,4,561.047619047619,28119.38120570834,0.0650229284356449,48036.93326974112,7,3,4,0.4285714285714285,1,nonlinear-prone,1,0,False
inh_BC,864691135293026230,inhibitory,BC,25,2,953.4,28490.895557092925,0.050539292069996,34996.74352509226,14,7,7,0.5,1,nonlinear-prone,0,0,False
inh_BC,864691135293026230,inhibitory,BC,26,2,943.0,3608.470440172968,0.0064361763176223,22555.530966632283,0,0,0,,0,summation-like,0,0,False
inh_BC,864691135293026230,inhibitory,BC,27,3,922.967741935484,44987.61687791786,0.0811073765217815,44437.71761811256,28,18,10,0.6428571428571429,1,nonlinear-prone,0,0,False
inh_BC,864691135293026230,inhibitory,BC,28,3,737.2777777777778,104852.64939414944,0.2115068629733082,74370.23387622835,40,28,12,0.7,2,compartmentalized,0,2,False
inh_BC,864691135293026230,inhibitory,BC,29,3,763.0714285714286,82573.60598593034,0.1637266144833038,90528.9942966039,32,24,8,0.75,2,compartmentalized,0,2,False
inh_BC,864691135293026230,inhibitory,BC,30,3,532.2285714285714,49374.39463859428,0.1172231314724237,73929.38862293586,20,15,5,0.75,2,compartmentalized,0,2,False
inh_BC,864691135293026230,inhibitory,BC,31,3,660.0,101345.86397381977,0.2160701079889662,99385.25641124528,33,19,14,0.5757575757575758,2,compartmentalized,0,2,False
inh_BC,864691135293026230,inhibitory,BC,32,3,836.7246376811594,101255.40821121151,0.1917288986917435,99340.02852994116,40,28,12,0.7,2,compartmentalized,0,2,False
inh_BC,864691135293026230,inhibitory,BC,33,4,768.32,35963.45027047135,0.0710642061069868,267509.98967580264,3,3,0,1.0,1,nonlinear-prone,1,1,False
inh_BC,864691135293026230,inhibitory,BC,34,4,499.1111111111111,10859.948915402594,0.0266250106794704,254958.23899826824,1,1,0,1.0,0,summation-like,1,1,False
inh_BC,864691135293026230,inhibitory,BC,35,4,653.0731707317074,120314.62280281144,0.2578683966129024,127088.8374584772,22,15,7,0.6818181818181818,2,compartmentalized,1,2,False
inh_BC,864691135293026230,inhibitory,BC,36,4,663.6875,92260.18528840548,0.1961521762068546,113061.61870127422,30,25,5,0.8333333333333334,2,compartmentalized,1,2,False
inh_BC,864691135293026230,inhibitory,BC,37,5,602.5294117647059,49078.518857937255,0.1095123123955219,310030.97424000694,2,1,1,0.5,1,nonlinear-prone,1,1,False
inh_BC,864691135293026230,inhibitory,BC,38,5,518.8571428571429,7724.901505127929,0.0185750366010638,289354.16556360223,0,0,0,,0,summation-like,1,1,False
inh_BC,864691135293026230,inhibitory,BC,39,4,536.6530612244898,71984.83038990677,0.1701981391894151,167808.21248452243,19,14,5,0.7368421052631579,2,compartmentalized,1,2,False
inh_BC,864691135293026230,inhibitory,BC,40,4,587.1,56205.39392800326,0.1270523151496467,159918.49425357068,17,10,7,0.5882352941176471,2,compartmentalized,1,2,False
inh_BC,864691135293026230,inhibitory,BC,41,4,710.72,73337.66192861777,0.1506740351323098,111896.85118046976,24,18,6,0.75,2,compartmentalized,1,2,False
inh_BC,864691135293026230,inhibitory,BC,42,4,464.54545454545456,13363.499288802928,0.0339599243986576,81909.76986056233,4,3,1,0.75,1,nonlinear-prone,1,0,False
inh_BC,864691135293026230,inhibitory,BC,43,4,477.8181818181818,14431.814173418275,0.0361618149826673,157274.0954848643,1,0,1,0.0,1,nonlinear-prone,1,0,False
inh_BC,864691135293026230,inhibitory,BC,44,4,435.2,11909.931739565312,0.0312698254069619,156013.15426793782,2,2,0,1.0,1,nonlinear-prone,1,0,False
inh_BC,864691135293026230,inhibitory,BC,45,3,985.4,13483.032310983444,0.0235256658227167,40703.111662845586,6,4,2,0.6666666666666666,0,summation-like,0,0,False
inh_BC,864691135293026230,inhibitory,BC,46,3,578.3529411764706,48021.36298324719,0.1093701066282831,57972.27699897746,17,11,6,0.6470588235294118,1,nonlinear-prone,0,2,False
inh_BC,864691135293026230,inhibitory,BC,47,4,660.236559139785,137685.88715970775,0.2934947048399233,116287.57139819118,51,29,22,0.5686274509803921,2,compartmentalized,1,2,False
inh_BC,864691135293026230,inhibitory,BC,48,4,689.3,117328.45746303728,0.2447709362774598,106108.85654985596,31,18,13,0.5806451612903226,2,compartmentalized,1,2,False
inh_BC,864691135293026230,inhibitory,BC,49,2,687.2765957446809,139238.08634749948,0.2909061453490135,187769.32380923297,30,26,4,0.8666666666666667,2,compartmentalized,0,2,False
inh_BC,864691135293026230,inhibitory,BC,50,2,550.96,35094.246714199144,0.0818910646330418,135697.40399258278,3,3,0,1.0,1,nonlinear-prone,0,0,False
inh_BC,864691135293026230,inhibitory,BC,51,2,635.7058823529412,99776.10043447786,0.2167499663117127,150846.25512923877,23,18,5,0.782608695652174,2,compartmentalized,0,2,False
inh_BC,864691135293026230,inhibitory,BC,52,2,546.0689655172414,41218.53667436148,0.0966116388700692,121567.47324918058,13,9,4,0.6923076923076923,1,nonlinear-prone,0,2,False
inh_BC,864691135293026230,inhibitory,BC,53,2,1027.111111111111,25481.094762657583,0.0435481787268258,28588.27680860007,20,12,8,0.6,1,nonlinear-prone,0,0,False
inh_BC,864691135293026230,inhibitory,BC,54,2,793.2,86746.95664948884,0.1687032782628347,59221.207752015696,32,15,17,0.46875,2,compartmentalized,0,2,False
inh_BC,864691135293026230,inhibitory,BC,55,3,784.1,28498.038102845218,0.0557429390560121,55577.84324135147,19,12,7,0.631578947368421,1,nonlinear-prone,0,0,False
inh_BC,864691135293026230,inhibitory,BC,56,3,768.5,33899.196026232006,0.0669773699502922,58278.422203044865,17,8,9,0.4705882352941176,1,nonlinear-prone,0,0,False
inh_BC,864691135293026230,inhibitory,BC,57,2,647.2432432432432,109051.89405722782,0.2347794482384326,100613.6139402567,22,17,5,0.7727272727272727,2,compartmentalized,0,2,False
inh_BC,864691135293026230,inhibitory,BC,58,2,720.2962962962963,76939.89827584477,0.1570206042548415,84557.61604956519,23,14,9,0.6086956521739131,2,compartmentalized,0,2,False
inh_BC,864691135293026230,inhibitory,BC,59,4,775.8846153846154,76143.32654589624,0.1497248557741034,107898.5255657222,34,21,13,0.6176470588235294,2,compartmentalized,1,2,False
inh_BC,864691135293026230,inhibitory,BC,60,4,502.8571428571428,18533.367086308444,0.0452681392782379,79093.54583592831,8,5,3,0.625,1,nonlinear-prone,1,0,False
inh_BC,864691135293026230,inhibitory,BC,61,5,705.0,4424.122842982174,0.0091262685926213,73718.73951820037,1,0,1,0.0,0,summation-like,1,0,False
inh_BC,864691135293026230,inhibitory,BC,62,5,579.6666666666666,50901.709138995306,0.1157987386212249,96957.53266620691,17,9,8,0.5294117647058824,1,nonlinear-prone,1,2,False
inh_BC,864691135293026230,inhibitory,BC,63,6,632.8717948717949,56319.35905722533,0.1226197596598731,104090.48046830411,30,20,10,0.6666666666666666,2,compartmentalized,2,2,False
inh_BC,864691135293026230,inhibitory,BC,64,6,524.6315789473684,25398.700451098954,0.0607358213927112,88630.15116524094,7,2,5,0.2857142857142857,1,nonlinear-prone,2,0,False
inh_BC,864691135293026230,inhibitory,BC,65,3,530.4,5999.313226667387,0.0142679115008258,260388.0235963164,1,1,0,1.0,0,summation-like,0,1,False
inh_BC,864691135293026230,inhibitory,BC,66,3,468.0,10835.720771723383,0.0274344024906261,262806.2273688444,1,1,0,1.0,1,nonlinear-prone,0,1,False
inh_BC,864691135293026230,inhibitory,BC,67,4,909.4545454545456,31351.358313603952,0.0569411835616558,94281.50603517372,13,12,1,0.9230769230769232,1,nonlinear-prone,1,0,False
inh_BC,864691135293026230,inhibitory,BC,68,4,643.5121951219512,57852.63768438287,0.1249123564038694,107532.14572056316,10,6,4,0.6,2,compartmentalized,1,2,False
inh_BC,864691135293026230,inhibitory,BC,69,4,325.7142857142857,7832.4937686677,0.0237707170156655,267303.9270939839,2,1,1,0.5,0,summation-like,1,1,False
inh_BC,864691135293026230,inhibitory,BC,70,4,246.0,7297.860887576787,0.0254852356909774,267036.6106534385,0,0,0,,0,summation-like,1,1,False
inh_BC,864691135293026230,inhibitory,BC,71,5,510.60869565217394,67128.4032875843,0.1627132206324614,143521.38683576783,4,2,2,0.5,2,compartmentalized,1,2,False
inh_BC,864691135293026230,inhibitory,BC,72,5,598.0,22310.55683038277,0.0499712766701918,121112.46360716708,5,5,0,1.0,1,nonlinear-prone,1,0,False
inh_BC,864691135293026230,inhibitory,BC,73,5,596.0,19385.62312804652,0.0434927895009091,155663.00040269358,2,0,2,0.0,1,nonlinear-prone,1,0,False
inh_BC,864691135293026230,inhibitory,BC,74,5,590.4347826086956,65025.02774114425,0.1465734149964211,178482.70270924244,13,9,4,0.6923076923076923,2,compartmentalized,1,2,False
inh_BC,864691135293026230,inhibitory,BC,75,2,932.0,4489.608882736295,0.008054919041949,19711.060110343067,1,1,0,1.0,0,summation-like,0,0,False
inh_BC,864691135293026230,inhibitory,BC,76,2,1148.0,4477.653510178708,0.0072383598056224,19705.082424064276,4,1,3,0.25,0,summation-like,0,0,False
inh_BC,864691135293026230,inhibitory,BC,77,3,811.3333333333334,11951.941706162685,0.0229826145836565,27931.83540479256,3,2,1,0.6666666666666666,0,summation-like,0,0,False
inh_BC,864691135293026230,inhibitory,BC,78,3,838.0,12021.378115175734,0.0227453631709964,27966.553609299084,2,0,2,0.0,0,summation-like,0,0,False
inh_BC,864691135293026230,inhibitory,BC,79,6,591.1875,46128.02806920161,0.1039113280174118,188419.82600131765,3,1,2,0.3333333333333333,1,nonlinear-prone,2,2,False
inh_BC,864691135293026230,inhibitory,BC,80,6,406.0,12156.087863388117,0.0330439107924769,171433.8558984109,1,1,0,1.0,1,nonlinear-prone,2,0,False
inh_BC,864691135293026230,inhibitory,BC,81,4,686.6962962962963,200305.1981682556,0.418668700825655,134060.4053420017,43,19,24,0.4418604651162791,2,compartmentalized,1,2,False
inh_BC,864691135293026230,inhibitory,BC,82,4,618.9026548672566,166656.2821177187,0.3669197961787504,117235.94731673326,37,19,18,0.5135135135135135,2,compartmentalized,1,2,False
inh_BC,864691135293026230,inhibitory,BC,83,3,1273.3333333333333,3008.9240092811388,0.00461849835194,25864.228191359336,0,0,0,,0,summation-like,0,0,False
inh_BC,864691135293026230,inhibitory,BC,84,3,665.7471264367816,126191.45271066752,0.267877302534192,87455.49254205253,39,22,17,0.5641025641025641,2,compartmentalized,0,2,False
inh_BC,864691135293026230,inhibitory,BC,85,4,1218.4,13536.430154329628,0.0212407490961996,34136.90527316472,6,3,3,0.5,0,summation-like,1,0,False
inh_BC,864691135293026230,inhibitory,BC,86,4,821.0322580645161,44137.98790070938,0.084370971189978,49437.68414635459,16,8,8,0.5,1,nonlinear-prone,1,0,False
inh_BC,864691135293026230,inhibitory,BC,87,5,849.6883116883117,113874.82034037952,0.2139727705830522,97842.5305205193,45,26,19,0.5777777777777777,2,compartmentalized,1,2,False
inh_BC,864691135293026230,inhibitory,BC,88,5,675.3714285714286,49180.168601252895,0.1036523847996329,65495.20465095598,17,14,3,0.8235294117647058,1,nonlinear-prone,1,0,False
inh_BC,864691135293026230,inhibitory,BC,89,2,687.8225806451613,183474.37203780032,0.383175579325686,107174.48584994316,56,38,18,0.6785714285714286,2,compartmentalized,0,2,False
inh_BC,864691135293026230,inhibitory,BC,90,2,1078.0,33275.02459329239,0.0555097960989146,32074.81212768919,12,8,4,0.6666666666666666,1,nonlinear-prone,0,0,False
inh_BC_2,864691135135829529,inhibitory,BC,0,0,1917.8947368421052,31543.969654454027,0.0394515971654804,15771.984827227014,25,7,18,0.28,1,nonlinear-prone,0,0,False
inh_BC_2,864691135135829529,inhibitory,BC,1,1,1347.8620689655172,97576.99939272388,0.1455745178612058,48788.49969636194,34,10,24,0.2941176470588235,2,compartmentalized,0,2,False
inh_BC_2,864691135135829529,inhibitory,BC,2,1,894.8322981366459,250250.7435252463,0.4582106491313739,125125.37176262317,66,34,32,0.5151515151515151,2,compartmentalized,0,2,False
inh_BC_2,864691135135829529,inhibitory,BC,3,1,1559.1538461538462,48085.38165507192,0.0667005184437957,24042.69082753596,27,7,20,0.2592592592592592,1,nonlinear-prone,0,0,False
inh_BC_2,864691135135829529,inhibitory,BC,4,1,4088.8,18650.504610042677,0.015975456610318,9325.25230502134,4,1,3,0.25,0,summation-like,0,0,False
inh_BC_2,864691135135829529,inhibitory,BC,5,1,8571.0,13484.474034978151,0.0079777218679463,6742.237017489077,10,0,10,0.0,0,summation-like,0,0,False
inh_BC_2,864691135135829529,inhibitory,BC,6,1,836.7121212121212,212300.9042027684,0.4019985077484796,106150.4521013842,35,11,24,0.3142857142857143,2,compartmentalized,0,2,False
inh_BC_2,864691135135829529,inhibitory,BC,7,1,3138.75,22870.55090634419,0.0223593353957624,11435.275453172097,18,4,14,0.2222222222222222,0,summation-like,0,0,False
inh_BC_2,864691135135829529,inhibitory,BC,8,1,2253.0,26742.240480992292,0.030858713857888,13371.120240496146,14,3,11,0.2142857142857142,1,nonlinear-prone,0,0,False
inh_BC_2,864691135135829529,inhibitory,BC,9,1,3278.8571428571427,19515.612765624617,0.0186673027874656,9757.806382812309,5,1,4,0.2,0,summation-like,0,0,False
inh_BC_2,864691135135829529,inhibitory,BC,10,1,3970.4,19602.05217719536,0.0170390366531271,9801.02608859768,19,3,16,0.1578947368421052,0,summation-like,0,0,False
inh_BC_2,864691135135829529,inhibitory,BC,11,1,8491.0,23408.828420064085,0.0139142847034315,11704.414210032042,12,6,6,0.5,0,summation-like,0,0,False
inh_BC_2,864691135135829529,inhibitory,BC,12,1,5893.6,15847.929982843596,0.0113068815544869,7923.964991421798,12,3,9,0.25,0,summation-like,0,0,False
inh_BC_2,864691135135829529,inhibitory,BC,13,4,565.2631578947369,83687.19373545985,0.1927943454563626,183483.96730690595,7,3,4,0.4285714285714285,2,compartmentalized,1,2,False
inh_BC_2,864691135135829529,inhibitory,BC,14,4,634.4888888888889,64014.73134251555,0.1391965732617817,173647.73611043382,6,2,4,0.3333333333333333,2,compartmentalized,1,2,False
inh_BC_2,864691135135829529,inhibitory,BC,15,3,643.3947368421053,112519.32829935428,0.2429679594533186,113287.02925610665,12,6,6,0.5,2,compartmentalized,0,2,False
inh_BC_2,864691135135829529,inhibitory,BC,16,3,728.0,25764.308546572654,0.0523014138527952,69909.51937971583,4,3,1,0.75,1,nonlinear-prone,0,0,False
inh_BC_2,864691135135829529,inhibitory,BC,17,1,884.9787234042553,69026.71475599405,0.1270900108395211,66057.32703245105,15,5,10,0.3333333333333333,2,compartmentalized,0,2,False
inh_BC_2,864691135135829529,inhibitory,BC,18,1,769.0,3193.8329966346028,0.0063082611049305,33140.88615277133,0,0,0,,0,summation-like,0,0,False
inh_BC_2,864691135135829529,inhibitory,BC,19,2,861.1692307692308,95761.1419633867,0.1787333896111151,82618.37363278198,36,9,27,0.25,2,compartmentalized,0,2,False
inh_BC_2,864691135135829529,inhibitory,BC,20,2,787.2432432432432,51927.01309208819,0.1013676780517093,60701.30919713272,16,6,10,0.375,1,nonlinear-prone,0,0,False
inh_BC_2,864691135135829529,inhibitory,BC,21,2,1823.7142857142856,9052.952666498377,0.0116110762472672,18010.950368227343,9,3,6,0.3333333333333333,0,summation-like,0,0,False
inh_BC_2,864691135135829529,inhibitory,BC,22,2,627.4246575342465,106108.221677814,0.2320218430416745,66538.58487388516,30,13,17,0.4333333333333333,2,compartmentalized,0,2,False
inh_BC_2,864691135135829529,inhibitory,BC,23,2,667.5620437956204,203723.7579265746,0.4318734322733661,202432.56337373535,7,3,4,0.4285714285714285,2,compartmentalized,0,2,False
inh_BC_2,864691135135829529,inhibitory,BC,24,2,604.4444444444445,10250.661238538098,0.0228367508382556,105696.01502971712,0,0,0,,0,summation-like,0,0,False
inh_BC_2,864691135135829529,inhibitory,BC,25,3,1367.7142857142858,9039.451249688836,0.0133876701253645,27057.152326320946,2,0,2,0.0,0,summation-like,0,0,False
inh_BC_2,864691135135829529,inhibitory,BC,26,3,1063.2592592592594,37480.47798314901,0.0629573096980419,41277.66569305104,21,11,10,0.5238095238095238,1,nonlinear-prone,0,0,False
inh_BC_2,864691135135829529,inhibitory,BC,27,4,917.8222222222222,65947.50920213648,0.1192284066692502,64550.632552233605,37,7,30,0.1891891891891892,2,compartmentalized,1,2,False
inh_BC_2,864691135135829529,inhibitory,BC,28,4,932.7407407407408,37976.625765356344,0.0681077493419122,50565.19083384353,10,1,9,0.1,1,nonlinear-prone,1,0,False
inh_BC_2,864691135135829529,inhibitory,BC,29,2,674.8455284552846,182257.3414202321,0.3842761854739402,117870.91119110832,55,34,21,0.6181818181818182,2,compartmentalized,0,2,False
inh_BC_2,864691135135829529,inhibitory,BC,30,2,648.0370370370371,158923.19999760573,0.3419385098547367,106203.84047979517,30,12,18,0.4,2,compartmentalized,0,2,False
inh_BC_2,864691135135829529,inhibitory,BC,31,3,646.2352941176471,49468.50276257674,0.1065845011018257,155233.1959957637,4,2,2,0.5,1,nonlinear-prone,0,2,False
inh_BC_2,864691135135829529,inhibitory,BC,32,3,619.1,57128.51434772787,0.1257572858158552,159063.20178833927,13,6,7,0.4615384615384615,2,compartmentalized,0,2,False
inh_BC_2,864691135135829529,inhibitory,BC,33,5,645.2289156626506,122282.48870778324,0.2636744115028144,158665.63150719347,15,3,12,0.2,2,compartmentalized,1,2,False
inh_BC_2,864691135135829529,inhibitory,BC,34,5,661.8285714285714,48881.90537891669,0.1040725024554598,121965.3398427602,23,9,14,0.391304347826087,1,nonlinear-prone,1,2,False
inh_BC_2,864691135135829529,inhibitory,BC,35,4,624.0,67320.7557126222,0.147610521658912,213627.82523336317,10,4,6,0.4,2,compartmentalized,1,2,False
inh_BC_2,864691135135829529,inhibitory,BC,36,4,455.5,8771.522345520847,0.0225108249493177,184353.2085498125,0,0,0,,0,summation-like,1,0,False
inh_BC_2,864691135135829529,inhibitory,BC,37,4,694.8571428571429,7016.789791061126,0.0145797920713675,183475.84227258264,0,0,0,,0,summation-like,1,0,False
inh_BC_2,864691135135829529,inhibitory,BC,38,4,542.1463414634146,59865.04293904565,0.1408236705661346,112724.19512252498,7,3,4,0.4285714285714285,2,compartmentalized,1,2,False
inh_BC_2,864691135135829529,inhibitory,BC,39,4,536.1818181818181,13944.767110841884,0.0329849516193756,89764.0572084231,1,1,0,1.0,1,nonlinear-prone,1,0,False
inh_BC_2,864691135135829529,inhibitory,BC,40,4,607.8974358974359,56695.66227070721,0.1259491683904792,156700.33249760992,12,10,2,0.8333333333333334,2,compartmentalized,1,2,False
inh_BC_2,864691135135829529,inhibitory,BC,41,4,414.2857142857143,7738.10267581472,0.020823088093305,132221.55270016368,0,0,0,,0,summation-like,1,0,False
inh_BC_2,864691135135829529,inhibitory,BC,42,3,552.8148148148148,78562.65441838726,0.1830151067312743,125946.14295237046,14,5,9,0.3571428571428571,2,compartmentalized,0,2,False
inh_BC_2,864691135135829529,inhibitory,BC,43,3,567.7209302325581,61339.855662431466,0.141005458225616,117334.74357439256,6,4,2,0.6666666666666666,2,compartmentalized,0,2,False
inh_BC_2,864691135135829529,inhibitory,BC,44,2,834.4363636363636,81177.13553518389,0.1539209513341199,88673.94942266386,14,4,10,0.2857142857142857,2,compartmentalized,0,2,False
inh_BC_2,864691135135829529,inhibitory,BC,45,2,646.0370370370371,159254.2042869072,0.3431806761031043,127712.48379852551,41,20,21,0.4878048780487805,2,compartmentalized,0,2,False
inh_BC_2,864691135135829529,inhibitory,BC,46,2,860.1428571428571,61354.25817210341,0.1145829616157989,50279.18126324707,30,13,17,0.4333333333333333,1,nonlinear-prone,0,2,False
inh_BC_2,864691135135829529,inhibitory,BC,47,2,1242.6666666666667,1553.5623858920114,0.0024138595694135,20378.833370141365,0,0,0,,0,summation-like,0,0,False
inh_BC_2,864691135135829529,inhibitory,BC,48,5,577.6,20738.12619372431,0.0472624845017177,129571.10540507975,0,0,0,,1,nonlinear-prone,1,0,False
inh_BC_2,864691135135829529,inhibitory,BC,49,5,736.0,15191.303390200444,0.0306702105523453,126797.69400331784,2,1,1,0.5,1,nonlinear-prone,1,0,False
inh_BC_2,864691135135829529,inhibitory,BC,50,3,637.1868131868132,134100.50228760365,0.290976316797107,141498.06908429414,34,24,10,0.7058823529411765,2,compartmentalized,0,2,False
inh_BC_2,864691135135829529,inhibitory,BC,51,3,692.8421052631579,53904.68342176399,0.1121682620292259,101400.15965137431,20,14,6,0.7,1,nonlinear-prone,0,2,False
inh_BC_2,864691135135829529,inhibitory,BC,52,3,656.253164556962,116580.26222308112,0.2492584843295656,187552.64830179635,8,3,5,0.375,2,compartmentalized,0,2,False
inh_BC_2,864691135135829529,inhibitory,BC,53,3,597.0526315789474,53672.22446118231,0.1203106059211476,156098.62942084696,8,4,4,0.5,2,compartmentalized,0,2,False
inh_BC_2,864691135135829529,inhibitory,BC,54,2,727.5643564356436,150096.42973241516,0.3047861878891016,172625.21425893146,16,5,11,0.3125,2,compartmentalized,0,2,False
inh_BC_2,864691135135829529,inhibitory,BC,55,2,727.3535353535353,146122.3812342513,0.2967594730515236,170638.19000984955,20,9,11,0.45,2,compartmentalized,0,2,False
inh_BC_2,864691135135829529,inhibitory,BC,56,3,646.7,118016.5634465902,0.2541863126263181,139964.59207259386,35,24,11,0.6857142857142857,2,compartmentalized,0,2,False
inh_BC_2,864691135135829529,inhibitory,BC,57,3,522.9090909090909,13185.512668211555,0.0315823579591909,87549.06668340456,6,3,3,0.5,1,nonlinear-prone,0,0,False
inh_BC_2,864691135135829529,inhibitory,BC,58,4,840.6666666666666,7527.9485764747005,0.0142208435101068,98002.63113244552,3,2,1,0.6666666666666666,0,summation-like,1,0,False
inh_BC_2,864691135135829529,inhibitory,BC,59,4,625.7647058823529,72762.06752916439,0.1593162685898687,130619.69060879038,6,2,4,0.3333333333333333,2,compartmentalized,1,2,False
inh_BC_2,864691135135829529,inhibitory,BC,60,5,687.0212765957447,68708.89990956952,0.1435782081241436,136121.05537546764,9,6,3,0.6666666666666666,2,compartmentalized,1,2,False
inh_BC_2,864691135135829529,inhibitory,BC,61,5,596.6666666666666,37855.276834272816,0.0848830870553247,120694.24383781927,3,1,2,0.3333333333333333,1,nonlinear-prone,1,0,False
inh_BC_2,864691135135829529,inhibitory,BC,62,3,856.6792452830189,78165.98949074118,0.146274739914287,60238.60930845796,27,14,13,0.5185185185185185,2,compartmentalized,0,2,False
inh_BC_2,864691135135829529,inhibitory,BC,63,3,725.7391304347826,134635.89852974142,0.2737355673845778,88473.56382795807,36,20,16,0.5555555555555556,2,compartmentalized,0,2,False
inh_BC_2,864691135135829529,inhibitory,BC,64,2,995.5714285714286,19327.307121027476,0.033550250178884,29179.266326138357,8,3,5,0.375,1,nonlinear-prone,0,0,False
inh_BC_2,864691135135829529,inhibitory,BC,65,2,912.5185185185184,37511.75234080489,0.068015381198883,38271.48893602706,15,5,10,0.3333333333333333,1,nonlinear-prone,0,0,False
inh_BC_2,864691135135829529,inhibitory,BC,66,3,731.6851851851852,160346.83995091694,0.3246825154340725,109840.03008933803,23,14,9,0.6086956521739131,2,compartmentalized,0,2,False
inh_BC_2,864691135135829529,inhibitory,BC,67,3,636.8163265306123,70535.38372764907,0.1530948445390591,64934.30197770412,11,5,6,0.4545454545454545,2,compartmentalized,0,2,False
inh_BC_2,864691135135829529,inhibitory,BC,68,3,686.6434782608695,169570.1902665531,0.3544414341048632,123628.01501992864,42,23,19,0.5476190476190477,2,compartmentalized,0,2,False
inh_BC_2,864691135135829529,inhibitory,BC,69,3,655.9298245614035,167886.61274918416,0.35904427408224,122786.22626124416,35,13,22,0.3714285714285714,2,compartmentalized,0,2,False
inh_BC_2,864691135135829529,inhibitory,BC,70,4,656.4117647058823,150928.55103397107,0.3226590508633439,135482.18020161107,22,12,10,0.5454545454545454,2,compartmentalized,1,2,False
inh_BC_2,864691135135829529,inhibitory,BC,71,4,635.1578947368421,110343.18654271464,0.2398089009200011,115189.49795598286,38,20,18,0.5263157894736842,2,compartmentalized,1,2,False
inh_BC_2,864691135135829529,inhibitory,BC,72,4,741.2307692307693,18120.07014260165,0.0364538819073713,108381.63912512935,3,1,2,0.3333333333333333,1,nonlinear-prone,1,0,False
inh_BC_2,864691135135829529,inhibitory,BC,73,4,505.0,9008.966985591367,0.0219578560533638,103826.08754662424,2,1,1,0.5,0,summation-like,1,0,False
inh_BC_2,864691135135829529,inhibitory,BC,74,4,465.7142857142857,7644.656638583327,0.0194025508850301,103143.9323731202,2,1,1,0.5,0,summation-like,1,0,False
inh_BC_2,864691135135829529,inhibitory,BC,75,3,595.5555555555555,24685.02257731333,0.0554029660865199,260015.9404137957,1,0,1,0.0,1,nonlinear-prone,0,1,False
inh_BC_2,864691135135829529,inhibitory,BC,76,3,494.0,7838.577166925361,0.0193167647607178,251592.7177086017,0,0,0,,0,summation-like,0,1,False
inh_BC_2,864691135135829529,inhibitory,BC,77,5,549.6296296296297,38666.86566267949,0.0903367638184224,136775.10702776993,10,5,5,0.5,1,nonlinear-prone,1,2,False
inh_BC_2,864691135135829529,inhibitory,BC,78,5,451.5,9152.523919423624,0.0235924271446487,122017.936156142,1,0,1,0.0,0,summation-like,1,0,False
inh_BC_2,864691135135829529,inhibitory,BC,79,5,430.2857142857143,7642.081579414151,0.020178730174595,121262.71498613726,0,0,0,,0,summation-like,1,0,False
inh_BC_2,864691135135829529,inhibitory,BC,80,2,998.7272727272727,31294.07312974409,0.0542374503665923,39055.86498493613,11,3,8,0.2727272727272727,1,nonlinear-prone,0,0,False
inh_BC_2,864691135135829529,inhibitory,BC,81,2,690.7241379310345,83709.58269400199,0.174455026751999,65263.61976706508,23,11,12,0.4782608695652174,2,compartmentalized,0,2,False
inh_BC_2,864691135135829529,inhibitory,BC,82,5,948.5454545454544,31355.60385141177,0.0557630760477115,85231.3056422276,12,5,7,0.4166666666666667,1,nonlinear-prone,1,0,False
inh_BC_2,864691135135829529,inhibitory,BC,83,5,624.0,2119.897686232192,0.0046481831645509,70613.45255963781,0,0,0,,0,summation-like,1,0,False
inh_BC_2,864691135135829529,inhibitory,BC,84,6,1005.2,13494.581220006356,0.0233127657020294,107656.39817793666,9,4,5,0.4444444444444444,0,summation-like,2,0,False
inh_BC_2,864691135135829529,inhibitory,BC,85,6,635.3333333333334,1712.5936906097431,0.0037214667773393,101765.40441323834,0,0,0,,0,summation-like,2,0,False
inh_BC_2,864691135135829529,inhibitory,BC,86,3,755.4102564102565,115331.13102481938,0.2298347749641197,112368.46706221784,19,7,12,0.3684210526315789,2,compartmentalized,0,2,False
inh_BC_2,864691135135829529,inhibitory,BC,87,3,817.1304347826087,31713.283085980107,0.060765368838995,70559.54309279822,6,5,1,0.8333333333333334,1,nonlinear-prone,0,0,False
inh_BC_2,864691135135829529,inhibitory,BC,88,2,1567.3333333333333,2947.970516524986,0.0040785245238861,20124.48986830517,2,0,2,0.0,0,summation-like,0,0,False
inh_BC_2,864691135135829529,inhibitory,BC,89,2,1101.111111111111,11016.105503836909,0.0181833183125966,24158.55736196113,4,2,2,0.5,0,summation-like,0,0,False
inh_BC_2,864691135135829529,inhibitory,BC,90,3,909.3827160493828,120041.89531260837,0.218031942136627,81619.42278287184,31,19,12,0.6129032258064516,2,compartmentalized,0,2,False
inh_BC_2,864691135135829529,inhibitory,BC,91,3,969.8,72640.18171764052,0.1277604578277773,57918.56598538792,24,16,8,0.6666666666666666,2,compartmentalized,0,2,False
inh_BC_2,864691135135829529,inhibitory,BC,92,2,1266.8,13527.97151091649,0.0208180132206634,29634.536661802435,4,0,4,0.0,0,summation-like,0,0,False
inh_BC_2,864691135135829529,inhibitory,BC,93,2,941.8888888888888,51577.267034148135,0.0920490088632274,48659.18442341826,24,9,15,0.375,1,nonlinear-prone,0,0,False
inh_BC_2,864691135135829529,inhibitory,BC,94,3,1207.25,10538.082256525526,0.0166120643407597,41667.56354552344,12,7,5,0.5833333333333334,0,summation-like,0,0,False
inh_BC_2,864691135135829529,inhibitory,BC,95,3,679.9285714285714,122763.4427247032,0.2578683497026123,97780.24377961228,23,15,8,0.6521739130434783,2,compartmentalized,0,2,False
inh_BC_2,864691135135829529,inhibitory,BC,96,4,750.1090909090909,162456.8577473956,0.3248900879839069,128165.033547484,41,29,12,0.7073170731707317,2,compartmentalized,1,2,False
inh_BC_2,864691135135829529,inhibitory,BC,97,4,820.12,72265.43763443141,0.1382141677233179,83069.32349100191,19,9,10,0.4736842105263157,2,compartmentalized,1,2,False
inh_BC_2,864691135135829529,inhibitory,BC,98,4,707.9574468085107,69055.14093743858,0.142152030050947,120943.75510450757,12,9,3,0.75,2,compartmentalized,1,2,False
inh_BC_2,864691135135829529,inhibitory,BC,99,4,495.0,8913.60541273602,0.0219437796051025,90872.98734215628,1,0,1,0.0,0,summation-like,1,0,False
inh_MC,864691135273485073,inhibitory,MC,0,0,2451.1111111111113,17984.61516980795,0.0198966645219954,8992.307584903974,17,8,9,0.4705882352941176,0,summation-like,0,0,False
inh_MC,864691135273485073,inhibitory,MC,1,1,1514.5555555555557,37811.04248732339,0.0532153195822139,18905.521243661697,26,12,14,0.4615384615384615,1,nonlinear-prone,0,0,False
inh_MC,864691135273485073,inhibitory,MC,2,1,1695.8333333333333,29244.22823622047,0.038896382141823,14622.114118110236,19,4,15,0.2105263157894736,1,nonlinear-prone,0,0,False
inh_MC,864691135273485073,inhibitory,MC,3,1,1876.3636363636365,26308.49380360335,0.0332658104313795,13154.246901801676,11,6,5,0.5454545454545454,1,nonlinear-prone,0,0,False
inh_MC,864691135273485073,inhibitory,MC,4,1,1106.344827586207,54454.18907551599,0.0896698962862657,27227.094537757996,22,11,11,0.5,1,nonlinear-prone,0,0,False
inh_MC,864691135273485073,inhibitory,MC,5,1,1282.857142857143,40571.49386079612,0.0620429555161516,20285.74693039806,19,9,10,0.4736842105263157,1,nonlinear-prone,0,0,False
inh_MC,864691135273485073,inhibitory,MC,6,1,1698.4,33710.53732400659,0.044802919170424,16855.268662003295,21,11,10,0.5238095238095238,1,nonlinear-prone,0,0,False
inh_MC,864691135273485073,inhibitory,MC,7,1,3263.2,17028.867740853395,0.0163276827603202,8514.433870426697,22,9,13,0.4090909090909091,0,summation-like,0,0,False
inh_MC,864691135273485073,inhibitory,MC,8,1,1776.3636363636365,25976.810254790835,0.0337582956508905,12988.405127395416,16,12,4,0.75,1,nonlinear-prone,0,0,False
inh_MC,864691135273485073,inhibitory,MC,9,1,1096.909090909091,13797.764275800551,0.0228183391370555,24883.497307708225,5,0,5,0.0,0,summation-like,0,0,False
inh_MC,864691135273485073,inhibitory,MC,10,1,785.2244897959183,70543.71806675672,0.1378865975289196,53256.474203186306,35,18,17,0.5142857142857142,2,compartmentalized,0,2,False
inh_MC,864691135273485073,inhibitory,MC,11,2,970.8,6015.442232239918,0.0105745843076701,29316.21491972331,8,5,3,0.625,0,summation-like,0,0,False
inh_MC,864691135273485073,inhibitory,MC,12,2,567.936507936508,91300.70076746342,0.209838341418625,71958.84418733505,34,27,7,0.7941176470588235,2,compartmentalized,0,2,False
inh_MC,864691135273485073,inhibitory,MC,13,3,759.4814814814815,39017.67360590687,0.0775467148539371,51832.77283879671,17,12,5,0.7058823529411765,1,nonlinear-prone,0,0,False
inh_MC,864691135273485073,inhibitory,MC,14,3,724.1463414634146,58800.252265001254,0.1196813959782445,61724.062168343895,19,13,6,0.6842105263157895,2,compartmentalized,0,2,False
inh_MC,864691135273485073,inhibitory,MC,15,4,604.1666666666666,69531.69635968017,0.1549405424344187,137619.1397710107,35,19,16,0.5428571428571428,2,compartmentalized,1,2,False
inh_MC,864691135273485073,inhibitory,MC,16,4,484.5882352941176,22440.752814150423,0.0558356551391765,114073.66799824584,5,3,2,0.6,1,nonlinear-prone,1,0,False
inh_MC,864691135273485073,inhibitory,MC,17,3,693.7882352941176,125459.4740957355,0.260885910161404,150649.58791571172,34,17,17,0.5,2,compartmentalized,0,2,False
inh_MC,864691135273485073,inhibitory,MC,18,3,477.1428571428572,18545.364751530604,0.04650201730578,97192.53324360929,3,1,2,0.3333333333333333,1,nonlinear-prone,0,0,False
inh_MC,864691135273485073,inhibitory,MC,19,3,462.8888888888889,25168.570310270436,0.064073846373748,149743.32016437728,5,4,1,0.8,1,nonlinear-prone,0,0,False
inh_MC,864691135273485073,inhibitory,MC,20,3,375.55555555555554,10534.328789617974,0.0297735349814708,142426.19940405106,1,0,1,0.0,1,nonlinear-prone,0,0,False
inh_MC,864691135273485073,inhibitory,MC,21,4,712.2528735632184,128841.78519766605,0.2644236257807429,135762.50224058316,50,28,22,0.56,2,compartmentalized,1,2,False
inh_MC,864691135273485073,inhibitory,MC,22,4,441.44,34624.08270960783,0.0902616072025591,88653.65099655406,14,8,6,0.5714285714285714,1,nonlinear-prone,1,0,False
inh_MC,864691135273485073,inhibitory,MC,23,4,508.6666666666667,10424.240051672352,0.0253156097221755,181221.9940521894,1,1,0,1.0,0,summation-like,1,0,False
inh_MC,864691135273485073,inhibitory,MC,24,4,616.2857142857143,8995.319822698695,0.019846603164136,180507.5339377026,0,0,0,,0,summation-like,1,0,False
inh_MC,864691135273485073,inhibitory,MC,25,4,610.1428571428571,82157.48586174569,0.1821763524746807,107769.64356536126,24,14,10,0.5833333333333334,2,compartmentalized,1,2,False
inh_MC,864691135273485073,inhibitory,MC,26,4,566.6857142857143,49829.27989358133,0.1146500124187863,91605.54058127909,20,8,12,0.4,1,nonlinear-prone,1,2,False
inh_MC,864691135273485073,inhibitory,MC,27,2,618.1100917431193,161512.56524401787,0.3558230067050418,112538.66206761744,48,28,20,0.5833333333333334,2,compartmentalized,0,2,False
inh_MC,864691135273485073,inhibitory,MC,28,2,991.1428571428572,7715.1406267376415,0.0134225906642805,35639.949758977324,2,1,1,0.5,0,summation-like,0,0,False
inh_MC,864691135273485073,inhibitory,MC,29,2,1314.2857142857142,8944.800730097633,0.013514077451359,21501.26810590221,3,2,1,0.6666666666666666,0,summation-like,0,0,False
inh_MC,864691135273485073,inhibitory,MC,30,2,798.4615384615385,17010.63656063843,0.0329726758070582,25534.18602117261,5,2,3,0.4,1,nonlinear-prone,0,0,False
inh_MC,864691135273485073,inhibitory,MC,31,3,1069.3333333333333,7540.950007447601,0.0126307790054091,29744.14347467483,2,1,1,0.5,0,summation-like,0,0,False
inh_MC,864691135273485073,inhibitory,MC,32,3,612.2857142857143,49693.84281920611,0.1099983437462159,50820.589880554086,28,21,7,0.75,1,nonlinear-prone,0,2,False
inh_MC,864691135273485073,inhibitory,MC,33,4,742.4,5926.776525997866,0.0119140713838213,36478.00674139756,6,3,3,0.5,0,summation-like,1,0,False
inh_MC,864691135273485073,inhibitory,MC,34,4,785.3333333333334,6305.35038795537,0.0123237487894292,36667.29367237632,3,1,2,0.3333333333333333,0,summation-like,1,0,False
inh_MC,864691135273485073,inhibitory,MC,35,5,549.8529411764706,100006.5376630238,0.233596183463841,89823.2376978659,55,43,12,0.7818181818181819,2,compartmentalized,1,2,False
inh_MC,864691135273485073,inhibitory,MC,36,5,578.6875,92519.73793027618,0.2106555814734978,86079.8378314921,54,48,6,0.8888888888888888,2,compartmentalized,1,2,False
inh_MC,864691135273485073,inhibitory,MC,37,5,577.1627906976744,126685.88687368408,0.2888282714391367,102784.33844123852,61,42,19,0.6885245901639344,2,compartmentalized,1,2,False
inh_MC,864691135273485073,inhibitory,MC,38,5,699.3333333333334,10623.787952220897,0.0220038110279548,44753.28898050695,4,3,1,0.75,0,summation-like,1,0,False
inh_MC,864691135273485073,inhibitory,MC,39,2,833.0,7503.184999475817,0.0142391406953505,58205.7815752539,6,4,2,0.6666666666666666,0,summation-like,0,0,False
inh_MC,864691135273485073,inhibitory,MC,40,2,449.0,14852.839211370494,0.0383925480518866,61880.60868120123,3,2,1,0.6666666666666666,1,nonlinear-prone,0,0,False
inh_MC,864691135273485073,inhibitory,MC,41,3,714.4,5986.455288228533,0.0122676011513803,64950.601719106075,2,1,1,0.5,0,summation-like,0,0,False
inh_MC,864691135273485073,inhibitory,MC,42,3,498.0851063829787,67782.52129041904,0.1663514415300513,95848.63472020131,10,8,2,0.8,2,compartmentalized,0,2,False
inh_MC,864691135273485073,inhibitory,MC,43,4,589.2162162162163,109612.72900127238,0.2473342569514983,122750.19386385652,22,16,6,0.7272727272727273,2,compartmentalized,1,2,False
inh_MC,864691135273485073,inhibitory,MC,44,4,477.8064516129032,43162.446243617385,0.1081535235763296,89525.05248502904,8,6,2,0.75,1,nonlinear-prone,1,2,False
inh_MC,864691135273485073,inhibitory,MC,45,2,708.6666666666666,177608.8913766777,0.3654301095161097,126615.48817566223,66,34,32,0.5151515151515151,2,compartmentalized,0,2,False
inh_MC,864691135273485073,inhibitory,MC,46,2,721.2888888888889,131281.54997085824,0.2677378070121894,103451.8174727525,47,32,15,0.6808510638297872,2,compartmentalized,0,2,False
inh_MC,864691135273485073,inhibitory,MC,47,2,829.5714285714286,19454.141602151685,0.0369952364183887,50298.56466187196,11,9,2,0.8181818181818182,1,nonlinear-prone,0,0,False
inh_MC,864691135273485073,inhibitory,MC,48,2,412.9032258064516,44303.53084397232,0.1194193846176878,62723.25928278228,5,4,1,0.8,2,compartmentalized,0,2,False
inh_MC,864691135273485073,inhibitory,MC,49,2,666.0,75441.36577689653,0.1601153816837328,126249.01612501292,31,21,10,0.6774193548387096,2,compartmentalized,0,2,False
inh_MC,864691135273485073,inhibitory,MC,50,2,621.7,56702.369506815856,0.1245579355305114,116879.5179899726,13,3,10,0.2307692307692307,2,compartmentalized,0,2,False
inh_MC,864691135273485073,inhibitory,MC,51,4,638.258064516129,44300.36260654799,0.0960438924878844,113274.36960411852,21,18,3,0.8571428571428571,1,nonlinear-prone,1,2,False
inh_MC,864691135273485073,inhibitory,MC,52,4,620.5714285714286,38847.564585796,0.0854138969041109,110547.97059374252,12,9,3,0.75,1,nonlinear-prone,1,0,False
inh_MC,864691135273485073,inhibitory,MC,53,3,743.2,117114.53975432029,0.2352981934954363,118582.90534010794,54,33,21,0.6111111111111112,2,compartmentalized,0,2,False
inh_MC,864691135273485073,inhibitory,MC,54,3,621.8181818181819,62789.30454724259,0.137915980685404,91420.2877365691,39,22,17,0.5641025641025641,2,compartmentalized,0,2,False
inh_MC,864691135273485073,inhibitory,MC,55,3,559.0,34535.859584955695,0.080006448664682,118843.22215369547,7,6,1,0.8571428571428571,1,nonlinear-prone,0,0,False
inh_MC,864691135273485073,inhibitory,MC,56,3,448.61538461538464,16656.736928615646,0.0430738282994628,109903.66082552548,5,3,2,0.6,1,nonlinear-prone,0,0,False
inh_MC,864691135273485073,inhibitory,MC,57,6,558.5714285714286,8955.362100905715,0.0207541245863701,54542.86400707025,5,4,1,0.8,0,summation-like,2,0,False
inh_MC,864691135273485073,inhibitory,MC,58,6,528.6415094339623,76348.08941973778,0.1818771625387863,88239.22766648629,35,26,9,0.7428571428571429,2,compartmentalized,2,2,False
inh_MC,864691135273485073,inhibitory,MC,59,7,522.2307692307693,76083.30815304368,0.1823554665703442,97062.19913404496,35,23,12,0.6571428571428571,2,compartmentalized,2,2,False
inh_MC,864691135273485073,inhibitory,MC,60,7,447.46153846153845,74833.31438414135,0.1937660795268247,96437.2022495938,30,21,9,0.7,2,compartmentalized,2,2,False
inh_MC,864691135273485073,inhibitory,MC,61,3,686.4782608695652,136512.3539540071,0.2853771447769828,107753.69704934968,36,27,9,0.75,2,compartmentalized,0,2,False
inh_MC,864691135273485073,inhibitory,MC,62,3,792.2,27193.380562142254,0.0529183639496814,53094.21035341728,8,5,3,0.625,1,nonlinear-prone,0,0,False
inh_MC,864691135273485073,inhibitory,MC,63,4,536.3636363636364,14926.045588573252,0.0353000831086108,143574.17474045997,3,1,2,0.3333333333333333,1,nonlinear-prone,1,0,False
inh_MC,864691135273485073,inhibitory,MC,64,4,489.1111111111111,9819.40147069614,0.0243187853637976,141020.8526815214,0,0,0,,0,summation-like,1,0,False
inh_MC,864691135273485073,inhibitory,MC,65,3,605.8666666666667,43332.921164954576,0.0964250925647405,55705.964883969114,18,13,5,0.7222222222222222,1,nonlinear-prone,0,0,False
inh_MC,864691135273485073,inhibitory,MC,66,3,356.0,24554.97260953732,0.0712812131426912,46316.990606260486,6,5,1,0.8333333333333334,1,nonlinear-prone,0,0,False
inh_MC,864691135273485073,inhibitory,MC,67,2,600.72,111182.22475445124,0.248461979948986,81567.92263201645,48,37,11,0.7708333333333334,2,compartmentalized,0,2,False
inh_MC,864691135273485073,inhibitory,MC,68,2,633.5384615384615,75598.4821064268,0.1645080711113774,63776.05130800424,28,26,2,0.9285714285714286,2,compartmentalized,0,2,False
inh_MC,864691135273485073,inhibitory,MC,69,4,434.0,34122.67484247481,0.0897137128062046,94433.7628876838,7,6,1,0.8571428571428571,1,nonlinear-prone,1,0,False
inh_MC,864691135273485073,inhibitory,MC,70,4,374.57142857142856,7820.027613984162,0.0221310281367447,81282.43927343849,2,2,0,1.0,0,summation-like,1,0,False
inh_MC,864691135273485073,inhibitory,MC,71,2,793.0,7528.286817939101,0.0146426671558465,37474.680732976136,7,6,1,0.8571428571428571,0,summation-like,0,0,False
inh_MC,864691135273485073,inhibitory,MC,72,2,648.5581395348837,125679.12722957994,0.2703020418666038,96550.10093879656,62,46,16,0.7419354838709677,2,compartmentalized,0,2,False
inh_MC,864691135273485073,inhibitory,MC,73,3,654.3809523809524,61614.46744922494,0.1319252730523431,72046.05786655816,21,17,4,0.8095238095238095,2,compartmentalized,0,2,False
inh_MC,864691135273485073,inhibitory,MC,74,3,551.5238095238095,60138.69060084735,0.1402595568480924,71308.16944236937,21,16,5,0.7619047619047619,2,compartmentalized,0,2,False
inh_MC,864691135273485073,inhibitory,MC,75,4,535.2549019607843,74156.74156031366,0.1755621696688155,112745.88207031396,39,31,8,0.7948717948717948,2,compartmentalized,1,2,False
inh_MC,864691135273485073,inhibitory,MC,76,4,374.54545454545456,13848.02778366327,0.0391918972747099,82591.52518198878,8,5,3,0.625,1,nonlinear-prone,1,0,False
inh_MC,864691135273485073,inhibitory,MC,77,2,676.85,58675.6226316235,0.1235299078680257,58582.03955203222,16,10,6,0.625,2,compartmentalized,0,2,False
inh_MC,864691135273485073,inhibitory,MC,78,2,587.3157894736842,110857.98672758264,0.2505484822333403,84673.22160001178,33,24,9,0.7272727272727273,2,compartmentalized,0,2,False
inh_MC_2,864691136119505176,inhibitory,MC,0,0,2575.1428571428573,13537.638404019905,0.0146117715561226,6768.819202009952,6,2,4,0.3333333333333333,0,summation-like,0,0,False
inh_MC_2,864691136119505176,inhibitory,MC,1,1,2046.888888888889,35373.949527781944,0.0428249677829242,17686.974763890972,17,6,11,0.3529411764705882,1,nonlinear-prone,0,0,False
inh_MC_2,864691136119505176,inhibitory,MC,2,1,2760.0,19640.44156920281,0.0204765758281226,9820.220784601404,6,0,6,0.0,0,summation-like,0,0,False
inh_MC_2,864691136119505176,inhibitory,MC,3,1,6693.0,12679.91924264504,0.0084891987691312,6339.95962132252,8,1,7,0.125,0,summation-like,0,0,False
inh_MC_2,864691136119505176,inhibitory,MC,4,1,2201.75,22430.643627169175,0.0261829369728843,11215.321813584587,11,2,9,0.1818181818181818,0,summation-like,0,0,False
inh_MC_2,864691136119505176,inhibitory,MC,5,1,945.2093023255812,73490.98528075463,0.1309274482757181,36745.49264037731,31,18,13,0.5806451612903226,2,compartmentalized,0,2,False
inh_MC_2,864691136119505176,inhibitory,MC,6,1,1846.0,14947.634298619065,0.0190553637327075,21011.455553329437,15,5,10,0.3333333333333333,0,summation-like,0,0,False
inh_MC_2,864691136119505176,inhibitory,MC,7,1,1484.2758620689656,41029.59634913754,0.058331152778658,34052.43657858868,28,8,20,0.2857142857142857,1,nonlinear-prone,0,0,False
inh_MC_2,864691136119505176,inhibitory,MC,8,1,1263.7142857142858,185310.88255152808,0.2855203742854427,106193.07967978394,54,38,16,0.7037037037037037,2,compartmentalized,0,2,False
inh_MC_2,864691136119505176,inhibitory,MC,9,3,936.8571428571428,19515.928873072084,0.0349231305814917,59439.01151066528,8,6,2,0.75,1,nonlinear-prone,0,0,False
inh_MC_2,864691136119505176,inhibitory,MC,10,3,801.6363636363636,128725.96879669826,0.2490222149782327,114044.03147247835,47,32,15,0.6808510638297872,2,compartmentalized,0,2,False
inh_MC_2,864691136119505176,inhibitory,MC,11,2,706.9756097560976,243150.48933245233,0.5008798488185561,150060.51736886514,89,49,40,0.550561797752809,2,compartmentalized,0,2,False
inh_MC_2,864691136119505176,inhibitory,MC,12,2,1219.25,21195.774371490264,0.0332478474360632,39083.1598883841,2,0,2,0.0,1,nonlinear-prone,0,0,False
inh_MC_2,864691136119505176,inhibitory,MC,13,3,920.5,9844.569897464746,0.0177723753866953,47762.98594480546,1,0,1,0.0,0,summation-like,0,0,False
inh_MC_2,864691136119505176,inhibitory,MC,14,3,689.4054054054054,52499.589819686014,0.1095164091234783,69090.4959059161,27,16,11,0.5925925925925926,1,nonlinear-prone,0,2,False
inh_MC_2,864691136119505176,inhibitory,MC,15,4,767.4725274725274,134686.68688536956,0.2662893994047151,136540.3193898861,69,55,14,0.7971014492753623,2,compartmentalized,1,2,False
inh_MC_2,864691136119505176,inhibitory,MC,16,4,693.6385542168674,120933.40975858032,0.2515013457868458,129663.68082649149,49,25,24,0.5102040816326531,2,compartmentalized,1,2,False
inh_MC_2,864691136119505176,inhibitory,MC,17,4,838.6117647058824,125847.99487294254,0.2380271257208943,115609.2683300091,53,41,12,0.7735849056603774,2,compartmentalized,1,2,False
inh_MC_2,864691136119505176,inhibitory,MC,18,4,752.2388059701492,97986.40578706184,0.1956809680591441,101678.47378706875,46,35,11,0.7608695652173914,2,compartmentalized,1,2,False
inh_MC_2,864691136119505176,inhibitory,MC,19,4,847.9402985074627,97673.20062508732,0.1837187190667153,151719.96882977968,36,25,11,0.6944444444444444,2,compartmentalized,1,2,False
inh_MC_2,864691136119505176,inhibitory,MC,20,4,690.952380952381,121799.73776958523,0.2537949181581084,163783.23740202864,36,29,7,0.8055555555555556,2,compartmentalized,1,2,False
inh_MC_2,864691136119505176,inhibitory,MC,21,3,825.8333333333334,88154.13359948783,0.1680185005383131,130154.78485395832,42,35,7,0.8333333333333334,2,compartmentalized,0,2,False
inh_MC_2,864691136119505176,inhibitory,MC,22,3,802.1632653061224,70812.67101411276,0.1369431200792496,121484.0535612708,27,20,7,0.7407407407407407,2,compartmentalized,0,2,False
inh_MC_2,864691136119505176,inhibitory,MC,23,2,850.5625,46423.73701632336,0.087186171813167,45642.51213533085,14,6,8,0.4285714285714285,1,nonlinear-prone,0,0,False
inh_MC_2,864691136119505176,inhibitory,MC,24,2,581.047619047619,60111.18165649821,0.1365872086628331,52486.23445541828,14,12,2,0.8571428571428571,2,compartmentalized,0,2,False
inh_MC_2,864691136119505176,inhibitory,MC,25,2,745.0422535211268,210130.6148060996,0.4216571866592622,159632.54215620726,57,42,15,0.7368421052631579,2,compartmentalized,0,2,False
inh_MC_2,864691136119505176,inhibitory,MC,26,2,1085.304347826087,31510.48330105697,0.0523889772682985,70322.47640368593,13,11,2,0.8461538461538461,1,nonlinear-prone,0,0,False
inh_MC_2,864691136119505176,inhibitory,MC,27,2,1134.923076923077,18058.7756533399,0.0293606534286611,21709.307069314993,5,0,5,0.0,1,nonlinear-prone,0,0,False
inh_MC_2,864691136119505176,inhibitory,MC,28,2,822.7142857142857,39047.94559253018,0.0745648755973591,32203.892038910133,9,5,4,0.5555555555555556,1,nonlinear-prone,0,0,False
inh_MC_2,864691136119505176,inhibitory,MC,29,3,679.0909090909091,113250.96456731274,0.2380337719700099,116880.01564537323,20,17,3,0.85,2,compartmentalized,0,2,False
inh_MC_2,864691136119505176,inhibitory,MC,30,3,548.7142857142857,38436.677189237664,0.089873846643087,79472.8719563357,8,6,2,0.75,1,nonlinear-prone,0,0,False
inh_MC_2,864691136119505176,inhibitory,MC,31,5,649.5873015873016,91762.83339718096,0.1972008030089059,196553.09337919013,43,26,17,0.6046511627906976,2,compartmentalized,1,2,False
inh_MC_2,864691136119505176,inhibitory,MC,32,5,578.6666666666666,10655.393176574888,0.0242614008751174,155999.3732688871,2,1,1,0.5,0,summation-like,1,0,False
inh_MC_2,864691136119505176,inhibitory,MC,33,5,673.3939393939394,47748.18336631156,0.1007819782050798,224430.6608254791,16,8,8,0.5,1,nonlinear-prone,1,2,False
inh_MC_2,864691136119505176,inhibitory,MC,34,5,646.8888888888889,23795.16429384105,0.0512429931395237,212454.15128924383,12,6,6,0.5,1,nonlinear-prone,1,0,False
inh_MC_2,864691136119505176,inhibitory,MC,35,3,889.0,4450.617124937711,0.0081757947762363,32964.00345845379,3,3,0,1.0,0,summation-like,0,0,False
inh_MC_2,864691136119505176,inhibitory,MC,36,3,726.0512820512821,114327.29978392624,0.2323950778204407,87902.34478794807,27,21,6,0.7777777777777778,2,compartmentalized,0,2,False
inh_MC_2,864691136119505176,inhibitory,MC,37,3,775.3207547169811,78066.46243595722,0.1535622342660598,90761.09605315384,17,11,6,0.6470588235294118,2,compartmentalized,0,2,False
inh_MC_2,864691136119505176,inhibitory,MC,38,3,509.7142857142857,8038.127211798471,0.0195007852444384,55746.92844107446,0,0,0,,0,summation-like,0,0,False
inh_MC_2,864691136119505176,inhibitory,MC,39,4,803.7623762376238,149533.53400459938,0.288891915240189,109956.07902322234,16,14,2,0.875,2,compartmentalized,1,2,False
inh_MC_2,864691136119505176,inhibitory,MC,40,4,776.4705882352941,99234.47249862026,0.195056617098583,84806.54827023277,15,10,5,0.6666666666666666,2,compartmentalized,1,2,False
inh_MC_2,864691136119505176,inhibitory,MC,41,4,621.9069767441861,62596.24654278461,0.1374821152190662,188188.51233971943,14,11,3,0.7857142857142857,2,compartmentalized,1,2,False
inh_MC_2,864691136119505176,inhibitory,MC,42,4,525.8181818181819,13546.282427601778,0.0323566054914189,163663.53028212802,5,4,1,0.8,1,nonlinear-prone,1,0,False
inh_MC_2,864691136119505176,inhibitory,MC,43,2,712.5714285714286,166066.2861190242,0.3407437496794402,102673.58462871492,58,39,19,0.6724137931034483,2,compartmentalized,0,2,False
inh_MC_2,864691136119505176,inhibitory,MC,44,2,861.3103448275862,40614.09179251406,0.0757979642538892,39947.48746545984,12,9,3,0.75,1,nonlinear-prone,0,0,False
inh_MC_2,864691136119505176,inhibitory,MC,45,4,596.0,58905.45251792151,0.1321578589398652,203684.577912663,15,10,5,0.6666666666666666,2,compartmentalized,1,2,False
inh_MC_2,864691136119505176,inhibitory,MC,46,4,580.5853658536586,58899.66797565523,0.1338876230775013,203681.68564152985,16,14,2,0.875,2,compartmentalized,1,2,False
inh_MC_2,864691136119505176,inhibitory,MC,47,3,772.2933333333333,110930.04248545808,0.2186344849394609,124319.40188622156,19,13,6,0.6842105263157895,2,compartmentalized,0,2,False
inh_MC_2,864691136119505176,inhibitory,MC,48,3,479.8,27324.936242986176,0.0683265767940548,82516.84876498563,4,3,1,0.75,1,nonlinear-prone,0,0,False
inh_MC_2,864691136119505176,inhibitory,MC,49,2,1048.1538461538462,18048.495613228024,0.0305343809394384,44398.197334395954,4,3,1,0.75,1,nonlinear-prone,0,0,False
inh_MC_2,864691136119505176,inhibitory,MC,50,2,1213.428571428571,7466.751468291152,0.0117404627530189,39107.32526192752,2,1,1,0.5,0,summation-like,0,0,False
inh_MC_2,864691136119505176,inhibitory,MC,51,5,642.5454545454545,63960.8448130987,0.1382047249327709,210513.68817302975,15,14,1,0.9333333333333332,2,compartmentalized,1,2,False
inh_MC_2,864691136119505176,inhibitory,MC,52,5,642.5714285714286,27527.66140453176,0.0594797643931633,192297.09646874623,11,10,1,0.9090909090909092,1,nonlinear-prone,1,0,False
inh_MC_2,864691136119505176,inhibitory,MC,53,5,605.8571428571429,39849.11911072034,0.0886735788013342,223808.22238793108,14,11,3,0.7857142857142857,1,nonlinear-prone,1,2,False
inh_MC_2,864691136119505176,inhibitory,MC,54,5,609.4545454545455,29191.975612429127,0.0647669513260018,218479.65063878548,17,11,6,0.6470588235294118,1,nonlinear-prone,1,0,False
inh_MC_2,864691136119505176,inhibitory,MC,55,4,540.9333333333333,19603.78611275308,0.0461666870785011,188208.90892720403,2,2,0,1.0,1,nonlinear-prone,1,0,False
inh_MC_2,864691136119505176,inhibitory,MC,56,4,477.2,12235.427471133637,0.030678177566498,184524.7296063943,2,2,0,1.0,1,nonlinear-prone,1,0,False
inh_MC_2,864691136119505176,inhibitory,MC,57,3,976.1764705882352,49460.92337622604,0.086707902290013,78152.90682912299,16,12,4,0.75,1,nonlinear-prone,0,0,False
inh_MC_2,864691136119505176,inhibitory,MC,58,3,505.2,11693.382375023351,0.0284950292961304,59269.13632852165,5,4,1,0.8,1,nonlinear-prone,0,0,False
inh_BPC,864691136923311076,inhibitory_BPC,BPC,0,0,1272.0,6010.805031713868,0.0092310204480569,3005.402515856934,4,3,1,0.75,0,summation-like,0,0,True
inh_BPC,864691136923311076,inhibitory_BPC,BPC,1,1,872.2068965517242,40953.23352476598,0.0759519742313796,20476.61676238299,55,18,37,0.3272727272727272,1,nonlinear-prone,0,0,True
inh_BPC,864691136923311076,inhibitory_BPC,BPC,2,3,702.0,56718.677387357624,0.1172514349331973,97036.88876500222,22,16,6,0.7272727272727273,2,compartmentalized,0,2,True
inh_BPC,864691136923311076,inhibitory_BPC,BPC,3,3,597.1111111111111,24098.78678491384,0.054016722592343,80726.94346378032,13,9,4,0.6923076923076923,1,nonlinear-prone,0,0,True
inh_BPC,864691136923311076,inhibitory_BPC,BPC,4,1,790.3103448275862,85014.97875541673,0.1656369575240206,48518.29440942223,66,34,32,0.5151515151515151,2,compartmentalized,0,2,True
inh_BPC,864691136923311076,inhibitory_BPC,BPC,5,1,960.7741935483872,43513.937138808506,0.0768915016780839,27767.77360111812,22,12,10,0.5454545454545454,1,nonlinear-prone,0,0,True
inh_BPC,864691136923311076,inhibitory_BPC,BPC,6,6,1140.571428571429,8923.827324527298,0.014472732708227,inf,5,1,4,0.2,0,summation-like,2,-1,True
inh_BPC,864691136923311076,inhibitory_BPC,BPC,7,6,870.625,45163.418730292906,0.0838362549526015,inf,24,13,11,0.5416666666666666,1,nonlinear-prone,2,-1,True
inh_BPC,864691136923311076,inhibitory_BPC,BPC,8,6,615.5652173913044,66748.75071943544,0.1473556298692793,inf,8,1,7,0.125,2,compartmentalized,2,-1,True
inh_BPC,864691136923311076,inhibitory_BPC,BPC,9,6,699.3333333333334,37645.00081764792,0.0779696929065277,inf,11,5,6,0.4545454545454545,1,nonlinear-prone,2,-1,True
inh_BPC,864691136923311076,inhibitory_BPC,BPC,10,6,1000.3636363636364,15005.567677648947,0.0259856813741978,inf,2,1,1,0.5,0,summation-like,2,-1,True
inh_BPC,864691136923311076,inhibitory_BPC,BPC,11,6,966.1379310344828,40469.38108585582,0.0713128221142897,inf,18,6,12,0.3333333333333333,1,nonlinear-prone,2,-1,True
inh_BPC,864691136923311076,inhibitory_BPC,BPC,12,6,743.5,20983.521729852415,0.0421500913221883,inf,6,3,3,0.5,1,nonlinear-prone,2,-1,True
inh_BPC,864691136923311076,inhibitory_BPC,BPC,13,6,612.5714285714286,82266.45511771904,0.1820560194395321,inf,10,3,7,0.3,2,compartmentalized,2,-1,True
inh_BPC,864691136923311076,inhibitory_BPC,BPC,14,6,908.5,4370.3803377371905,0.0079417716415991,inf,2,1,1,0.5,0,summation-like,2,-1,True
inh_BPC,864691136923311076,inhibitory_BPC,BPC,15,6,672.5714285714286,28653.766060452977,0.0605164064527587,inf,14,9,5,0.6428571428571429,1,nonlinear-prone,2,-1,True
inh_BPC,864691136923311076,inhibitory_BPC,BPC,16,6,806.2857142857143,50972.41148533516,0.0983221406166606,inf,19,5,14,0.2631578947368421,1,nonlinear-prone,2,-1,True
inh_BPC,864691136923311076,inhibitory_BPC,BPC,17,6,596.0618556701031,143259.38945069042,0.3213942170026381,inf,20,11,9,0.55,2,compartmentalized,2,-1,True
inh_BPC,864691136923311076,inhibitory_BPC,BPC,18,2,702.8333333333334,16399.68359017359,0.0338820688824827,57724.58396560917,15,13,2,0.8666666666666667,1,nonlinear-prone,0,0,True
inh_BPC,864691136923311076,inhibitory_BPC,BPC,19,2,936.2857142857144,8187.587686019396,0.0146558966233668,53618.53601353207,6,3,3,0.5,0,summation-like,0,0,True
inh_BPC,864691136923311076,inhibitory_BPC,BPC,20,2,577.0927835051547,143286.5745836402,0.3266956156300619,112596.52081658608,61,49,12,0.8032786885245902,2,compartmentalized,0,2,True
inh_BPC,864691136923311076,inhibitory_BPC,BPC,21,2,773.6,27724.316546557428,0.0545963042934599,54815.39179804469,17,9,8,0.5294117647058824,1,nonlinear-prone,0,0,True
inh_BPC,864691136923311076,inhibitory_BPC,BPC,22,6,656.0952380952381,61284.87214257916,0.1310480215997195,inf,3,1,2,0.3333333333333333,2,compartmentalized,2,-1,True
inh_BPC,864691136923311076,inhibitory_BPC,BPC,23,6,553.7272727272727,30512.078981933195,0.0710206217614425,inf,2,0,2,0.0,1,nonlinear-prone,2,-1,True
inh_BPC,864691136923311076,inhibitory_BPC,BPC,24,3,497.03225806451616,91233.5169941053,0.2241417489465509,111541.18425774862,20,9,11,0.45,2,compartmentalized,0,2,True
inh_BPC,864691136923311076,inhibitory_BPC,BPC,25,3,554.9811320754717,76015.27381819925,0.1767349259854274,103932.0626697956,25,18,7,0.72,2,compartmentalized,0,2,True
inh_BPC,864691136923311076,inhibitory_BPC,BPC,26,4,520.6666666666666,25492.45256597063,0.0611916776101259,138142.45374166637,9,4,5,0.4444444444444444,1,nonlinear-prone,1,0,True
inh_BPC,864691136923311076,inhibitory_BPC,BPC,27,4,578.8,18570.78257734355,0.0422791815492641,134681.61874735283,3,2,1,0.6666666666666666,1,nonlinear-prone,1,0,True
inh_BPC,864691136923311076,inhibitory_BPC,BPC,28,3,701.5555555555555,25192.37358161982,0.0520953165371664,70308.51664735169,16,12,4,0.75,1,nonlinear-prone,0,0,True
inh_BPC,864691136923311076,inhibitory_BPC,BPC,29,3,860.0,5118.2249494530715,0.0095594030111603,60271.44233126831,3,2,1,0.6666666666666666,0,summation-like,0,0,True
inh_BPC,864691136923311076,inhibitory_BPC,BPC,30,6,651.0,25428.539716771127,0.0545872924615517,inf,3,0,3,0.0,1,nonlinear-prone,2,-1,True
inh_BPC,864691136923311076,inhibitory_BPC,BPC,31,6,624.0,46973.06640306124,0.1029952614506161,inf,3,1,2,0.3333333333333333,1,nonlinear-prone,2,-1,True
inh_BPC,864691136923311076,inhibitory_BPC,BPC,32,6,614.0,57628.94996557244,0.1273846647176071,inf,5,2,3,0.4,2,compartmentalized,2,-1,True
inh_BPC,864691136923311076,inhibitory_BPC,BPC,33,6,574.5185185185185,37796.07750632794,0.0863684930847562,inf,2,2,0,1.0,1,nonlinear-prone,2,-1,True
inh_BPC,864691136923311076,inhibitory_BPC,BPC,34,2,694.25,10544.229198980916,0.0219188376912549,96297.89838662103,3,1,2,0.3333333333333333,0,summation-like,0,0,True
inh_BPC,864691136923311076,inhibitory_BPC,BPC,35,2,530.2857142857143,29178.098255305384,0.0694005074529788,105614.83291478328,15,14,1,0.9333333333333332,1,nonlinear-prone,0,0,True
inh_BPC,864691136923311076,inhibitory_BPC,BPC,36,4,529.0416666666666,70187.05847287961,0.1671370490338891,117998.2326746014,15,10,5,0.6666666666666666,2,compartmentalized,1,2,True
inh_BPC,864691136923311076,inhibitory_BPC,BPC,37,4,586.6153846153846,55275.90142871105,0.1250027987473234,110542.65415251712,21,13,8,0.6190476190476191,2,compartmentalized,1,2,True
inh_BPC,864691136923311076,inhibitory_BPC,BPC,38,3,634.5,28172.472615994982,0.0612589825824762,115656.249294109,4,3,1,0.75,1,nonlinear-prone,0,0,True
inh_BPC,864691136923311076,inhibitory_BPC,BPC,39,3,509.8125,45357.45801721129,0.1100282219380558,124248.74199471716,8,4,4,0.5,1,nonlinear-prone,0,2,True
inh_BPC,864691136923311076,inhibitory_BPC,BPC,40,6,602.7407407407408,79445.82500250338,0.1772419146859208,inf,3,1,2,0.3333333333333333,2,compartmentalized,2,-1,True
inh_BPC,864691136923311076,inhibitory_BPC,BPC,41,6,569.6470588235294,22185.959128082686,0.0509138461914099,inf,0,0,0,,1,nonlinear-prone,2,-1,True
inh_BPC,864691136923311076,inhibitory_BPC,BPC,42,6,552.5454545454545,14337.985557523154,0.0334090987861163,inf,0,0,0,,1,nonlinear-prone,2,-1,True
inh_BPC,864691136923311076,inhibitory_BPC,BPC,43,6,486.0,11762.958247855126,0.0292253047318843,inf,3,1,2,0.3333333333333333,1,nonlinear-prone,2,-1,True
inh_BPC,864691136923311076,inhibitory_BPC,BPC,44,5,612.4545454545455,31118.505301969744,0.068871957189362,102420.60983928376,9,4,5,0.4444444444444444,1,nonlinear-prone,1,0,True
inh_BPC,864691136923311076,inhibitory_BPC,BPC,45,5,517.7777777777778,10664.140767032057,0.0256693453475938,92193.42757181491,3,2,1,0.6666666666666666,0,summation-like,1,0,True
inh_BPC,864691136923311076,inhibitory_BPC,BPC,46,4,507.04761904761904,60876.858179254385,0.1480772990196991,160180.9146917337,8,6,2,0.75,2,compartmentalized,1,2,True
inh_BPC,864691136923311076,inhibitory_BPC,BPC,47,4,517.6,20086.490375580393,0.0483579135507792,139785.73078989668,4,3,1,0.75,1,nonlinear-prone,1,0,True
inh_BPC,864691136923311076,inhibitory_BPC,BPC,48,6,536.0,15968.08790491491,0.0377773202023914,inf,1,0,1,0.0,1,nonlinear-prone,2,-1,True
inh_BPC,864691136923311076,inhibitory_BPC,BPC,49,6,512.6666666666666,13903.154804524136,0.0336322904865636,inf,2,1,1,0.5,1,nonlinear-prone,2,-1,True
inh_BPC,864691136923311076,inhibitory_BPC,BPC,50,4,520.8666666666667,86140.47593198578,0.2067305269657456,105900.79277198772,20,13,7,0.65,2,compartmentalized,1,2,True
inh_BPC,864691136923311076,inhibitory_BPC,BPC,51,4,680.0,24030.80238230405,0.0504747809687298,74845.95599714687,13,8,5,0.6153846153846154,1,nonlinear-prone,1,0,True
inh_BPC,864691136923311076,inhibitory_BPC,BPC,52,6,762.5217391304348,33034.51436003213,0.0655243074052905,inf,9,3,6,0.3333333333333333,1,nonlinear-prone,2,-1,True
inh_BPC,864691136923311076,inhibitory_BPC,BPC,53,6,769.2173913043479,31500.0262109325,0.0622081083279827,inf,4,1,3,0.25,1,nonlinear-prone,2,-1,True
inh_BPC,864691136923311076,inhibitory_BPC,BPC,54,6,671.7446808510638,68874.12378511771,0.1455507997489932,inf,9,2,7,0.2222222222222222,2,compartmentalized,2,-1,True
inh_BPC,864691136923311076,inhibitory_BPC,BPC,55,6,615.7142857142857,7989.097014043249,0.0176347256367107,inf,1,0,1,0.0,0,summation-like,2,-1,True
inh_BPC_2,864691135715512858,inhibitory_BPC,BPC,0,0,1090.0,16433.167440529312,0.0272626870791492,53469.442516631774,5,3,2,0.6,0,summation-like,0,0,True
inh_BPC_2,864691135715512858,inhibitory_BPC,BPC,1,1,546.5945945945946,107788.27606548012,0.2525221551121239,99146.99682910716,20,12,8,0.6,2,compartmentalized,0,2,True
inh_BPC_2,864691135715512858,inhibitory_BPC,BPC,2,3,882.4444444444445,11989.73958206865,0.0221068411707127,107091.0660548176,1,1,0,1.0,0,summation-like,0,0,True
inh_BPC_2,864691135715512858,inhibitory_BPC,BPC,3,3,535.2631578947369,139044.1409759908,0.3291771226397758,170618.2667517787,34,25,9,0.7352941176470589,2,compartmentalized,0,2,True
inh_BPC_2,864691135715512858,inhibitory_BPC,BPC,4,2,799.1428571428571,82296.29018892803,0.1594515240302332,41148.14509446402,60,7,53,0.1166666666666666,2,compartmentalized,0,2,True
inh_BPC_2,864691135715512858,inhibitory_BPC,BPC,5,1,1302.125,45252.85879636712,0.0686879111288566,22626.42939818356,15,5,10,0.3333333333333333,1,nonlinear-prone,0,0,True
inh_BPC_2,864691135715512858,inhibitory_BPC,BPC,6,4,697.3584905660377,77758.94316610886,0.1612808970304639,151965.40742890636,26,21,5,0.8076923076923077,2,compartmentalized,1,2,True
inh_BPC_2,864691135715512858,inhibitory_BPC,BPC,7,4,713.2173913043479,65998.7733433786,0.135358498706625,146085.32251754124,22,15,7,0.6818181818181818,2,compartmentalized,1,2,True
inh_BPC_2,864691135715512858,inhibitory_BPC,BPC,8,1,997.7142857142856,29849.12450426703,0.0517593876294371,76610.58848902995,7,5,2,0.7142857142857143,1,nonlinear-prone,0,0,True
inh_BPC_2,864691135715512858,inhibitory_BPC,BPC,9,1,876.5714285714286,17803.987751947006,0.0329370166043241,70588.02011286994,3,1,2,0.3333333333333333,1,nonlinear-prone,0,0,True
inh_BPC_2,864691135715512858,inhibitory_BPC,BPC,10,6,615.7297297297297,53706.32815497486,0.1185471252228167,223824.67960198488,16,12,4,0.75,2,compartmentalized,2,2,True
inh_BPC_2,864691135715512858,inhibitory_BPC,BPC,11,6,556.9142857142857,49036.283207337605,0.1138109354092314,221489.65712816623,12,8,4,0.6666666666666666,1,nonlinear-prone,2,2,True
inh_BPC_2,864691135715512858,inhibitory_BPC,BPC,12,4,668.5185185185185,38435.885769026514,0.0814218189678569,276311.27757414855,11,9,2,0.8181818181818182,1,nonlinear-prone,1,1,True
inh_BPC_2,864691135715512858,inhibitory_BPC,BPC,13,4,581.8181818181819,29908.11774734885,0.0679134924661126,272047.3935633097,5,3,2,0.6,1,nonlinear-prone,1,1,True
inh_BPC_2,864691135715512858,inhibitory_BPC,BPC,14,7,618.9722222222222,106498.97843255172,0.2344609333605942,inf,6,3,3,0.5,2,compartmentalized,2,-1,True
inh_BPC_2,864691135715512858,inhibitory_BPC,BPC,15,7,625.2121212121212,46827.7203811006,0.102576989549513,inf,8,1,7,0.125,1,nonlinear-prone,2,-1,True
inh_BPC_2,864691135715512858,inhibitory_BPC,BPC,16,2,710.2253521126761,104306.96898906122,0.214375854058922,143688.63523569406,24,17,7,0.7083333333333334,2,compartmentalized,0,2,True
inh_BPC_2,864691135715512858,inhibitory_BPC,BPC,17,2,973.0,9561.045522619816,0.0167884110195081,96315.67350247338,2,0,2,0.0,0,summation-like,0,0,True
inh_BPC_2,864691135715512858,inhibitory_BPC,BPC,18,7,443.1428571428572,8947.198275385279,0.0232796160005876,inf,1,1,0,1.0,0,summation-like,2,-1,True
inh_BPC_2,864691135715512858,inhibitory_BPC,BPC,19,7,506.57142857142856,7572.735721046367,0.0184286313533617,inf,1,1,0,1.0,0,summation-like,2,-1,True
inh_BPC_2,864691135715512858,inhibitory_BPC,BPC,20,2,677.0357142857143,82390.051418668,0.1734321515591227,120685.03969817742,18,14,4,0.7777777777777778,2,compartmentalized,0,2,True
inh_BPC_2,864691135715512858,inhibitory_BPC,BPC,21,2,522.0,68962.75948856097,0.1653255617196397,113971.39373312391,22,8,14,0.3636363636363636,2,compartmentalized,0,2,True
inh_BPC_2,864691135715512858,inhibitory_BPC,BPC,22,3,645.1666666666666,70187.62673630909,0.15135097558431,117390.10355708258,14,13,1,0.9285714285714286,2,compartmentalized,0,2,True
inh_BPC_2,864691135715512858,inhibitory_BPC,BPC,23,3,556.6095238095238,153219.54938378307,0.355712798729813,158906.06488081958,34,24,10,0.7058823529411765,2,compartmentalized,0,2,True
inh_BPC_2,864691135715512858,inhibitory_BPC,BPC,24,5,684.6666666666666,20748.70376951062,0.0434322176859846,201219.23089671612,5,5,0,1.0,1,nonlinear-prone,1,0,True
inh_BPC_2,864691135715512858,inhibitory_BPC,BPC,25,5,623.7142857142857,17970.93968924205,0.039412916058926,199830.34885658184,3,3,0,1.0,1,nonlinear-prone,1,0,True
inh_BPC_2,864691135715512858,inhibitory_BPC,BPC,26,6,528.4285714285714,40398.02186617521,0.0962559493317252,229014.82963429048,8,7,1,0.875,1,nonlinear-prone,2,2,True
inh_BPC_2,864691135715512858,inhibitory_BPC,BPC,27,6,459.4,11983.6630814517,0.0306234927413953,214807.65024192873,1,1,0,1.0,1,nonlinear-prone,2,0,True
inh_BPC_2,864691135715512858,inhibitory_BPC,BPC,28,5,566.7368421052631,26154.80652405569,0.0601757367456221,301552.26398064557,8,6,2,0.75,1,nonlinear-prone,1,1,True
inh_BPC_2,864691135715512858,inhibitory_BPC,BPC,29,5,573.2,11507.298561637162,0.0263257599984787,294228.5099994363,4,3,1,0.75,0,summation-like,1,1,True
inh_BPC_2,864691135715512858,inhibitory_BPC,BPC,30,6,550.72,72510.5513644406,0.1692374256751102,247848.85846369172,20,17,3,0.85,2,compartmentalized,2,2,True
inh_BPC_2,864691135715512858,inhibitory_BPC,BPC,31,6,571.0588235294117,48400.356300374464,0.1109350447621611,235793.76093165867,8,7,1,0.875,1,nonlinear-prone,2,2,True
inh_BPC_2,864691135715512858,inhibitory_BPC,BPC,32,5,527.1538461538462,75900.42347722594,0.1810656785854327,217034.92092784352,22,15,7,0.6818181818181818,2,compartmentalized,1,2,True
inh_BPC_2,864691135715512858,inhibitory_BPC,BPC,33,5,714.5714285714286,17886.80633526692,0.0366497155652815,188028.112356864,7,6,1,0.8571428571428571,1,nonlinear-prone,1,0,True
inh_BPC_2,864691135715512858,inhibitory_BPC,BPC,34,7,595.741935483871,44726.002810655074,0.1003671582919909,inf,0,0,0,,1,nonlinear-prone,2,-1,True
inh_BPC_2,864691135715512858,inhibitory_BPC,BPC,35,7,484.44444444444446,24277.383434949155,0.060414406724948,inf,1,1,0,1.0,1,nonlinear-prone,2,-1,True
inh_BPC_2,864691135715512858,inhibitory_BPC,BPC,36,7,487.05882352941177,23674.923564496225,0.0587568500426544,inf,2,1,1,0.5,1,nonlinear-prone,2,-1,True
inh_BPC_2,864691135715512858,inhibitory_BPC,BPC,37,7,467.46666666666664,20025.626692243775,0.050730765913859,inf,0,0,0,,1,nonlinear-prone,2,-1,True
inh_BPC_2,864691135715512858,inhibitory_BPC,BPC,38,3,564.2,13390.25252010244,0.0308768404511059,168575.19166756264,2,1,1,0.5,1,nonlinear-prone,0,0,True
inh_BPC_2,864691135715512858,inhibitory_BPC,BPC,39,3,503.4166666666667,69041.02308430447,0.1685404118598677,196400.5769496637,14,7,7,0.5,2,compartmentalized,0,2,True
inh_BPC_2,864691135715512858,inhibitory_BPC,BPC,40,3,700.047619047619,61251.2149594106,0.1267977489588345,226467.72720993,24,20,4,0.8333333333333334,2,compartmentalized,0,2,True
inh_BPC_2,864691135715512858,inhibitory_BPC,BPC,41,3,539.5081967213115,88974.890479605,0.2098113923369252,240329.5649700272,17,9,8,0.5294117647058824,2,compartmentalized,0,2,True
inh_BPC_2,864691135715512858,inhibitory_BPC,BPC,42,7,617.8947368421053,83956.64910986664,0.1849943548556651,inf,3,2,1,0.6666666666666666,2,compartmentalized,2,-1,True
inh_BPC_2,864691135715512858,inhibitory_BPC,BPC,43,7,571.8260869565217,32071.12612434361,0.0734586351560982,inf,0,0,0,,1,nonlinear-prone,2,-1,True
inh_BPC_2,864691135715512858,inhibitory_BPC,BPC,44,4,534.3272727272728,80709.82157795157,0.1912420294479608,215625.22871658963,25,20,5,0.8,2,compartmentalized,1,2,True
inh_BPC_2,864691135715512858,inhibitory_BPC,BPC,45,4,522.4444444444445,10056.096210822914,0.0240973890556951,180298.36603302532,2,1,1,0.5,0,summation-like,1,0,True
inh_BPC_2,864691135715512858,inhibitory_BPC,BPC,46,4,657.8260869565217,135990.94379338063,0.2904123420334722,220479.38882192745,27,21,6,0.7777777777777778,2,compartmentalized,1,2,True
inh_BPC_2,864691135715512858,inhibitory_BPC,BPC,47,4,499.1929824561403,81687.54225813286,0.2002544710090809,193327.68805430352,16,11,5,0.6875,2,compartmentalized,1,2,True
