neuron_label,branch_idx,regime,cell_type,subtype,n_synapses,n_unique_partners,mean_syns_per_partner,frac_syn_from_multi,pairwise_compactness_z,clark_evans_z,syn_density,total_length_nm,electrotonic_length
exc_23P,0,1,excitatory,23P,21,9,2.3333333333333335,0.7619047619047619,-2.911535026133452,-0.7848724079459519,0.0008191480815666731,25636.3903823545,0.0275811247967032
exc_23P,1,0,excitatory,23P,17,9,1.8888888888888888,0.7647058823529411,-1.7906055701568342,-0.0305646648163968,0.0011503577246850427,14778.011774254344,0.0092774205921085
exc_23P,2,0,excitatory,23P,14,10,1.4,0.5714285714285714,-1.2830543130148018,-1.8296042536419703,0.0008059640408196874,17370.50202110955,0.0157757278741185
exc_23P,3,0,excitatory,23P,9,4,2.25,0.7777777777777778,-1.7480943177484238,-0.0897589119545084,0.0006821878787314973,13192.846546519064,0.0083217270192883
exc_23P,4,0,excitatory,23P,23,9,2.5555555555555554,0.8695652173913043,-3.599526006007235,-1.5477955162680337,0.001449903684212135,15863.12266838469,0.0134364103692297
exc_23P,5,0,excitatory,23P,14,7,2.0,0.7142857142857143,-3.292608983727349,-0.080227793217475,0.0006914182535452353,20248.236039785235,0.0200740605697765
exc_23P,8,0,excitatory,23P,5,3,1.6666666666666667,0.6,-1.1763710117347947,0.1991678844712033,0.0003402249527641454,14696.158995328473,0.0180302154008835
exc_23P,9,0,excitatory,23P,7,4,1.75,0.8571428571428571,-0.8251818262537022,-1.4290162028729756,0.0006565394203409276,10661.96451138462,0.0160076271569028
exc_23P,11,1,excitatory,23P,3,3,1.0,0.0,0.4494112499803811,,9.73813496330941e-05,30806.720294010785,0.0638553427512105
exc_23P,12,0,excitatory,23P,7,5,1.4,0.5714285714285714,-0.6309971828454362,-0.7417862904021121,0.0007736506553197538,9048.011465985075,0.011965406295087
exc_23P,14,0,excitatory,23P,16,9,1.7777777777777777,0.625,-1.4733306744284218,-1.650306795445262,0.000815618828582467,19617.006669411683,0.0265182327717582
exc_23P,15,2,excitatory,23P,13,10,1.3,0.3076923076923077,1.2724724468917814,0.6041085103311653,0.0001266873454754443,102614.82669174546,0.1829077782799817
exc_23P,16,1,excitatory,23P,7,5,1.4,0.5714285714285714,-0.5173717966765834,-0.1836345743790636,0.00040317396457292457,17362.232225027186,0.0296598964709033
exc_23P,18,1,excitatory,23P,11,7,1.5714285714285714,0.5454545454545454,-1.3302899799081846,-0.5095775910740671,0.00036475655526659257,30157.10023898088,0.051932796332055
exc_23P,21,0,excitatory,23P,4,3,1.3333333333333333,0.5,0.7811972643338915,,0.000382845709509722,10448.073207147758,0.0137407260839998
exc_23P,22,2,excitatory,23P,5,4,1.25,0.4,0.2160522202606668,-0.835515715681731,5.097604564494868e-05,98085.28568153972,0.1756615581070162
exc_23P,23,2,excitatory,23P,15,12,1.25,0.4,-0.6676315190096698,-1.6990901427102547,0.0001623506884088884,92392.5863635499,0.1771788247244765
exc_23P,24,1,excitatory,23P,12,9,1.3333333333333333,0.3333333333333333,-1.1971077370574783,1.514494738900192,0.00021244112508340677,56486.238223831024,0.104353938105963
exc_23P,27,2,excitatory,23P,10,9,1.1111111111111112,0.2,0.1182194996254525,-0.9345726008601914,0.00015238919783946387,65621.44916947863,0.1255705833627676
exc_23P,28,1,excitatory,23P,10,9,1.1111111111111112,0.2,-0.0462126535876339,-0.9360625833869304,0.00018643409410588774,53638.25778733565,0.106553654921822
exc_23P,30,1,excitatory,23P,3,3,1.0,0.0,-1.5019746792304185,,0.00014948668217821254,20068.677398455537,0.0311317981116678
exc_23P,31,1,excitatory,23P,3,3,1.0,0.0,0.0146165193636601,,0.00011793795693055311,25437.10335567817,0.0391434425892876
exc_23P,32,1,excitatory,23P,9,7,1.2857142857142858,0.4444444444444444,0.6370871537742441,-0.617791258802482,0.00014608380990984305,61608.46986092731,0.0997956641351766
exc_23P,33,1,excitatory,23P,4,3,1.3333333333333333,0.5,0.1453586134246965,,8.860568047752585e-05,45143.83252227908,0.0745241801746828
exc_23P,34,2,excitatory,23P,8,6,1.3333333333333333,0.375,-0.6263911810170586,0.7913893885354706,7.286510809902004e-05,109791.9183641147,0.2156627884800358
exc_23P,36,2,excitatory,23P,15,11,1.3636363636363635,0.4,-1.7689476960954302,-0.9874475789205776,0.0002354189360934931,63716.19993237492,0.1224104927772227
exc_23P,39,1,excitatory,23P,19,13,1.4615384615384615,0.5789473684210527,-0.0928749882977036,-0.2067537870630191,0.0004076288199102912,46611.0320761457,0.0943290655397981
exc_23P,48,2,excitatory,23P,3,2,1.5,0.6666666666666666,-1.7114168880109522,,2.131287003192594e-05,140760.0194392451,0.2825330256759056
exc_23P,51,0,excitatory,23P,8,6,1.3333333333333333,0.375,0.3629513076434382,0.6728186622960021,0.0005705923301218818,14020.51793842226,0.0244402764895034
exc_23P,53,0,excitatory,23P,4,4,1.0,0.0,0.6182674134070867,,0.0009303592489452722,4299.414451497862,0.0072370733265339
exc_23P,54,2,excitatory,23P,32,23,1.391304347826087,0.46875,2.08486927352417,1.690169971641811,0.0002466313285967785,129748.317791035,0.2355876466146213
exc_23P,55,1,excitatory,23P,14,11,1.2727272727272727,0.35714285714285715,-1.477744100534282,-0.6781336290362889,0.0002826852452297215,49525.04680116231,0.0826138994240164
exc_23P,56,2,excitatory,23P,24,21,1.1428571428571428,0.25,-0.3350973726498258,0.5579697792463761,0.0002041401267570763,117566.30301576936,0.2164723970914399
exc_23P,58,1,excitatory,23P,5,4,1.25,0.4,-0.8361669145206522,-1.895645707949235,0.0001851038954414526,27011.85724954921,0.0435807405990124
exc_23P,61,1,excitatory,23P,14,8,1.75,0.6428571428571429,-0.59978967564754,-1.904717203611391,0.0004432898640487636,31582.04401998225,0.0529812572034635
exc_23P,62,2,excitatory,23P,20,13,1.5384615384615385,0.5,1.4763917731151102,-0.2970928346165342,0.0001942414854524937,102964.61620136996,0.1941426252332968
exc_23P,63,2,excitatory,23P,12,10,1.2,0.3333333333333333,2.040618287334756,-0.8057957928649258,0.0001658389472398463,72359.35948534982,0.1359075912957534
exc_23P,64,2,excitatory,23P,7,7,1.0,0.0,0.1710424333131754,-2.086062234715082,0.00010929598882914911,64046.26624443063,0.1219754745038647
exc_23P,65,2,excitatory,23P,9,9,1.0,0.0,-0.611376832128785,0.425865242818616,0.00015046581148269597,59814.252229882986,0.1180272859315616
exc_23P,66,1,excitatory,23P,4,3,1.3333333333333333,0.5,0.8423225072866665,,7.460053625028464e-05,53618.9175179654,0.1018821870248647
exc_23P,68,0,excitatory,23P,3,3,1.0,0.0,-0.0474404282651116,,0.000507264944679824,5914.069228445391,0.010108904676367
exc_23P,69,2,excitatory,23P,22,17,1.2941176470588236,0.36363636363636365,0.1960239962080409,-0.3272618353366237,0.00029929350858698785,73506.43889292986,0.1405576546977932
exc_23P,70,0,excitatory,23P,5,4,1.25,0.4,0.7917744042975856,-0.4751787031468829,0.0006657029074583791,7510.857987821855,0.0120047876888183
exc_23P,71,2,excitatory,23P,14,12,1.1666666666666667,0.2857142857142857,-1.8814796060426304,0.1826144314631343,0.00019780345261469356,70777.32878237955,0.1301969254899746
exc_23P,72,2,excitatory,23P,18,15,1.2,0.2777777777777778,1.315742519276231,-0.4641569303269948,0.00019420651516371121,92684.8411075522,0.1740789918507826
exc_23P,73,2,excitatory,23P,13,7,1.8571428571428572,0.6923076923076923,2.234051808375247,-0.4036826133275139,0.00016632121845940536,78162.00554815536,0.1488554263038237
exc_23P,74,2,excitatory,23P,14,12,1.1666666666666667,0.2857142857142857,0.5961971807804561,-0.3191516537497761,0.00013038783182090354,107371.98252694272,0.1974541726277262
exc_23P,75,2,excitatory,23P,21,15,1.4,0.5238095238095238,0.760526242811664,-0.8333697009370645,0.00022550702913532646,93123.48302632256,0.1708130744226104
exc_23P,78,2,excitatory,23P,29,21,1.380952380952381,0.4482758620689655,-0.8649835760876152,-1.4308342798237357,0.0002962453037573033,97891.8471691893,0.1854568092635998
exc_23P,79,1,excitatory,23P,8,7,1.1428571428571428,0.25,0.0824177312966131,-0.4255463014540422,0.00033498739593857096,23881.49553384097,0.0415257679566348
exc_23P,80,1,excitatory,23P,7,4,1.75,0.7142857142857143,0.5218491955722419,1.82226022228532,0.0003362128323013421,20820.14523980457,0.0368640919553546
exc_23P,81,1,excitatory,23P,7,7,1.0,0.0,-0.7574322332878392,-1.6360761120949232,0.00014604154601741153,47931.56598852656,0.0914638851717644
exc_23P,84,2,excitatory,23P,12,9,1.3333333333333333,0.4166666666666667,-0.6615985539573767,0.0877633124870598,0.0001471833542391529,81530.95886442182,0.1568407211762688
exc_23P,85,1,excitatory,23P,5,5,1.0,0.0,-0.4979247083900045,-0.5047441189944525,0.0001603560156452545,31180.620071411508,0.0600716551215065
exc_23P,87,1,excitatory,23P,4,4,1.0,0.0,-0.0205534714386588,,8.176118090579607e-05,48922.97243857982,0.1104574361361574
exc_23P,88,2,excitatory,23P,22,19,1.1578947368421053,0.22727272727272727,0.0418062329641413,-0.1519928529537188,0.0001889761372898844,116416.8149243763,0.2200170472574879
exc_23P,89,2,excitatory,23P,23,14,1.6428571428571428,0.6521739130434783,2.420649448858437,0.8893288714046915,0.0003222757354519925,71367.45795566161,0.1334869242238837
exc_23P,93,1,excitatory,23P,9,4,2.25,0.7777777777777778,-0.1929728105248046,-0.0666227621764643,0.0004652938775845373,19342.614277929817,0.0328472852109459
exc_23P,94,0,excitatory,23P,6,3,2.0,0.8333333333333334,-0.8720641794997819,0.8148423287812833,0.0004935002930783794,12158.047490859462,0.0184212840770597
exc_23P,96,2,excitatory,23P,12,10,1.2,0.3333333333333333,-0.751358195440372,-0.1980777098645688,0.00012162156224425715,98666.7148371269,0.1785998928119802
exc_23P,103,0,excitatory,23P,7,5,1.4,0.42857142857142855,-2.3531251955520607,-0.804054980424508,0.0004668074259060214,14995.47696014856,0.0260798373498043
exc_23P,105,2,excitatory,23P,20,19,1.0526315789473684,0.1,1.5634911596346626,1.456753658525295,0.00017608146725958044,113583.78772773327,0.2095973654061132
exc_23P,106,2,excitatory,23P,19,17,1.1176470588235294,0.15789473684210525,-0.0217519602596587,-0.426939649287858,0.00019863572638506694,95652.480778646,0.176179879584047
exc_23P,107,1,excitatory,23P,11,8,1.375,0.45454545454545453,-2.5803104756850184,-0.9901342102558466,0.0003324931684459301,33083.38649907875,0.056463826536592
exc_23P,108,1,excitatory,23P,19,11,1.7272727272727273,0.7368421052631579,-2.717219979733105,-0.673204649504377,0.0004807454086034143,39521.9583171804,0.0670159182758254
exc_23P,109,2,excitatory,23P,29,23,1.2608695652173914,0.3448275862068966,1.82319811832988,0.4186802845349753,0.00026283889812671253,110333.7451445993,0.2056805133717771
exc_23P,110,1,excitatory,23P,19,11,1.7272727272727273,0.6842105263157895,-0.3457631014472114,-0.5462053641445168,0.00041924388173170227,45319.68342989241,0.0746397079463198
exc_23P,111,2,excitatory,23P,10,8,1.25,0.4,1.571419655464159,-2.1227516937603537,0.00010124611376125814,98769.22311882852,0.1844090996514285
exc_23P,112,2,excitatory,23P,16,12,1.3333333333333333,0.375,-0.0669670664518843,-1.9379673851756771,0.00023260550351520502,68785.99069326882,0.1304144668225927
exc_23P,113,2,excitatory,23P,12,12,1.0,0.0,0.5701915725493604,-0.815542268819375,0.00019476047074750078,61614.14559095785,0.1194890822757769
exc_23P,114,1,excitatory,23P,11,7,1.5714285714285714,0.5454545454545454,-0.4740575631330745,0.9865428315579784,0.00021646451756762546,50816.64248536022,0.1031732709513117
exc_23P,115,2,excitatory,23P,16,11,1.4545454545454546,0.5625,0.7835376675141248,0.2596608842556825,0.0002504529100756854,63884.2646913741,0.1241885548120895
exc_23P,116,2,excitatory,23P,9,8,1.125,0.2222222222222222,-0.9803209891037512,-0.6512729929174589,0.0001424814337170905,63166.124632562976,0.1261641424052109
exc_23P,117,0,excitatory,23P,5,4,1.25,0.4,-2.1084746255914935,-0.5646468472282946,0.00041562736355374316,12030.006776378836,0.0195840850219679
exc_23P,118,2,excitatory,23P,24,20,1.2,0.2916666666666667,-0.6232371619565851,0.2372809540629696,0.00018248003039737592,131521.2406954154,0.2402246906269438
exc_23P,119,2,excitatory,23P,21,15,1.4,0.42857142857142855,0.5155027214605871,-0.9343428416673216,0.00017452832409827442,120324.30901115626,0.2227804566887669
exc_23P,120,1,excitatory,23P,9,8,1.125,0.2222222222222222,0.8233735183030623,1.2299414620294336,0.0003444486461487658,26128.71352704618,0.0449848019767884
exc_23P,121,0,excitatory,23P,4,4,1.0,0.0,0.0390151412135718,,0.0005325124073585366,7511.562068274646,0.0128528542679594
exc_23P,122,1,excitatory,23P,7,5,1.4,0.42857142857142855,-0.0006391217546185,-0.8041461228312579,0.00010589091724301501,66105.76414155812,0.1142553872527637
exc_23P,123,2,excitatory,23P,12,11,1.0909090909090908,0.16666666666666666,-0.3756694684544632,-0.4253763466573371,0.0001052942389184087,113966.34918742956,0.2082685715552927
exc_23P,124,2,excitatory,23P,15,12,1.25,0.3333333333333333,-0.6086099362369254,0.7977464905271807,0.0001911629586681009,78467.08433741683,0.1439691413177963
exc_23P,125,2,excitatory,23P,9,9,1.0,0.0,0.8989157260505999,-0.5936045554610422,0.0001238189611230662,72686.76718305457,0.138270087727949
exc_23P,126,2,excitatory,23P,14,11,1.2727272727272727,0.42857142857142855,-0.7497771255761535,-1.6238000543661286,0.0001949393418503084,71817.21179068324,0.1398942216868244
exc_23P,127,2,excitatory,23P,7,5,1.4,0.42857142857142855,-0.0508708746188599,0.3285048769669823,0.00010548340302230884,66361.15065911895,0.1259037670651085
exc_23P,128,1,excitatory,23P,8,6,1.3333333333333333,0.375,-1.1059100726757296,0.0640268361939309,0.00014069267671729634,56861.523902022,0.1085359696954523
exc_23P,130,2,excitatory,23P,4,4,1.0,0.0,-1.6427880939991628,,4.356104484789304e-05,91825.16199892006,0.1743851942158237
exc_23P,131,2,excitatory,23P,3,3,1.0,0.0,-1.697728760310982,,4.281887006359531e-05,70062.56810477132,0.1358315984650712
exc_23P_2,0,0,excitatory,23P,18,6,3.0,0.8888888888888888,-1.6729138241142762,0.1637937856666053,0.0008521325824390791,21123.473472259655,0.0234302393160204
exc_23P_2,1,0,excitatory,23P,7,2,3.5,0.8571428571428571,-1.9670402803327391,-0.2333904437763514,0.0003544465479343362,19749.09909772009,0.0211778938510003
exc_23P_2,2,0,excitatory,23P,5,4,1.25,0.4,0.7158490037503104,-1.2033408461489592,0.0003147322070440532,15886.521582775758,0.0104533180372628
exc_23P_2,3,0,excitatory,23P,4,2,2.0,0.75,-2.6057480794248176,,0.0003317356348093289,12057.794159795563,0.0080576517492268
exc_23P_2,4,0,excitatory,23P,5,3,1.6666666666666667,0.8,-2.160987957317109,-0.7336246102303092,0.00023192439379845727,21558.749893057862,0.0244969977989931
exc_23P_2,5,2,excitatory,23P,43,30,1.4333333333333333,0.46511627906976744,-1.533583148631411,-1.0660056172014718,0.00029882604667960417,143896.42562217414,0.2576159267728696
exc_23P_2,6,1,excitatory,23P,16,10,1.6,0.625,-0.1694691868794628,-0.4533207460810727,0.0003969781993737748,40304.48025921746,0.056783772699008
exc_23P_2,7,0,excitatory,23P,17,7,2.4285714285714284,0.7647058823529411,-0.5573899248049834,-0.2776349516630337,0.0007789278502152114,21824.87119352972,0.0237728274222359
exc_23P_2,9,1,excitatory,23P,3,2,1.5,0.6666666666666666,-1.9055112723629295,,0.0001789501144280965,16764.448626298155,0.0286752031330078
exc_23P_2,10,0,excitatory,23P,5,4,1.25,0.4,0.1143193327814984,0.4618261839945164,0.0006624937314138263,7547.241223444503,0.0101216388048118
exc_23P_2,11,1,excitatory,23P,3,3,1.0,0.0,1.6851421884937083,,0.00017850601465241536,16806.15639669936,0.0309439868417194
exc_23P_2,12,2,excitatory,23P,20,18,1.1111111111111112,0.2,0.1340157918336023,-2.945317816762101,0.00022787632318583287,87766.90671671942,0.1823121930975373
exc_23P_2,14,0,excitatory,23P,5,4,1.25,0.4,1.079279176925641,-0.7129285579956001,0.0008297940851910244,6025.591275272786,0.0084629981304082
exc_23P_2,16,0,excitatory,23P,8,3,2.6666666666666665,0.875,-3.1614483293949167,-2.2602200272971733,0.0004821088694531673,16593.76233644905,0.024117697049077
exc_23P_2,17,2,excitatory,23P,16,12,1.3333333333333333,0.4375,-0.1603318143302445,-0.5197698178975333,0.00015727771637669962,101730.8768756409,0.1939360895328068
exc_23P_2,22,1,excitatory,23P,7,6,1.1666666666666667,0.2857142857142857,0.7180035140830787,0.2967072246076643,0.00033420018054927756,20945.530276180853,0.0420032188804062
exc_23P_2,26,1,excitatory,23P,3,3,1.0,0.0,0.1371590958596348,,0.00013463263183192078,22282.85935719719,0.0409336683021757
exc_23P_2,28,0,excitatory,23P,4,4,1.0,0.0,0.7989482894139049,,0.0002968932139048353,13472.857622411471,0.0204510144483645
exc_23P_2,29,0,excitatory,23P,5,3,1.6666666666666667,0.6,-1.039199049129047,-0.6723966804698737,0.0006388668636502543,7826.356764587551,0.011154523551481
exc_23P_2,30,1,excitatory,23P,4,2,2.0,0.75,-0.7996385426340239,,0.00027034477923385723,14795.921013661842,0.0328564779963471
exc_23P_2,32,1,excitatory,23P,4,4,1.0,0.0,-1.538649121047408,,0.00022299997811282244,17937.22149145808,0.0314652091619528
exc_23P_2,33,2,excitatory,23P,10,10,1.0,0.0,-0.0921467833853772,1.864423170335896,0.00013670403250791357,73150.73166858568,0.1399142635758987
exc_23P_2,34,1,excitatory,23P,6,4,1.5,0.6666666666666666,-2.8953203554090408,-1.359917816906626,0.00014264485510012898,42062.50548460598,0.0639026180649609
exc_23P_2,35,2,excitatory,23P,5,4,1.25,0.4,-0.3585081672330702,1.1915982318110598,6.519903425464125e-05,76688.25247429291,0.1331650577917077
exc_23P_2,36,1,excitatory,23P,7,6,1.1666666666666667,0.2857142857142857,-1.6267362882392236,-0.6416562542571427,0.0002679348566974853,26125.753424846193,0.0500004077511353
exc_23P_2,37,2,excitatory,23P,26,18,1.4444444444444444,0.5,-0.9746811545391052,0.0814641170640661,0.00026184852301396207,99294.04871462134,0.1861384093877389
exc_23P_2,38,2,excitatory,23P,9,5,1.8,0.6666666666666666,2.038342181706261,1.312591278871296,0.0001088472032544873,82684.7151870112,0.161365167150063
exc_23P_2,39,1,excitatory,23P,8,7,1.1428571428571428,0.25,-0.4327626966517524,0.0266790392029009,0.00014892700890292666,53717.58997197443,0.1039860459551106
exc_23P_2,40,2,excitatory,23P,16,12,1.3333333333333333,0.4375,0.7621880866468634,0.7605056607578697,0.0001777680999245944,90004.89967990249,0.1825328235367486
exc_23P_2,41,1,excitatory,23P,11,10,1.1,0.18181818181818182,1.1253745614957236,-0.857793409463185,0.00023859664751438216,46102.91097797986,0.092198371883475
exc_23P_2,44,1,excitatory,23P,6,5,1.2,0.3333333333333333,1.7405461445488124,-1.082967236032304,0.00015178642609604284,39529.22638947636,0.0653270477313637
exc_23P_2,45,2,excitatory,23P,5,5,1.0,0.0,-0.1619077393732446,-0.3928525657562517,6.311644164720569e-05,79218.66108910089,0.1304503132884081
exc_23P_2,46,2,excitatory,23P,3,3,1.0,0.0,-0.0907721713256362,,5.07710486770665e-05,59088.79328220598,0.1200384556023192
exc_23P_2,47,0,excitatory,23P,4,3,1.3333333333333333,0.5,-0.3293486989584612,,0.00026744101762036046,14956.568874854136,0.026831335431304
exc_23P_2,48,1,excitatory,23P,6,3,2.0,1.0,-2.49352141725209,-0.4148249115628566,0.0003024580878612653,19837.459273868528,0.0356393492770555
exc_23P_2,49,1,excitatory,23P,10,7,1.4285714285714286,0.5,0.4558003550713361,-0.3847117517093912,0.0005171634730962558,19336.24573315288,0.0375115236299153
exc_23P_2,50,2,excitatory,23P,17,15,1.1333333333333333,0.23529411764705882,-2.2792227610798643,-0.8637594780160923,0.0002069545881687713,82143.6246010478,0.1564771198463244
exc_23P_2,51,2,excitatory,23P,14,13,1.0769230769230769,0.14285714285714285,0.7455310886540183,1.3169523796812936,0.00016703050257630786,83817.02613631365,0.1643824095980384
exc_23P_2,52,2,excitatory,23P,10,9,1.1111111111111112,0.2,0.9280870422620874,-0.8957333448017727,0.00012537908198678537,79758.12106403822,0.1624490783581334
exc_23P_2,53,0,excitatory,23P,3,3,1.0,0.0,1.5069496469445511,,0.00024900153170589486,12048.118657934256,0.0213204864281119
exc_23P_2,54,2,excitatory,23P,12,11,1.0909090909090908,0.16666666666666666,-1.7521277143008265,-0.5894194955724954,0.0001441892062468342,83223.98265690896,0.171138906822959
exc_23P_2,56,2,excitatory,23P,13,13,1.0,0.0,1.2605312122505103,-2.1865936432777535,0.00014090407240528464,92261.35042149734,0.1807439839778929
exc_23P_2,57,2,excitatory,23P,5,4,1.25,0.4,-0.7097841897554643,0.5836715853000536,6.719346921648143e-05,74411.99358067352,0.1590063256575818
exc_23P_2,60,2,excitatory,23P,6,6,1.0,0.0,-1.2590688769983718,-0.6954873395942321,6.320000598996016e-05,94936.69986286314,0.2042139631183104
exc_23P_2,62,1,excitatory,23P,9,6,1.5,0.5555555555555556,-0.5653301283582484,-0.1700566279190389,0.00023921767218788382,37622.63848521741,0.0712794708479207
exc_23P_2,63,2,excitatory,23P,24,17,1.411764705882353,0.4583333333333333,-0.8601499096420426,-0.4793097012447387,0.00024755695569423985,96947.38704753926,0.1861163527586229
exc_23P_2,64,1,excitatory,23P,12,8,1.5,0.5833333333333334,-0.4595764676023764,-1.4505253501172208,0.00025410623610203444,47224.3427948832,0.0870193919695548
exc_23P_2,65,2,excitatory,23P,16,15,1.0666666666666667,0.125,1.1210679177084169,-1.0345305537807672,0.00012895376378910725,124075.47891480406,0.2460259799931059
exc_23P_2,67,2,excitatory,23P,10,10,1.0,0.0,-0.4980912192855931,0.0441015497317378,0.00013082353580384974,76438.84518603365,0.1506236157586641
exc_23P_2,68,2,excitatory,23P,18,10,1.8,0.5555555555555556,-0.8396204241385917,0.9780509678006768,0.00023852380225873143,75464.16680241852,0.1548502281569857
exc_23P_2,70,2,excitatory,23P,8,7,1.1428571428571428,0.25,-1.39379676793352,-0.1959008612475737,9.897489682364706e-05,80828.57630308377,0.1535370119424918
exc_23P_2,74,2,excitatory,23P,16,14,1.1428571428571428,0.25,0.9393630406493436,0.6064393509739482,0.00015234336111900012,105025.90912052876,0.2014997538353529
exc_23P_2,75,2,excitatory,23P,7,7,1.0,0.0,-1.947323547364476,-1.2463550472034073,8.317876847537641e-05,84156.09089081698,0.1557225094431256
exc_23P_2,76,2,excitatory,23P,10,10,1.0,0.0,1.1881403344292658,-0.4813939090632939,0.00013606877241904578,73492.2482375558,0.1316510193673797
exc_23P_2,77,2,excitatory,23P,11,9,1.2222222222222223,0.36363636363636365,-3.0013750611999868,-1.9388423631336051,0.00012409801657627394,88639.61168339147,0.1716463526247799
exc_23P_2,78,1,excitatory,23P,5,5,1.0,0.0,-2.5382102420564205,-1.9997938797920929,0.00018682248379207542,26763.373971436773,0.0419195196964189
exc_23P_2,79,2,excitatory,23P,8,7,1.1428571428571428,0.25,0.2457406892867624,1.6082018389926944,9.714381264164309e-05,82352.13115951559,0.1559144603476454
exc_23P_2,82,2,excitatory,23P,4,3,1.3333333333333333,0.5,-1.8519360962167517,,6.720231879548827e-05,59521.75567293886,0.1225531518962275
exc_23P_2,84,2,excitatory,23P,5,5,1.0,0.0,0.0953946451419401,-0.9933161833076886,3.31199535625277e-05,150966.3952444987,0.3064692604878318
exc_23P_2,85,2,excitatory,23P,3,3,1.0,0.0,-0.6198833934605548,,5.269523739626752e-05,56931.14118530367,0.1235300545301702
exc_23P_2,88,2,excitatory,23P,28,22,1.2727272727272727,0.35714285714285715,0.4267909631929622,-0.4695719838243514,0.00021325220806867883,131299.93003862578,0.2536882193911669
exc_23P_2,89,2,excitatory,23P,23,20,1.15,0.21739130434782608,0.7951007960683527,1.476365841348546,0.00018614517371247263,123559.47533470156,0.2367438774063009
exc_23P_2,90,1,excitatory,23P,4,4,1.0,0.0,-0.72033350895012,,0.00010734740190799065,37262.19665221586,0.0668861655623751
exc_23P_2,92,2,excitatory,23P,13,13,1.0,0.0,0.5614215724943843,0.926100467518322,0.00014664895506662681,88647.06873699665,0.1797306321427197
exc_23P_2,93,1,excitatory,23P,5,4,1.25,0.4,1.3609742642960827,-1.4392720128132872,0.00014629311104511245,34177.95933301431,0.0656104797550626
exc_23P_2,94,1,excitatory,23P,14,12,1.1666666666666667,0.2857142857142857,-1.4383289249851663,-0.5067423874781477,0.00023836197750000783,58734.19975297671,0.1152413083889811
exc_23P_2,95,1,excitatory,23P,6,6,1.0,0.0,0.2130600826357231,-0.3011244343570182,0.0001249604387430333,48015.19633216322,0.0957603910259455
exc_23P_2,96,2,excitatory,23P,13,12,1.0833333333333333,0.15384615384615385,1.1875183954544413,-0.4726226399291609,0.00022220032096039515,58505.76607545545,0.1167510785911512
exc_23P_2,98,2,excitatory,23P,15,13,1.1538461538461537,0.26666666666666666,-0.0781549026116336,-0.485696508964142,0.00013596588752439132,110321.78933343929,0.2141338791836078
exc_23P_2,99,2,excitatory,23P,23,18,1.2777777777777777,0.34782608695652173,-0.2376054068603501,-0.4735784715678002,0.0002166380371423101,106167.87478041652,0.2112886543820649
exc_23P_2,101,1,excitatory,23P,4,3,1.3333333333333333,0.5,-1.2897158933523474,,0.00010756689474110719,37186.16224468718,0.081151629669244
exc_23P_2,102,1,excitatory,23P,3,2,1.5,0.6666666666666666,-0.1193010948437343,,0.000183587437359383,16340.987396252647,0.035564994777985
exc_23P_2,103,0,excitatory,23P,3,3,1.0,0.0,-1.614970185725536,,0.00032870641320882995,9126.6853320993,0.0212863376242427
exc_23P_2,106,2,excitatory,23P,8,5,1.6,0.75,-1.4599257578361071,0.172082031132143,0.00012365807443776115,64694.521860976514,0.1232522238064577
exc_23P_2,110,1,excitatory,23P,7,5,1.4,0.42857142857142855,0.7311924684464682,0.062603117946206,0.00042336185638160384,16534.319033433283,0.0322614461979673
exc_23P_2,112,2,excitatory,23P,30,24,1.25,0.4,-1.7272778995600244,1.2017923478112984,0.0002968543720141262,101059.6535818324,0.1957721224310257
exc_23P_2,113,2,excitatory,23P,22,18,1.2222222222222223,0.36363636363636365,-1.7991021518962156,1.1320912031987878,0.00026356656869785104,83470.37376056782,0.1593683830589702
exc_23P_2,115,1,excitatory,23P,8,6,1.3333333333333333,0.5,-0.0139913528398619,-0.0330353642231886,0.0003537760461260381,22613.17601234618,0.0381591645927146
exc_23P_2,116,2,excitatory,23P,27,22,1.2272727272727273,0.2962962962962963,-1.0939365240249153,-1.5361116010432467,0.00021286182927592344,126842.84491890317,0.2478116694298214
exc_23P_2,117,2,excitatory,23P,18,15,1.2,0.3333333333333333,0.1343782682782344,-0.6383163724054437,0.00014836366721452,121323.50418363333,0.2327096773766918
exc_23P_2,118,2,excitatory,23P,23,18,1.2777777777777777,0.391304347826087,1.8797586677045657,0.8080038391581498,0.00019745628099036521,116481.4807847124,0.2100030460221867
exc_23P_2,119,2,excitatory,23P,25,20,1.25,0.32,-1.5431650978514162,-0.6622262633688901,0.000230416117733266,108499.35432442476,0.2023602657237856
exc_4P,0,0,excitatory,4P,20,12,1.6666666666666667,0.7,-1.9725577357589104,-1.5282022515728066,0.0011078867954645002,18052.385931375473,0.0207408889274829
exc_4P,1,0,excitatory,4P,22,12,1.8333333333333333,0.7727272727272727,0.120042439764741,-1.282687083388616,0.0013238575391314132,16618.10228798052,0.016244273167894
exc_4P,2,0,excitatory,4P,13,8,1.625,0.6153846153846154,-2.7878629104253254,-0.9880675850104508,0.0008306551048322561,15650.298089271651,0.0140027205099902
exc_4P,3,1,excitatory,4P,5,4,1.25,0.4,-0.07540435254229,0.0784037401952796,0.00018707895965337502,26726.682729389428,0.0310394406174815
exc_4P,4,0,excitatory,4P,6,3,2.0,0.8333333333333334,-3.3307360583364076,-2.2059368225308424,0.0003917217709489151,15316.99396095722,0.0103731842967216
exc_4P,5,0,excitatory,4P,9,5,1.8,0.7777777777777778,-0.726268330817181,0.099807768260367,0.0004298783885419446,20936.153665519385,0.0234310533945302
exc_4P,6,2,excitatory,4P,42,28,1.5,0.5714285714285714,-0.7028273041071234,-2.063608415303248,0.0002950433082253043,142351.9830110076,0.2635743852962888
exc_4P,7,2,excitatory,4P,24,17,1.411764705882353,0.4583333333333333,1.2161139216921717,-0.6055748885222275,0.00019893383606108466,120643.12675612688,0.2190821619697579
exc_4P,8,0,excitatory,4P,13,7,1.8571428571428572,0.6153846153846154,-2.448529881264777,-0.7732371418311436,0.0006308549612455583,20606.95532033676,0.0222584678667958
exc_4P,11,0,excitatory,4P,5,2,2.5,1.0,-0.5860554624487073,0.2197450946228707,0.0006640913692699802,7529.084447365099,0.013182124145307
exc_4P,13,2,excitatory,4P,13,11,1.1818181818181819,0.23076923076923078,-0.5621756027841178,-0.4662899629796968,0.00014461098196185562,89896.3538151552,0.1830008427206543
exc_4P,15,1,excitatory,4P,7,6,1.1666666666666667,0.2857142857142857,0.8450615880243904,0.5785832644153719,0.00035985068162879246,19452.5128264754,0.0344748330402636
exc_4P,16,2,excitatory,4P,28,25,1.12,0.21428571428571427,-2.4171179829019236,-1.5078478743210837,0.00030804124615373455,90896.9183497784,0.1754303906074926
exc_4P,17,2,excitatory,4P,16,16,1.0,0.0,-1.7160026937441426,-1.8995147186687336,0.00023671904681610393,67590.67432554196,0.1260906319398909
exc_4P,18,2,excitatory,4P,4,4,1.0,0.0,-1.4587243904926432,,6.15231089169037e-05,65016.22025315085,0.1292232604810772
exc_4P,19,1,excitatory,4P,14,9,1.5555555555555556,0.5,0.3780701976437454,-0.2408300588948655,0.00030430780110444745,46006.05028589058,0.0884977233678206
exc_4P,21,2,excitatory,4P,22,17,1.2941176470588236,0.4090909090909091,-4.229126463059845,-2.5420035417981355,0.00015709550144960002,140042.20233548904,0.3112170275328364
exc_4P,22,2,excitatory,4P,29,21,1.380952380952381,0.4827586206896552,-1.2973357107711307,-0.0245360543138545,0.0003636418460928078,79748.79764689867,0.1569278977874228
exc_4P,23,2,excitatory,4P,13,11,1.1818181818181819,0.23076923076923078,0.6641283573586383,-0.0545641855764501,0.00020309657595221314,64008.95701490698,0.117163039106738
exc_4P,24,0,excitatory,4P,6,5,1.2,0.3333333333333333,1.216193166929795,0.5234567232880614,0.0008450650838076781,7100.044854492526,0.0114890350830103
exc_4P,25,2,excitatory,4P,31,23,1.3478260869565217,0.45161290322580644,-2.647108171207253,0.6351749182684506,0.00023820655160549384,130139.15776481538,0.2394580704511397
exc_4P,26,2,excitatory,4P,27,19,1.4210526315789473,0.4444444444444444,-0.9308206607227624,1.2062593427731734,0.00023308356513917328,115838.28308048406,0.2230858542913941
exc_4P,27,0,excitatory,4P,6,4,1.5,0.6666666666666666,0.1372100271754642,-0.4297423349717748,0.0013320014814144942,4504.499494721591,0.0061651507214298
exc_4P,28,0,excitatory,4P,7,4,1.75,0.5714285714285714,-0.9043174106416316,0.0249543369196976,0.0005744871788412725,12184.780196694452,0.0220031273796247
exc_4P,29,1,excitatory,4P,4,2,2.0,0.75,-1.2766334165252138,,0.00020612540723827423,19405.66208500503,0.0283794831644495
exc_4P,30,0,excitatory,4P,12,11,1.0909090909090908,0.16666666666666666,-0.9268255790276896,1.0715061507487036,0.00072314357177971,16594.215130015065,0.0272712737557727
exc_4P,31,0,excitatory,4P,5,4,1.25,0.4,1.6976351256633375,0.8344152676805152,0.00036874701808270346,13559.431682993538,0.0193233519997339
exc_4P,32,1,excitatory,4P,14,12,1.1666666666666667,0.2857142857142857,-1.704337205008554,-1.3224961982404624,0.00027073897084146936,51710.3243633059,0.0911117543490057
exc_4P,33,2,excitatory,4P,42,33,1.2727272727272727,0.35714285714285715,-2.165642840363485,-0.3452687664775068,0.00032168021038659966,130564.45079267956,0.2077390155490164
exc_4P,34,0,excitatory,4P,5,5,1.0,0.0,-0.5415067946651998,0.1152584585159147,0.00040558135754830516,12327.98280035466,0.0194533843626746
exc_4P,35,2,excitatory,4P,46,33,1.393939393939394,0.41304347826086957,-1.1687974972541089,-1.2059586450724649,0.00037663851653323496,122133.02140048365,0.2366022425549792
exc_4P,36,1,excitatory,4P,4,4,1.0,0.0,-0.642541513521973,,0.0001312800823855763,30469.206960518164,0.0527071752966917
exc_4P,37,2,excitatory,4P,17,16,1.0625,0.11764705882352941,0.2463002488393454,-0.9245918502889692,0.0001692846558862012,100422.56878513531,0.1913891857212891
exc_4P,38,1,excitatory,4P,22,15,1.4666666666666666,0.45454545454545453,0.3815316195540378,2.1856458348850514,0.000409668347067381,53701.97662935747,0.1112657159846196
exc_4P,39,0,excitatory,4P,3,2,1.5,0.6666666666666666,-0.7438178095526341,,0.0004976706316773958,6028.083252348081,0.0096280028044845
exc_4P,40,1,excitatory,4P,11,8,1.375,0.45454545454545453,-1.0260786922028666,-0.2807392525391544,0.0002664257155421286,41287.305835388186,0.0702348710254137
exc_4P,42,2,excitatory,4P,37,25,1.48,0.5135135135135135,0.3793194032240514,0.295752812394682,0.0003615976745356581,102323.66689723093,0.1990127248284325
exc_4P,43,2,excitatory,4P,16,15,1.0666666666666667,0.125,0.4443124891912562,0.626316981175509,0.0002452224822963848,65246.87235105065,0.127000807626029
exc_4P,45,1,excitatory,4P,10,7,1.4285714285714286,0.6,-2.8731804616116015,-2.0178994349977586,0.00044350522009292047,22547.64892711942,0.0374496064945259
exc_4P,46,0,excitatory,4P,3,3,1.0,0.0,0.940354552449884,,0.00039855025700704034,7527.281559241362,0.014871564900381
exc_4P,47,2,excitatory,4P,38,28,1.3571428571428572,0.47368421052631576,-0.6884015882336334,-1.835896104610285,0.00036334083351454463,104584.9970465234,0.2027637186845226
exc_4P,48,1,excitatory,4P,22,16,1.375,0.5,0.7970917439144168,-0.4134600409151059,0.0004154114316862108,52959.54401326667,0.1014311302061427
exc_4P,49,2,excitatory,4P,32,20,1.6,0.59375,0.6256988263693336,0.6978155197990991,0.0003515424569016973,91027.4118296563,0.1751720378678796
exc_4P,50,2,excitatory,4P,24,16,1.5,0.4583333333333333,-1.1720192017531612,-0.8040689014811482,0.00027198471680266347,88240.25218083494,0.1684266056926488
exc_4P,51,0,excitatory,4P,4,3,1.3333333333333333,0.5,-0.2784546490607199,,0.0004480549674796719,8927.47606951033,0.017156745710994
exc_4P,52,1,excitatory,4P,7,5,1.4,0.5714285714285714,1.2674576134771185,0.1014328218153451,0.00021161713407236155,33078.60694118644,0.0638175780243884
exc_4P,63,0,excitatory,4P,9,9,1.0,0.0,-1.08886170492505,-2.812339686465209,0.001088013098882038,8271.959233990598,0.0150857096263151
exc_4P,65,2,excitatory,4P,11,8,1.375,0.45454545454545453,0.3132461730791629,-1.8724556954686136,0.00019784475553746378,55599.14878773244,0.1166912876963159
exc_4P,68,1,excitatory,4P,16,11,1.4545454545454546,0.5625,0.2687062378756891,-0.875659470526558,0.00036978612896859555,43268.25358384066,0.0860932955102117
exc_4P,69,1,excitatory,4P,14,14,1.0,0.0,0.652166039832721,-1.126666761736114,0.000315658114723633,44351.78234609102,0.0899980064978354
exc_4P,71,2,excitatory,4P,21,19,1.105263157894737,0.19047619047619047,1.494849878246997,-2.4658307606708374,0.00019213425907080325,109298.57122597436,0.2164510707322596
exc_4P,72,2,excitatory,4P,29,26,1.1153846153846154,0.20689655172413793,-0.943561385500726,-1.375166182117148,0.00028517311003059206,101692.61750131004,0.1930629441795759
exc_4P,73,2,excitatory,4P,22,17,1.2941176470588236,0.45454545454545453,-1.0528404937300753,-0.6109794032695074,0.00025264328782018,87079.29741501226,0.1710142375439488
exc_4P,74,1,excitatory,4P,5,5,1.0,0.0,0.9961499780625,0.2905247643559235,0.0002697721824757513,18534.157058426248,0.0334843565681517
exc_4P,76,2,excitatory,4P,41,32,1.28125,0.36585365853658536,-0.6486063922559293,-0.1698337154916491,0.00033906891960345023,120919.36957227028,0.2414660304797198
exc_4P,77,1,excitatory,4P,4,3,1.3333333333333333,0.5,-0.2483429571197591,,0.00017376298928748108,23019.861803725216,0.0411295326023794
exc_4P,78,2,excitatory,4P,18,13,1.3846153846153846,0.4444444444444444,-2.104223122387591,-1.286845346791485,0.00021197370533242418,84916.19265593251,0.1660359676094801
exc_4P,79,1,excitatory,4P,11,8,1.375,0.36363636363636365,-0.3492241441497274,-0.0166310682131639,0.00047956694787930874,22937.360567993812,0.0437851218604801
exc_4P,82,0,excitatory,4P,6,5,1.2,0.3333333333333333,-0.5514422658015995,0.423791536506441,0.0004433473580549525,13533.406461071783,0.0258385319685793
exc_5PET,0,0,excitatory,5PET,24,11,2.1818181818181817,0.75,-4.722739817563167,-1.6470286254977535,0.002002416630537062,11985.517715942577,0.0087840111232159
exc_5PET,1,2,excitatory,5PET,15,13,1.1538461538461537,0.26666666666666666,-0.2603770661953815,-3.403241113954937,4.889404051692504e-05,306785.8545011766,0.4874194157119292
exc_5PET,2,1,excitatory,5PET,18,10,1.8,0.6111111111111112,-1.8906116230208312,-1.3871958312537136,0.0005908088002733381,30466.7093511002,0.0285207920674001
exc_5PET,3,1,excitatory,5PET,32,16,2.0,0.71875,-5.750517072833603,-2.868096889415284,0.0010641815053459072,30070.058386890072,0.0288974917102418
exc_5PET,4,0,excitatory,5PET,21,9,2.3333333333333335,0.7619047619047619,-3.945279221909475,-2.470739385454302,0.0013163142900126045,15953.636725921217,0.0103080548215328
exc_5PET,5,1,excitatory,5PET,43,18,2.388888888888889,0.8372093023255814,-4.280814518635782,-0.2968748542790912,0.0008845337382863518,48613.18244717934,0.0554288647146689
exc_5PET,6,0,excitatory,5PET,36,12,3.0,0.8611111111111112,-2.3444899202263425,-1.3220089735656828,0.0013677251846154373,26321.077073770564,0.0248033925876359
exc_5PET,7,0,excitatory,5PET,28,11,2.5454545454545454,0.8571428571428571,-6.967770782100886,-2.789235018016775,0.0016185784034844278,17299.131101540974,0.0114908392980683
exc_5PET,8,0,excitatory,5PET,14,7,2.0,0.8571428571428571,-4.5672271911753555,-1.5890252586165037,0.0008187564822690261,17099.10126293192,0.0095442832206222
exc_5PET,10,0,excitatory,5PET,12,7,1.7142857142857142,0.6666666666666666,0.3955400956418484,-0.2446746769553842,0.0006422610060368846,18683.99278051585,0.0220741120194442
exc_5PET,11,0,excitatory,5PET,5,2,2.5,1.0,-1.057053996251652,0.1618140169715795,0.0006790709726510889,7363.0006308177635,0.0065600608234319
exc_5PET,12,2,excitatory,5PET,33,28,1.1785714285714286,0.2727272727272727,-0.4542872165833357,0.8878584092804253,0.0002728625366972511,120940.01763464676,0.1977347202910964
exc_5PET,13,1,excitatory,5PET,11,9,1.2222222222222223,0.2727272727272727,-0.6175270090949387,1.1423562049954763,0.0003659145916768141,30061.659879678984,0.0503192491187397
exc_5PET,14,1,excitatory,5PET,14,12,1.1666666666666667,0.21428571428571427,0.8611180034867275,1.3885909064907118,0.0002801422231166652,49974.61590846911,0.0998314052140272
exc_5PET,15,1,excitatory,5PET,10,9,1.1111111111111112,0.2,-0.728934788513012,-0.931819171970256,0.0004323349827928806,23130.21244637683,0.0432063063944399
exc_5PET,17,2,excitatory,5PET,46,43,1.069767441860465,0.13043478260869565,-0.1713785561973494,-1.355513282470963,0.0003577494057062829,128581.6251998658,0.2132484958447312
exc_5PET,19,1,excitatory,5PET,32,23,1.391304347826087,0.46875,1.348249748186078,0.4259580119794783,0.000496117738845924,64500.81804057006,0.0889938491546503
exc_5PET,20,0,excitatory,5PET,4,3,1.3333333333333333,0.5,-0.8110386628182209,,0.0008860422248694683,4514.457536816916,0.0042217011609501
exc_5PET,21,2,excitatory,5PET,32,30,1.0666666666666667,0.125,-0.1536452287092177,-0.1118911504770425,0.00028852835715103593,110907.6428950412,0.1857855228294344
exc_5PET,22,0,excitatory,5PET,8,2,4.0,1.0,1.6571411425038016,-0.4755836529648968,0.0010632910691961968,7523.81001944055,0.0071263198984347
exc_5PET,23,2,excitatory,5PET,48,38,1.263157894736842,0.375,-1.5884156913138223,1.1428124570025011,0.00040424368061639575,118740.26064380031,0.2008423214362661
exc_5PET,24,0,excitatory,5PET,6,5,1.2,0.3333333333333333,0.2981525142026136,0.9398029902711365,0.0010099981894867653,5940.604708458858,0.0058267364056011
exc_5PET,25,2,excitatory,5PET,31,28,1.1071428571428572,0.16129032258064516,-1.3681275620550506,0.292818547882859,0.00032613121979476644,95053.76400182792,0.1528624978048098
exc_5PET,26,0,excitatory,5PET,6,5,1.2,0.3333333333333333,-0.9772032767663332,-1.6402999666254732,0.0006662345136815219,9005.837849565629,0.00949298661426
exc_5PET,27,0,excitatory,5PET,7,6,1.1666666666666667,0.2857142857142857,-0.342719795398426,0.5009907588869346,0.000378265878458358,18505.502078402787,0.0255550902223801
exc_5PET,32,2,excitatory,5PET,14,12,1.1666666666666667,0.2857142857142857,0.6936368088361017,0.4853086870402619,0.0002121233055612211,65999.3486475226,0.1191808183505567
exc_5PET,34,0,excitatory,5PET,8,7,1.1428571428571428,0.25,0.7815178992251611,0.0969522718542096,0.0005349875572714468,14953.618810878042,0.0157901685655764
exc_5PET,35,2,excitatory,5PET,35,27,1.2962962962962963,0.42857142857142855,-1.333885633120376,-1.5069099476202013,0.00034046190758053613,102801.51529645284,0.1579400421986242
exc_5PET,36,0,excitatory,5PET,5,5,1.0,0.0,0.131254625196903,0.1346621430338318,0.00044562987484503665,11220.073613194583,0.0183195896735848
exc_5PET,40,0,excitatory,5PET,7,4,1.75,0.8571428571428571,-0.5565853606919713,1.487615935554612,0.0007832903162165184,8936.660973688136,0.0094051508032251
exc_5PET,41,1,excitatory,5PET,17,12,1.4166666666666667,0.47058823529411764,0.2203159234901187,0.6046213365704536,0.00038850980705721976,43756.93918453965,0.058532266130116
exc_5PET,42,2,excitatory,5PET,4,4,1.0,0.0,-0.4828096973712611,,4.476894132499209e-05,89347.65669267715,0.1887537546397618
exc_5PET,45,2,excitatory,5PET,60,46,1.3043478260869565,0.4166666666666667,-2.1655785372485905,-2.418595662908005,0.0004951769043827013,121168.81758610564,0.1983730571973813
exc_5PET,46,1,excitatory,5PET,13,10,1.3,0.38461538461538464,1.8685006095372736,-0.3962900048108994,0.00041264269518163764,31504.25332084854,0.0461085233658485
exc_5PET,47,1,excitatory,5PET,8,7,1.1428571428571428,0.25,0.1275020552752044,0.2388476313722588,0.0001868128212294675,42823.61321535513,0.0626570402998857
exc_5PET,49,2,excitatory,5PET,34,26,1.3076923076923077,0.4411764705882353,-1.5139939475319824,-1.9357619967511164,0.0003716411077618182,91486.11197712371,0.1541025540046695
exc_5PET,50,2,excitatory,5PET,26,22,1.1818181818181819,0.3076923076923077,-2.2290552731224196,-1.2346174768885223,0.0002944943757442535,88286.91527399175,0.156022740759345
exc_5PET,51,1,excitatory,5PET,4,4,1.0,0.0,-0.5424972108626136,,0.00020842244924588194,19191.7905891274,0.0342153352032557
exc_5PET,52,0,excitatory,5PET,6,4,1.5,0.5,-0.6085729034963823,0.1810840874949905,0.0003395899159877761,17668.3691638711,0.0189968666583784
exc_5PET,53,2,excitatory,5PET,40,33,1.2121212121212122,0.325,-1.1070593642795767,-1.5629409982572695,0.00030697097079335987,130305.48099261914,0.2149247534445826
exc_5PET,54,1,excitatory,5PET,5,4,1.25,0.4,-1.5388982434937213,-0.3579409371109788,9.671572616863877e-05,51697.90062147421,0.0897230163595836
exc_5PET,56,1,excitatory,5PET,14,9,1.5555555555555556,0.5714285714285714,-0.024807158852546,0.2503060074702148,0.0004952869186847522,28266.444099063585,0.0303274759636479
exc_5PET,57,2,excitatory,5PET,40,35,1.1428571428571428,0.225,-2.7268250602132125,0.7068237798313469,0.0003129085890323611,127832.860464764,0.2187155814099402
exc_5PET,58,1,excitatory,5PET,13,11,1.1818181818181819,0.23076923076923078,-1.6265493187446964,-1.9067660701193756,0.0003230439479696518,40242.20259102727,0.0662452203719892
exc_5PET,59,1,excitatory,5PET,12,10,1.2,0.3333333333333333,-2.056085131930289,1.081225259179276,0.0003081392534354442,38943.43179654008,0.0684141220667167
exc_5PET,60,2,excitatory,5PET,31,27,1.1481481481481481,0.22580645161290322,0.0349697782165819,-0.0578414936807964,0.00022024417526547883,140752.87104702357,0.2442027597562392
exc_5PET,62,1,excitatory,5PET,44,30,1.4666666666666666,0.5227272727272727,-1.6538829505343158,-0.9884119185567533,0.001013465026105223,43415.410366052136,0.0462401321956308
exc_5PET,63,2,excitatory,5PET,34,27,1.2592592592592593,0.38235294117647056,0.2399184256474671,-0.7236536766311924,0.00034400801710400834,98834.90590197596,0.1564866406791134
exc_5PET,64,0,excitatory,5PET,3,2,1.5,0.6666666666666666,-0.2551597294982267,,0.00022258181515209742,13478.190021723032,0.0200609177629641
exc_5PET,65,1,excitatory,5PET,16,14,1.1428571428571428,0.25,-0.8148623915215455,1.31865874070414,0.000305563997580525,52362.18967774021,0.0935329340989355
exc_5PET,66,1,excitatory,5PET,6,6,1.0,0.0,0.8284458978235969,-1.5624358729033812,0.0002505125527454526,23950.895610794556,0.0413216319044827
exc_5PET,78,1,excitatory,5PET,19,16,1.1875,0.3157894736842105,-1.8642078113340468,-2.6233149037726173,0.00027390792633945034,69366.37524119532,0.1140183601952206
exc_5PET,79,0,excitatory,5PET,5,5,1.0,0.0,-0.4327709928621089,-0.4726441319284726,0.00047781767602295274,10464.2424315835,0.0114952351001791
exc_5PET,80,1,excitatory,5PET,10,9,1.1111111111111112,0.2,-1.620295495298118,-0.759702279607116,0.0001945720662895623,51394.838892844935,0.0806891281279241
exc_5PET,83,0,excitatory,5PET,17,13,1.3076923076923077,0.35294117647058826,-0.226128759987943,-0.578349951488266,0.0008178939968707115,20785.089589901065,0.0224987618588724
exc_5PET,84,0,excitatory,5PET,4,3,1.3333333333333333,0.5,-0.4994033822816824,,0.0002451258786601044,16318.146504418924,0.0210738425153457
exc_5PET,86,1,excitatory,5PET,16,12,1.3333333333333333,0.5,1.4272800684743117,-1.7890275957654589,0.00044429225838176785,36012.33129354158,0.0574172715433199
exc_5PET,87,2,excitatory,5PET,31,26,1.1923076923076923,0.3225806451612903,-2.9100803872819094,0.1272048988576347,0.00019201320308028652,161447.23124606156,0.2642928464014374
exc_5PET,88,2,excitatory,5PET,20,17,1.1764705882352942,0.25,-0.8304269659606561,1.197163472235783,0.00018933986208699121,105630.16038752106,0.1822565866732509
exc_5PET,89,1,excitatory,5PET,38,25,1.52,0.5263157894736842,0.1140773634802824,-0.1489844691880605,0.0007993855095331176,47536.51341790516,0.0505137385229001
exc_5PET,90,1,excitatory,5PET,12,11,1.0909090909090908,0.16666666666666666,-1.9294864408483692,-1.7640038069465918,0.0005276429738854303,22742.650985447628,0.0304348686531877
exc_5PET,93,2,excitatory,5PET,11,10,1.1,0.18181818181818182,0.1259805330721074,-0.2679923787199466,0.00016241173462860418,67729.0962081915,0.1308690929009702
exc_5PET,94,2,excitatory,5PET,12,12,1.0,0.0,-0.957944333934906,0.2772173346852739,0.0001873319235608819,64057.421564349985,0.1223093003038906
exc_5PET,95,1,excitatory,5PET,10,8,1.25,0.4,-0.4468094904521905,0.3710592069370294,0.00024592209571956767,40663.28391818562,0.0659356442474408
exc_5PET,97,0,excitatory,5PET,4,4,1.0,0.0,1.265425615436882,,0.00029632447196320223,13498.716368240834,0.0245444730193476
exc_5PET,102,0,excitatory,5PET,3,2,1.5,0.6666666666666666,0.5248741487653485,,0.0002493735884764871,12030.143281524231,0.0245974571256564
exc_5PET,103,0,excitatory,5PET,7,7,1.0,0.0,0.637350197963066,0.9953458960669972,0.00042850857664060394,16335.729041593948,0.017487517089294
exc_5PET,104,1,excitatory,5PET,20,17,1.1764705882352942,0.25,0.8927917401592406,0.1388788858545829,0.00030683320421960803,65181.993750863774,0.1079779310243684
exc_5PET,107,2,excitatory,5PET,9,7,1.2857142857142858,0.3333333333333333,-0.1274872482740049,-0.4013969623437687,0.0001342524573407484,67037.87906955736,0.1214124519922192
exc_5PET,110,0,excitatory,5PET,4,3,1.3333333333333333,0.5,1.2154565837001357,,0.00043247677195394136,9249.051647162218,0.0131793529009224
exc_5PET,112,2,excitatory,5PET,37,29,1.2758620689655173,0.40540540540540543,0.9177136728369047,-0.0910938439068144,0.0002927073389409304,126406.1233786378,0.2129309045039664
exc_5PET,113,2,excitatory,5PET,32,25,1.28,0.375,-0.8639910097587851,-1.6909468078028511,0.00022148680827894585,144478.13054264805,0.2286922990248779
exc_5PET,114,2,excitatory,5PET,31,20,1.55,0.5161290322580645,-2.6755446158362317,0.6698090615246294,0.00027927397890881,111002.10668077416,0.1804737562907985
exc_5PET,115,1,excitatory,5PET,38,31,1.2258064516129032,0.34210526315789475,0.393035985261274,-0.9183041572195338,0.0003904055859944193,97334.672871569,0.1021041869586234
exc_5PET,117,2,excitatory,5PET,29,24,1.2083333333333333,0.3103448275862069,-1.9165516525932915,-1.428062544551116,0.00021296531045542636,136172.41201387913,0.2218995866876265
exc_5PET,118,2,excitatory,5PET,36,32,1.125,0.2222222222222222,-0.9288321007224402,0.3300295972786067,0.0003079786304743006,116891.22698077596,0.2006981301213347
exc_5PET,121,2,excitatory,5PET,19,15,1.2666666666666666,0.3684210526315789,-0.267601607046716,-0.5825993497272951,0.0002083758735856685,91181.38138093338,0.1638291158585414
exc_5PET,122,2,excitatory,5PET,14,11,1.2727272727272727,0.42857142857142855,-1.506340572295147,-0.9102999539997638,0.00016424102023290265,85240.58106889036,0.142632839646262
exc_5PET,123,1,excitatory,5PET,3,3,1.0,0.0,1.6960554327929829,,5.7694234362392096e-05,51998.263486022544,0.1019515725767622
exc_5PET,124,1,excitatory,5PET,3,3,1.0,0.0,-0.1285410876339082,,6.360559898288524e-05,47165.65912392759,0.0728834389580885
exc_5PET,125,1,excitatory,5PET,25,20,1.25,0.36,0.3293565631483038,-0.8554759938248653,0.00034111295322014374,73289.506493369,0.1093005145357376
exc_5PET,126,0,excitatory,5PET,8,6,1.3333333333333333,0.5,-1.342962811530673,0.2748396734500609,0.0005767422042850702,13871.01540438991,0.0185329156717757
exc_5PET,128,0,excitatory,5PET,8,4,2.0,0.75,-0.5331425202677085,0.5038726143386613,0.0005877375908346709,13611.516644084077,0.0175484789758532
exc_5PET,129,1,excitatory,5PET,5,4,1.25,0.4,-0.5737659907648387,-1.0222173645344257,0.00019638012289018017,25460.825293383197,0.0297634224367858
exc_5PET,131,2,excitatory,5PET,33,27,1.2222222222222223,0.3333333333333333,0.9155397500126046,2.2642409256213467,0.00027464458204874486,120155.292173734,0.188211046664016
exc_5PET,132,2,excitatory,5PET,41,31,1.3225806451612903,0.36585365853658536,1.3442827902627836,0.365192581530819,0.00042023558435176726,97564.32231517088,0.1605286415188867
exc_5PET,133,2,excitatory,5PET,30,24,1.25,0.3333333333333333,-0.4147358996651966,-3.2649761989298636,0.00032901533032840644,91181.16158920473,0.1550246699239611
exc_5PET,134,2,excitatory,5PET,27,22,1.2272727272727273,0.3333333333333333,-0.3196688137301774,-1.2098445056199325,0.0003361567329643821,80319.6763661456,0.1393818403957583
exc_5PET,135,1,excitatory,5PET,4,2,2.0,0.75,-0.2973193033658285,,0.00015731753745142703,25426.2815500467,0.0317177578306714
exc_5PET,136,1,excitatory,5PET,5,4,1.25,0.4,-2.0700450242387,-0.7758681934107972,7.694988153718549e-05,64977.357990912365,0.0967988114369469
exc_5PET,137,2,excitatory,5PET,25,15,1.6666666666666667,0.64,-0.5067411959260649,0.8330828540230258,0.0002735154996237402,91402.4983388184,0.1445355815862492
exc_5PET,139,2,excitatory,5PET,32,23,1.391304347826087,0.53125,0.3834777966698441,1.5923891006127209,0.0003823675836243012,83689.10276515986,0.1453752118662717
exc_5PET,140,2,excitatory,5PET,27,19,1.4210526315789473,0.5555555555555556,-0.7282492603361669,-0.5862249228229028,0.00034795604305595226,77596.0082856165,0.137538279754218
exc_5PET,145,2,excitatory,5PET,36,29,1.2413793103448276,0.3611111111111111,-1.0583762419253624,-0.0431869253690364,0.00022314901329223595,161327.17536534386,0.2912616567050359
exc_5PET,146,0,excitatory,5PET,4,2,2.0,0.75,-0.0747873674343156,,0.00043379958015237976,9220.84802063416,0.0111887786612636
exc_5PET,147,0,excitatory,5PET,5,5,1.0,0.0,0.0772507710129732,1.6981808305058828,0.0008352601974493839,5986.158583000115,0.0097279130355297
exc_5PET,151,2,excitatory,5PET,7,6,1.1666666666666667,0.2857142857142857,-0.4031087024264271,-0.2522880014197917,6.0186520688119014e-05,116305.11150949151,0.2279340869281599
exc_5PET,153,2,excitatory,5PET,12,9,1.3333333333333333,0.4166666666666667,-1.6255888005334995,-1.1088102342716288,0.00017022500887604967,70494.92950085772,0.1191912925009421
exc_5PET,158,1,excitatory,5PET,14,10,1.4,0.5,-0.1160257407642248,0.1826563616913159,0.0004035924179075734,34688.46137542192,0.0491184930067292
exc_5PET,160,1,excitatory,5PET,16,10,1.6,0.6875,-2.4978262727573832,-0.7195074871469703,0.00044161990024727064,36230.251379164125,0.0538343065051431
exc_5PET,161,1,excitatory,5PET,15,11,1.3636363636363635,0.4666666666666667,-1.852457196324441,-0.563503965636947,0.00023838752112911694,62922.756732201626,0.1007350259360748
exc_5PET,162,2,excitatory,5PET,31,27,1.1481481481481481,0.25806451612903225,-1.758660370873636,-2.7184494553511693,0.00022488662117663301,137847.239812686,0.2241076597224305
exc_5PET,165,1,excitatory,5PET,5,5,1.0,0.0,0.6789555091465199,0.9928335569969317,0.00016693411613399122,29951.936223669843,0.0456358619790622
exc_5PET,166,1,excitatory,5PET,13,12,1.0833333333333333,0.15384615384615385,0.1296431245453557,-1.160135703476958,0.000267830100145079,48538.23372712074,0.0712415295267129
exc_5PET,167,2,excitatory,5PET,14,14,1.0,0.0,0.0331786422412868,0.9002674279667003,0.00014127900663684584,99094.6944862562,0.162275542456474
exc_5PET,169,0,excitatory,5PET,4,3,1.3333333333333333,0.5,-1.1704820375355822,,0.0003844352304341073,10404.873651884527,0.0159074109866086
exc_5PET,171,2,excitatory,5PET,12,7,1.7142857142857142,0.6666666666666666,-1.2440422403921807,-1.2000098291657222,0.00013432384718990657,89336.33342882477,0.1598034043025774
exc_5PET,172,1,excitatory,5PET,6,5,1.2,0.3333333333333333,-1.4902736355658,-0.1611195890363465,0.00021084917231670538,28456.360222214757,0.0473188998207255
exc_5PET,175,1,excitatory,5PET,3,3,1.0,0.0,2.0014171388585007,,0.00010594034980140574,28317.82229928216,0.0468698528474938
exc_5PET,179,1,excitatory,5PET,20,14,1.4285714285714286,0.5,1.576684652725402,2.0885372959983903,0.00049294491648735,40572.48453339764,0.056510259057946
exc_5PET,180,1,excitatory,5PET,14,10,1.4,0.5,-2.552691507843105,-0.2651852713373334,0.00020543905737843303,68146.73012352771,0.1064309174824415
exc_5PET,181,0,excitatory,5PET,4,3,1.3333333333333333,0.5,-0.0028006355348695,,0.0002670135653229765,14980.512301544104,0.0228289846737684
exc_5PET,182,1,excitatory,5PET,24,21,1.1428571428571428,0.25,0.5017548840841781,-0.2444509570468637,0.00040060993458477465,59908.64910745558,0.0922356160682508
exc_5PET,185,1,excitatory,5PET,27,19,1.4210526315789473,0.5925925925925926,0.4346332738990905,-1.0404025008411495,0.0005439195154801063,49639.69710880417,0.0725706127768846
exc_5PET,187,2,excitatory,5PET,24,21,1.1428571428571428,0.25,-0.2432450811148096,-0.7181286787349758,0.0002586140543093689,92802.3810001054,0.1469688646147019
exc_5PET,188,2,excitatory,5PET,12,12,1.0,0.0,-0.9618589618008202,-0.013511057498608,0.00016365467104686895,73325.12981901584,0.1236285114100883
exc_5PET,189,1,excitatory,5PET,13,11,1.1818181818181819,0.3076923076923077,-0.5333477711387443,-0.1548979326473116,0.0002259196982289309,57542.56977993449,0.1048222928614526
exc_5PET,190,0,excitatory,5PET,4,4,1.0,0.0,0.0190978026272821,,0.0004626857138974505,8645.177233387756,0.0134118407190127
exc_5PET,198,1,excitatory,5PET,15,12,1.25,0.3333333333333333,0.3258446218159385,2.063921018895968,0.00027528037282598887,54489.90004631333,0.0928524332792732
exc_5PET,199,1,excitatory,5PET,6,5,1.2,0.3333333333333333,-0.429093493642051,-1.3374505362169344,0.0002650039363387251,22641.17311952252,0.0409087017029973
exc_5PET,200,2,excitatory,5PET,35,29,1.206896551724138,0.3142857142857143,-2.245030701950012,0.7919048233708943,0.00033579721761170826,104229.57119457578,0.1833439699059396
exc_5PET,201,2,excitatory,5PET,31,28,1.1071428571428572,0.1935483870967742,-1.6768589831398115,-1.1021053690749725,0.00030908916848783807,100294.68244281028,0.1701098939366364
exc_5PET,203,2,excitatory,5PET,48,43,1.1162790697674418,0.1875,-0.6137481662015019,1.2509141286310277,0.00035976794153720827,133419.33635027817,0.2317388490168414
exc_5PET,204,2,excitatory,5PET,36,30,1.2,0.2777777777777778,2.132487213924632,1.8453671783813816,0.00030764810399326457,117016.81087164496,0.2072690780029784
exc_5PET,205,1,excitatory,5PET,16,13,1.2307692307692308,0.375,0.774212165652023,1.0415500366055956,0.000334260339183871,47866.88136278911,0.0669118431213197
exc_5PET,206,0,excitatory,5PET,13,9,1.4444444444444444,0.5384615384615384,-0.1961652900380911,1.76637934536947,0.0006599112924316143,19699.617432061405,0.0249399990288924
exc_5PET,212,2,excitatory,5PET,25,21,1.1904761904761905,0.28,-1.4071303490061269,0.226245687506203,0.00022387003278372691,111671.93611907688,0.1999417010589637
exc_5PET,213,2,excitatory,5PET,25,21,1.1904761904761905,0.24,-4.629242411768928,-2.9003017451507778,0.000343131488312602,72858.36727763186,0.1170301612441578
exc_5PET,215,1,excitatory,5PET,8,7,1.1428571428571428,0.25,0.2747460081287617,1.977208387921976,0.00018947433896313354,42222.076317978754,0.0793214694311079
exc_5PET,216,2,excitatory,5PET,29,25,1.16,0.2413793103448276,1.6866582654573432,-1.5151997941791189,0.0003026556157710035,95818.47647572513,0.1697494893609631
exc_5PIT,0,0,excitatory,5PIT,10,7,1.4285714285714286,0.5,-3.8186655586054785,-2.4121293367051444,0.0008306763862766317,12038.382413665726,0.0104060519010628
exc_5PIT,1,0,excitatory,5PIT,11,7,1.5714285714285714,0.6363636363636364,0.1733747362309617,0.254946252547587,0.0006424850057148268,17121.022128386383,0.0155176135319432
exc_5PIT,2,0,excitatory,5PIT,6,3,2.0,0.6666666666666666,-1.5398508595233928,0.3503459528932936,0.0003145760168663167,19073.291281928145,0.0187329456928979
exc_5PIT,3,0,excitatory,5PIT,6,5,1.2,0.3333333333333333,-1.1722759924950368,-0.4260453855580896,0.0003893536282756023,15410.155612452458,0.0099952217444044
exc_5PIT,4,0,excitatory,5PIT,11,7,1.5714285714285714,0.6363636363636364,-1.227863607321506,0.0290490487498405,0.0006826307049374639,16114.130115210266,0.0150570854776748
exc_5PIT,5,1,excitatory,5PIT,7,6,1.1666666666666667,0.2857142857142857,0.3088171055600752,0.045098926917601,0.00025344443078986723,27619.466634892266,0.0359934786659026
exc_5PIT,6,0,excitatory,5PIT,3,2,1.5,0.6666666666666666,-1.0594210870426677,,0.0001652934705519392,18149.53724416675,0.017147659433101
exc_5PIT,7,1,excitatory,5PIT,20,14,1.4285714285714286,0.45,-1.6014360408683554,0.9279217837678168,0.00036243997499211313,55181.55109804102,0.0826258621885306
exc_5PIT,8,0,excitatory,5PIT,6,6,1.0,0.0,-0.4398947651211167,-1.1025064511512714,0.0002916692282627478,20571.247902075396,0.0181213413150596
exc_5PIT,14,1,excitatory,5PIT,4,4,1.0,0.0,-0.7895331604257839,,0.00015316213598366447,26116.115280780756,0.0423249179867514
exc_5PIT,16,0,excitatory,5PIT,3,2,1.5,0.6666666666666666,0.2560201834280601,,0.0004005019078697226,7490.601020996524,0.008752443598646
exc_5PIT,17,1,excitatory,5PIT,11,9,1.2222222222222223,0.2727272727272727,0.5540695120273454,1.385842018765319,0.00040481433470200876,27172.950800018734,0.0402352557608315
exc_5PIT,18,0,excitatory,5PIT,8,4,2.0,0.75,-1.5773975641620124,-0.0226962472301367,0.0007680151049603284,10416.461796559635,0.0126738204066397
exc_5PIT,19,1,excitatory,5PIT,10,5,2.0,0.8,-2.434549652098526,-0.8501320294531262,0.0003463510215500214,28872.442631314025,0.0427251770293177
exc_5PIT,21,1,excitatory,5PIT,7,7,1.0,0.0,0.9519297835577378,0.0510749879697914,0.00011597779475550585,60356.38127761251,0.098722570429034
exc_5PIT,23,2,excitatory,5PIT,25,19,1.3157894736842106,0.44,1.547786853088591,0.8208094526298719,0.00022524809680601104,110988.72911468188,0.206026126811998
exc_5PIT,26,1,excitatory,5PIT,13,8,1.625,0.6153846153846154,-0.7813890862080822,-0.8798285378204043,0.00027977447736396015,46465.99690753145,0.0584547318642944
exc_5PIT,27,2,excitatory,5PIT,21,18,1.1666666666666667,0.23809523809523808,-0.2116656647822153,0.9861616535862342,0.0001709199656021409,122864.52273740078,0.2357195665419027
exc_5PIT,28,2,excitatory,5PIT,9,9,1.0,0.0,-0.54665600478361,-0.2938048792891092,0.0001284410864452014,70071.03606087757,0.1434308774207066
exc_5PIT,32,2,excitatory,5PIT,12,11,1.0909090909090908,0.16666666666666666,-1.5322454488761477,0.5516462373552842,8.480381031149953e-05,141503.0758160731,0.2752552156745008
exc_5PIT,33,0,excitatory,5PIT,3,2,1.5,0.6666666666666666,-0.8928369465329558,,0.00021434182468021455,13996.33508054634,0.0226401510532431
exc_5PIT,35,2,excitatory,5PIT,28,21,1.3333333333333333,0.4642857142857143,-3.1617115026474747,-1.077534633336967,0.0003735877884722683,74948.91659735945,0.1275067792924602
exc_5PIT,38,1,excitatory,5PIT,37,26,1.4230769230769231,0.5135135135135135,-1.9333765450449252,-1.3558990866736524,0.0004655665525065725,79473.06309011033,0.101385133702413
exc_5PIT,39,1,excitatory,5PIT,19,16,1.1875,0.21052631578947367,-2.80671366918109,-1.9431331256866544,0.0003506977141771184,54177.71269077656,0.0910040897781697
exc_5PIT,40,2,excitatory,5PIT,25,23,1.0869565217391304,0.16,0.091111309513425,-1.179821367454017,0.0002589849231510903,96530.71574909842,0.1880526157549402
exc_5PIT,41,1,excitatory,5PIT,8,8,1.0,0.0,-1.4475102172391288,0.2425268973886616,0.00015679414131861743,51022.31456303843,0.1022493327001652
exc_5PIT,42,2,excitatory,5PIT,25,24,1.0416666666666667,0.08,-0.2167043381874893,0.8524932905742985,0.00020028784988468552,124820.35237980534,0.2470082160265787
exc_5PIT,43,2,excitatory,5PIT,29,24,1.2083333333333333,0.2413793103448276,0.7803969347925456,-1.6465267511846953,0.000319320045163426,90817.97538002345,0.1880622513028459
exc_5PIT,45,2,excitatory,5PIT,22,18,1.2222222222222223,0.3181818181818182,1.6345864616689023,-0.7532458729810673,0.00029966099029712933,73416.29612244779,0.1357687761626774
exc_5PIT,46,2,excitatory,5PIT,12,11,1.0909090909090908,0.16666666666666666,-1.214743895987003,1.633239303467009,0.00015126314394112544,79331.94886303986,0.1645683108791023
exc_5PIT,47,2,excitatory,5PIT,19,17,1.1176470588235294,0.21052631578947367,-1.026333904224816,-0.4936655964443387,0.00026283000095922356,72290.07316766602,0.1468938282911285
exc_5PIT,49,1,excitatory,5PIT,17,15,1.1333333333333333,0.23529411764705882,0.7456975089219148,-1.265956345602239,0.0003104104343183877,54766.200232055075,0.1018093624412737
exc_5PIT,50,2,excitatory,5PIT,41,31,1.3225806451612903,0.36585365853658536,-0.967370804719526,0.1292693370590891,0.00037035003414794427,110706.078627285,0.1442466141013694
exc_5PIT,51,1,excitatory,5PIT,14,13,1.0769230769230769,0.14285714285714285,0.888774481902378,-0.6099079024842409,0.0002668419947974528,52465.5049540712,0.0954707612757006
exc_5PIT,52,2,excitatory,5PIT,26,25,1.04,0.07692307692307693,0.3042249608888537,0.8012667238834723,0.0002101885289647764,123698.47264289625,0.246366705565581
exc_5PIT,53,2,excitatory,5PIT,7,7,1.0,0.0,-0.5975388030987278,1.18332153087747,9.565304539385598e-05,73181.15143304811,0.1481985552241902
exc_5PIT,54,1,excitatory,5PIT,4,4,1.0,0.0,-0.6816672637612806,,0.00027321769515180534,14640.340179202223,0.0310893709907341
exc_5PIT,63,0,excitatory,5PIT,8,5,1.6,0.625,-1.8491449853407496,0.4131840356655688,0.0005337749327359055,14987.590292026956,0.0213488801731897
exc_5PIT,64,0,excitatory,5PIT,4,3,1.3333333333333333,0.5,-2.4714928913605663,,0.00026899799741712625,14869.999176229305,0.0186344678483876
exc_5PIT,65,2,excitatory,5PIT,16,16,1.0,0.0,-0.5588835737638244,-0.8455502360292374,0.00012009129220388863,133231.9746617058,0.2522902483987989
exc_5PIT,66,2,excitatory,5PIT,17,15,1.1333333333333333,0.23529411764705882,-0.2563704010447692,-0.5107817809306084,0.0001403888747524093,121092.2163880956,0.2423421049496486
exc_5PIT,67,1,excitatory,5PIT,8,8,1.0,0.0,-0.5479448044091821,-0.8536908226785289,0.000355031650892963,22533.20226486479,0.0359135712548566
exc_5PIT,68,2,excitatory,5PIT,30,25,1.2,0.3,0.4497411329328536,-0.0792646498582939,0.00020672242115487376,145122.13930352716,0.2697733605814654
exc_5PIT,69,1,excitatory,5PIT,19,16,1.1875,0.3157894736842105,-0.4454667301723283,-1.598227723426712,0.00033450704260007684,56799.99994115411,0.0966201956912192
exc_5PIT,70,2,excitatory,5PIT,34,27,1.2592592592592593,0.38235294117647056,-2.152165355612929,-0.4445934339704188,0.00020186391815332197,168430.29854486394,0.3221961770800417
exc_5PIT,71,2,excitatory,5PIT,28,26,1.0769230769230769,0.14285714285714285,-1.7005661834444117,1.5507983898794642,0.00020682947657781056,135377.22216043138,0.2643752851699075
exc_5PIT,72,1,excitatory,5PIT,13,11,1.1818181818181819,0.3076923076923077,-1.0232893291662943,-0.3571008059998369,0.00041009472746218685,31699.993024657153,0.0535583783920093
exc_5PIT,73,1,excitatory,5PIT,11,10,1.1,0.18181818181818182,1.3612260179758469,1.1183842102229218,0.0001878244002433435,58565.34074246213,0.0835101095536936
exc_5PIT,74,2,excitatory,5PIT,9,9,1.0,0.0,0.0243999250234707,0.6084612528653704,0.00011503841909546209,78234.73297674187,0.120555914701014
exc_5PIT,75,1,excitatory,5PIT,7,7,1.0,0.0,0.0999244719941582,-1.6970926460025002,0.00013691076628897145,51128.192396684215,0.0991368625626333
exc_5PIT,76,2,excitatory,5PIT,25,24,1.0416666666666667,0.08,0.4339311551784007,-0.3605593904686984,0.0001993753930626473,125391.6023234851,0.2529973035739136
exc_5PIT,80,2,excitatory,5PIT,7,7,1.0,0.0,-1.6807975424501047,0.7904635025658405,6.537761397446318e-05,107070.28865773894,0.2101815357750338
exc_5PIT,82,1,excitatory,5PIT,3,3,1.0,0.0,0.2039871641645344,,5.329604238474465e-05,56289.35781653299,0.0990708142577288
exc_5PIT,84,0,excitatory,5PIT,4,4,1.0,0.0,0.6107738867944458,,0.00038130333867737173,10490.335631140326,0.0232007340926512
exc_5PIT,88,1,excitatory,5PIT,3,3,1.0,0.0,-0.8414177972155287,,5.845291952285879e-05,51323.35603573762,0.0987109308645679
exc_5PIT,89,2,excitatory,5PIT,31,30,1.0333333333333334,0.06451612903225806,-0.2089514127256287,-0.4276907111908632,0.00028314843522709324,109483.2114298534,0.2076063832446487
exc_5PIT,90,1,excitatory,5PIT,16,12,1.3333333333333333,0.4375,-2.079995401907722,0.129341741034747,0.0004353512486863155,36751.93317644188,0.0616096937692168
exc_5PIT,101,1,excitatory,5PIT,3,3,1.0,0.0,0.6614720972814102,,0.00018174485043129772,16506.65750848355,0.0339944254378406
exc_5PIT,110,2,excitatory,5PIT,20,19,1.0526315789473684,0.1,-0.557436250809533,-0.2852867684844754,0.00017045063575959698,117336.02465530216,0.234029351093375
exc_5PIT,113,2,excitatory,5PIT,29,27,1.0740740740740742,0.10344827586206896,-0.148608805869808,-1.396713184267411,0.00018445730734972132,157217.95149604743,0.2988441427329818
exc_5PIT,114,2,excitatory,5PIT,21,13,1.6153846153846154,0.6190476190476191,-1.0311038577434732,-0.4604028694918153,0.00020020227209590954,104893.91444038993,0.2077284462400125
exc_5PIT,115,0,excitatory,5PIT,5,3,1.6666666666666667,0.6,0.2916644059427803,1.0352727814168854,0.0004749010214519325,10528.509677055052,0.0149923614224142
exc_5PIT,116,2,excitatory,5PIT,18,12,1.5,0.5555555555555556,0.9734330576214512,-0.3730602798599476,0.00026695599556233687,67426.84299741386,0.1260279301362902
exc_5PIT,118,2,excitatory,5PIT,14,13,1.0769230769230769,0.14285714285714285,0.0785484864131372,1.243562452153148,0.00020669376078060383,67733.05564293434,0.1356972822923948
exc_5PIT,119,2,excitatory,5PIT,23,19,1.2105263157894737,0.30434782608695654,-1.9466247123133853,-0.2578287580375206,0.00013931350009683345,165095.27062354513,0.3094132001029029
exc_5PIT,121,2,excitatory,5PIT,26,22,1.1818181818181819,0.2692307692307692,-2.4306186354381243,-0.6383664769617277,0.00018654365315474113,139377.56423389306,0.2515903182488239
exc_5PIT,122,2,excitatory,5PIT,29,26,1.1153846153846154,0.20689655172413793,1.8331132733576196,-0.0147024275840695,0.0003046175087145363,95201.35635793848,0.180056611252604
exc_5PIT,123,2,excitatory,5PIT,16,14,1.1428571428571428,0.25,1.1527214753840909,1.305341561359946,0.0001768631560507353,90465.421726446,0.1751643479228941
exc_5PIT,126,2,excitatory,5PIT,19,17,1.1176470588235294,0.15789473684210525,0.6307322135065764,0.4512055779079431,0.0001987863747116466,95579.9914735646,0.1829946412824679
exc_5PIT,127,1,excitatory,5PIT,3,3,1.0,0.0,-1.3867923827325612,,7.671860810682322e-05,39103.94197745078,0.0668542643200443
exc_5PIT,129,2,excitatory,5PIT,20,16,1.25,0.4,0.0148739668004024,-0.5761396383052542,0.00019449758328477995,102829.0411748528,0.1976507192155571
exc_5PIT,130,2,excitatory,5PIT,9,9,1.0,0.0,0.3102048383437245,-0.1423633273372727,0.00013853607318651455,64965.028912600086,0.1249738374504634
exc_5PIT,134,1,excitatory,5PIT,3,3,1.0,0.0,-0.6357755052126242,,0.00011031889265290339,27193.89152535194,0.0537326562320772
exc_5PIT,135,2,excitatory,5PIT,22,21,1.0476190476190477,0.09090909090909091,-0.2193639787387417,-0.4971341628268282,0.00018103180315264057,121525.60830126773,0.2421473121078917
exc_5PIT,136,1,excitatory,5PIT,6,6,1.0,0.0,1.4929307626549415,-1.62590913157262,0.00022645411379311305,26495.43388503668,0.0614183081832982
exc_5PIT,139,2,excitatory,5PIT,18,16,1.125,0.16666666666666666,0.3481577526687706,-1.0299052471723156,0.00014848331743042494,121225.73977668762,0.234552493295394
exc_5PIT,140,2,excitatory,5PIT,31,29,1.0689655172413792,0.0967741935483871,-0.8276984662373607,0.6282171772288263,0.00027837326131824867,111361.27030734975,0.2102555034448988
exc_6PCT,0,0,excitatory,6PCT,8,2,4.0,1.0,-2.4698117832704187,-1.3180283449938872,0.0007568926921176086,10569.529978705268,0.0090495558416181
exc_6PCT,2,0,excitatory,6PCT,3,3,1.0,0.0,0.5990619568310823,,0.00015735647462303295,19064.99244588997,0.0171926545594673
exc_6PCT,3,2,excitatory,6PCT,14,9,1.5555555555555556,0.5714285714285714,1.1076991043234776,0.7833988961851793,9.054867960532965e-05,154612.9668706507,0.2828639457758156
exc_6PCT,4,2,excitatory,6PCT,22,16,1.375,0.4090909090909091,1.3584990665240853,-0.2878220518414242,0.0001447441747179201,151992.29981361234,0.2772517261562214
exc_6PCT,5,2,excitatory,6PCT,8,7,1.1428571428571428,0.25,-0.8336198799132649,-0.8011167597180586,6.05290867312149e-05,132167.86229610158,0.246496076815594
exc_6PCT,6,1,excitatory,6PCT,9,5,1.8,0.6666666666666666,-1.2157084283769908,-1.2707106596848765,0.0002089933043563909,43063.58056644978,0.0618458632673403
exc_6PCT,8,0,excitatory,6PCT,5,2,2.5,0.8,-1.5525969024583444,-1.497588642543687,0.000217792843640693,22957.59546741042,0.0261498759063834
exc_6PCT,10,2,excitatory,6PCT,14,12,1.1666666666666667,0.2857142857142857,0.0080983156483154,0.4024520921208803,0.00010574717033195533,132391.24939279244,0.2543617530012839
exc_6PCT,11,0,excitatory,6PCT,3,2,1.5,0.6666666666666666,0.834528832722698,,0.00018537571995871905,16183.349149867438,0.0207679952386391
exc_6PCT,12,0,excitatory,6PCT,5,3,1.6666666666666667,0.6,0.6479411838487609,0.0248129512049964,0.00027775991000825244,18001.15790594635,0.0259901697277791
exc_6PCT,13,1,excitatory,6PCT,6,5,1.2,0.3333333333333333,0.7332075122388982,0.4892145501933521,0.00019067463126410511,31467.217008482618,0.0432916690011658
exc_6PCT,15,2,excitatory,6PCT,14,10,1.4,0.42857142857142855,-0.1567721847632965,-3.308256896665459,0.00013980734781875238,100137.7983233738,0.1892592183914752
exc_6PCT,16,2,excitatory,6PCT,10,10,1.0,0.0,0.2670258348048711,0.7966936113218628,0.00010708611412318815,93382.7890000411,0.1835046430354478
exc_6PCT,19,1,excitatory,6PCT,9,6,1.5,0.6666666666666666,0.1027181734801526,-0.2575663801781037,0.0003327212662578247,27049.6686347242,0.0387940786489405
exc_6PCT,21,1,excitatory,6PCT,6,5,1.2,0.3333333333333333,0.4681973675946889,0.9471683380230466,9.976988928190647e-05,60138.38486927254,0.1166520639271448
exc_6PCT,23,1,excitatory,6PCT,9,6,1.5,0.5555555555555556,-2.58204144994218,-2.22873568127111,0.00028689402776491173,31370.468287945085,0.0464494811141335
exc_6PCT,25,2,excitatory,6PCT,17,11,1.5454545454545454,0.5294117647058824,-0.1111262582857672,0.1045663833151159,0.00015338544374476884,110831.89894008296,0.2119501613912637
exc_6PCT,26,2,excitatory,6PCT,8,7,1.1428571428571428,0.25,-1.305474544058786,0.2181298053535952,0.00010227438433097527,78220.95485914439,0.1514363733848119
exc_6PCT,28,2,excitatory,6PCT,10,10,1.0,0.0,-0.4506919639014562,0.0198104504705548,0.00011121228368608828,89918.12476602272,0.1770778034018391
exc_6PCT,29,1,excitatory,6PCT,8,6,1.3333333333333333,0.5,0.3482691054877875,-0.606641929899205,0.00022199879323225603,36036.231925055414,0.0591431147129354
exc_6PCT,30,2,excitatory,6PCT,11,9,1.2222222222222223,0.36363636363636365,0.708491151764616,-0.3329633319201563,0.00012085164640805593,91020.6879835006,0.1858648727404776
exc_6PCT,31,1,excitatory,6PCT,4,3,1.3333333333333333,0.5,-1.317822676900734,,9.311821461399113e-05,42956.15005701575,0.0760421500399002
exc_6PCT,32,2,excitatory,6PCT,6,5,1.2,0.3333333333333333,-1.639674821923293,-0.0820458552123741,8.911171658112413e-05,67331.21333756167,0.1386532878087291
exc_6PCT,33,2,excitatory,6PCT,16,13,1.2307692307692308,0.3125,-2.1315031738258226,-0.2953967131600935,0.00010614652627871403,150735.0316673391,0.325655098002129
exc_6PCT,34,0,excitatory,6PCT,3,2,1.5,0.6666666666666666,-1.697753277188921,,0.00019982797042358337,15012.913325600914,0.0251499283450006
exc_6PCT,35,1,excitatory,6PCT,3,3,1.0,0.0,1.017712212071485,,9.126472843409122e-05,32871.40663730254,0.0559557726934479
exc_6PCT,36,2,excitatory,6PCT,9,8,1.125,0.2222222222222222,-0.6280826044764833,-0.998457767920224,0.00014038964194740294,64107.29363760223,0.1335396895351304
exc_6PCT,39,1,excitatory,6PCT,11,9,1.2222222222222223,0.36363636363636365,-1.992234459601965,-1.3253917167747271,0.00022299797391114997,49327.80243278253,0.086586785548159
exc_6PCT,40,2,excitatory,6PCT,10,9,1.1111111111111112,0.2,-0.4571947848514016,0.3090030156853678,0.00013160692302620764,75983.84469492263,0.1645875033912718
exc_6PCT,41,2,excitatory,6PCT,5,5,1.0,0.0,-1.5658302751135538,-0.8580504705599818,5.536068217288591e-05,90316.80614746576,0.1725989722485342
exc_6PCT,42,2,excitatory,6PCT,6,5,1.2,0.3333333333333333,-1.3844977493917223,-0.965206195505118,7.205864407856507e-05,83265.51348174467,0.1562481692656468
exc_6PCT,45,2,excitatory,6PCT,13,12,1.0833333333333333,0.15384615384615385,-0.4482155015873919,-0.6106780936818453,0.00010144193034918659,128152.13546559094,0.2596525966588489
exc_6PCT,46,0,excitatory,6PCT,3,2,1.5,0.6666666666666666,-1.012405964782071,,0.00023241099229055225,12908.1674254439,0.0229143078227024
exc_6PCT,49,0,excitatory,6PCT,4,2,2.0,0.75,0.6212505081087445,,0.0004895136832918511,8171.375257788606,0.0168443180125252
exc_6PCT,51,2,excitatory,6PCT,15,12,1.25,0.4,-1.3082708367527134,-1.6158359285353556,0.0001283775545612684,116842.85505564156,0.2365169071692457
exc_6PCT,52,2,excitatory,6PCT,14,11,1.2727272727272727,0.42857142857142855,1.492621490735485,-0.1295163991178064,0.00017059384252470565,82066.26800127618,0.1605916017371101
exc_6PCT,53,2,excitatory,6PCT,4,4,1.0,0.0,-0.541276358183019,,5.4024590978507196e-05,74040.35694765991,0.1748707403949115
exc_6PCT,54,2,excitatory,6PCT,3,3,1.0,0.0,-0.6830808741267521,,4.6419677960067545e-05,64627.76416891012,0.156581691743255
exc_6PCT,55,2,excitatory,6PCT,11,8,1.375,0.5454545454545454,-0.7630598637330465,-0.057071966050034,0.00010116982441166942,108728.07246595564,0.2165682790227507
exc_6PCT,56,2,excitatory,6PCT,4,4,1.0,0.0,-0.1881744952012746,,4.7283998034458735e-05,84595.21542753124,0.1680436717742377
exc_6PCT,59,1,excitatory,6PCT,5,4,1.25,0.4,-0.0526057553012837,-0.0271837779592604,8.859470812716219e-05,56436.7794160276,0.1093524595623239
exc_6PCT,60,2,excitatory,6PCT,16,12,1.3333333333333333,0.375,-0.6879413161954311,1.485189719474826,0.00014514086923441883,110237.73031259858,0.2176081791380251
exc_6PCT,65,2,excitatory,6PCT,12,11,1.0909090909090908,0.16666666666666666,-1.0132166882865523,-1.6253506300340177,0.00015450412230532987,77667.83061157224,0.1515185878823792
exc_6PCT,66,1,excitatory,6PCT,4,4,1.0,0.0,-0.917015320600252,,8.795523043846674e-05,45477.681998666245,0.1029040811589955
exc_6PCT,67,1,excitatory,6PCT,4,4,1.0,0.0,-0.0828754397219378,,0.00011193864613080717,35733.86080912355,0.0813935460716559
exc_6PCT,68,1,excitatory,6PCT,6,6,1.0,0.0,0.6184327329268929,0.7159136717142007,0.00023814284513634846,25194.96227805923,0.0484279767463694
exc_6PCT,73,1,excitatory,6PCT,3,2,1.5,0.6666666666666666,0.0192652980836001,,9.808512349055572e-05,30585.677962559326,0.0653802142482263
exc_6PCT,82,2,excitatory,6PCT,9,8,1.125,0.2222222222222222,1.1827344189297568,-0.4932573135738643,9.590589466175538e-05,93841.98991877974,0.21333235309751
exc_6PCT,83,1,excitatory,6PCT,4,4,1.0,0.0,0.4266520933614691,,0.00012467044259905608,32084.589711966622,0.0701937829716259
exc_6PCT,86,0,excitatory,6PCT,3,3,1.0,0.0,0.1442328317979486,,0.000363810991705771,8246.040027361856,0.0158723110281067
exc_6PCT,89,2,excitatory,6PCT,5,5,1.0,0.0,2.005636843110294,-0.2834061945142678,6.262746558472596e-05,79837.17612260261,0.152687023905623
exc_6PCT,92,2,excitatory,6PCT,10,5,2.0,0.7,-0.0956225193376874,-0.3180112138257601,0.00011838094160497399,84473.05676423029,0.1691718265396384
exc_6PCT,93,2,excitatory,6PCT,4,4,1.0,0.0,0.8746027636333754,,5.900845717835762e-05,67786.89346019828,0.1269464778109408
exc_6PCT,95,0,excitatory,6PCT,3,3,1.0,0.0,-1.8629766156239784,,0.0003216933806666395,9325.650387282303,0.0188342538169746
exc_6PCT,96,1,excitatory,6PCT,4,4,1.0,0.0,-0.4365657184633086,,9.508499605119693e-05,42067.62545214039,0.1003665764312894
exc_6PCT,97,1,excitatory,6PCT,7,5,1.4,0.5714285714285714,-0.1255609007984671,1.262037455618945,0.00028849002872842656,24264.270175485097,0.0586073979496601
exc_6PCT,99,1,excitatory,6PCT,7,4,1.75,0.7142857142857143,-0.3178060648292083,0.3786433354940276,0.00041878761998779824,16714.916262815867,0.0306483793254999
exc_6PCT,100,2,excitatory,6PCT,9,7,1.2857142857142858,0.3333333333333333,-1.5872789010707098,-0.101344340355053,0.0001286318097731082,69967.14122171624,0.1434940411860273
inh_BC,0,0,inhibitory,BC,16,12,1.3333333333333333,0.5,-3.0236888091829615,-1.10469331344611,0.0007594325932197838,21068.36096165485,0.0230416291206969
inh_BC,1,2,inhibitory,BC,58,50,1.16,0.25862068965517243,0.2882197086047688,-0.0350628363236365,0.0004909002305203267,118150.2806354832,0.2009968303095159
inh_BC,2,0,inhibitory,BC,20,11,1.8181818181818181,0.65,-2.489302987623309,-0.8689222000563924,0.0011450651117815558,17466.25566897492,0.0129310708533081
inh_BC,3,0,inhibitory,BC,12,10,1.2,0.3333333333333333,-1.622921606219734,0.991934646834172,0.0004583023795735746,26183.58650279177,0.0248362060467178
inh_BC,4,2,inhibitory,BC,47,38,1.236842105263158,0.3404255319148936,-2.2621695158555815,0.4305314599396376,0.00021673398301080927,216855.70184743917,0.4418373866091294
inh_BC,5,0,inhibitory,BC,10,9,1.1111111111111112,0.2,-2.2176148659735793,-1.1609092637744718,0.0006310052203940132,15847.729427271275,0.0096553551308225
inh_BC,6,0,inhibitory,BC,25,15,1.6666666666666667,0.6,-2.9341430615191406,-1.0375504697930498,0.00120474404612355,20751.2957465458,0.0201772063246651
inh_BC,7,0,inhibitory,BC,15,12,1.25,0.4,-3.3228204337492846,0.2028091929696404,0.0009716725181327614,15437.299831042996,0.0123301274183264
inh_BC,8,1,inhibitory,BC,29,24,1.2083333333333333,0.27586206896551724,-1.485237238473557,0.5493564209474211,0.0006292355839057224,46087.6669116428,0.0649111805264755
inh_BC,9,0,inhibitory,BC,12,8,1.5,0.5,-4.4996142741514715,-2.7363694065826523,0.0006928671069940951,17319.33855549917,0.0108231774210308
inh_BC,10,0,inhibitory,BC,6,5,1.2,0.3333333333333333,-0.7871461539239247,0.2356980412489754,0.0005092094447758241,11782.970762927342,0.0073314959159414
inh_BC,11,2,inhibitory,BC,43,38,1.131578947368421,0.23255813953488372,-2.149793201356606,-0.5735900917703359,0.00024913938691488777,172594.14712572072,0.3588229522133937
inh_BC,12,1,inhibitory,BC,20,16,1.25,0.4,0.5088990999011483,-0.968383557491612,0.0004297697505311903,46536.54654679683,0.0793162103059891
inh_BC,13,2,inhibitory,BC,16,13,1.2307692307692308,0.3125,1.297911319138255,1.6175006386477455,0.0002555522682650296,62609.50101764164,0.1520376472527081
inh_BC,14,2,inhibitory,BC,11,11,1.0,0.0,-1.636146238021395,0.9724068031856532,0.00018117956146421172,60713.24994443605,0.1408459356375457
inh_BC,16,2,inhibitory,BC,36,34,1.0588235294117647,0.1111111111111111,-0.9589329384367355,-1.0282245753103398,0.0004506204821525946,79889.84395034499,0.1458052217131264
inh_BC,17,1,inhibitory,BC,25,23,1.0869565217391304,0.16,-1.47042019571184,0.4397901541749993,0.0004928339241970868,50727.02744789616,0.0898582830104992
inh_BC,18,0,inhibitory,BC,8,6,1.3333333333333333,0.375,-0.1804772785948762,0.0811369227832697,0.0008340781905208886,9591.426908074332,0.0157895603853438
inh_BC,19,2,inhibitory,BC,46,40,1.15,0.21739130434782608,-1.3165359548258837,-2.0713584679881594,0.00026088428569581154,176323.38366917023,0.3238743525803111
inh_BC,20,1,inhibitory,BC,24,22,1.0909090909090908,0.16666666666666666,0.4731780725499367,0.2236976786065264,0.00046110745440873583,52048.60552682774,0.1159774451250253
inh_BC,21,2,inhibitory,BC,36,33,1.0909090909090908,0.16666666666666666,-0.6032355317735278,0.0392822444566189,0.00018839273807937318,191090.16816153796,0.3962479264588694
inh_BC,22,0,inhibitory,BC,3,3,1.0,0.0,-0.009465338966537,,0.00038570281909424206,7778.009004562096,0.0129908714044916
inh_BC,23,2,inhibitory,BC,19,15,1.2666666666666666,0.3684210526315789,-0.2284534871151313,0.6707672281136206,0.0002194159951113004,86593.50468210902,0.1809604420285772
inh_BC,24,1,inhibitory,BC,7,7,1.0,0.0,0.7187833245174902,-0.0619371108655063,0.00024893862168556445,28119.38120570834,0.0650229284356449
inh_BC,25,1,inhibitory,BC,14,14,1.0,0.0,-0.0391586201481172,-0.568248827756656,0.0004913850451610197,28490.895557092925,0.050539292069996
inh_BC,27,1,inhibitory,BC,28,25,1.12,0.21428571428571427,1.5902328684944873,-1.6826404785503024,0.0006223934927689796,44987.61687791786,0.0811073765217815
inh_BC,28,2,inhibitory,BC,40,36,1.1111111111111112,0.175,1.68581078492089,1.55582195527417,0.0003814877376120161,104852.64939414944,0.2115068629733082
inh_BC,29,2,inhibitory,BC,32,29,1.103448275862069,0.1875,-0.3832245563963716,1.33570251413631,0.00038753303332123414,82573.60598593034,0.1637266144833038
inh_BC,30,2,inhibitory,BC,20,19,1.0526315789473684,0.1,-0.4367860168390504,-1.0667408639862963,0.00040506825747219755,49374.39463859428,0.1172231314724237
inh_BC,31,2,inhibitory,BC,33,30,1.1,0.18181818181818182,-2.697994098082849,-1.8727365184053328,0.0003256176296303986,101345.86397381977,0.2160701079889662
inh_BC,32,2,inhibitory,BC,40,36,1.1111111111111112,0.2,-1.5543987815194775,0.3569542427364996,0.00039504062752443675,101255.40821121151,0.1917288986917435
inh_BC,33,1,inhibitory,BC,3,3,1.0,0.0,-0.1110813410729118,,8.341802517383104e-05,35963.45027047135,0.0710642061069868
inh_BC,35,2,inhibitory,BC,22,21,1.0476190476190477,0.09090909090909091,-1.3864851112350236,-0.4801583244709145,0.0001828539165688671,120314.62280281144,0.2578683966129024
inh_BC,36,2,inhibitory,BC,30,24,1.25,0.36666666666666664,-2.0121118082103204,0.7754978727585758,0.0003251673504255379,92260.18528840548,0.1961521762068546
inh_BC,39,2,inhibitory,BC,19,19,1.0,0.0,1.1461546232476707,0.3233466683978117,0.0002639444990991332,71984.83038990677,0.1701981391894151
inh_BC,40,2,inhibitory,BC,17,16,1.0625,0.11764705882352941,-1.0041080350407796,-1.8441173536729112,0.00030246207368951606,56205.39392800326,0.1270523151496467
inh_BC,41,2,inhibitory,BC,24,23,1.0434782608695652,0.08333333333333333,0.3729597742654374,0.4529637735540404,0.0003272534107149486,73337.66192861777,0.1506740351323098
inh_BC,42,1,inhibitory,BC,4,4,1.0,0.0,0.9179958373347938,,0.0002993227981350318,13363.499288802928,0.0339599243986576
inh_BC,45,0,inhibitory,BC,6,5,1.2,0.3333333333333333,0.0342008459398634,0.2077851206796782,0.0004450037544679268,13483.032310983444,0.0235256658227167
inh_BC,46,1,inhibitory,BC,17,15,1.1333333333333333,0.23529411764705882,-0.4879990584791344,-0.7971283396229566,0.00035400911061043077,48021.36298324719,0.1093701066282831
inh_BC,47,2,inhibitory,BC,51,41,1.2439024390243902,0.35294117647058826,-2.1245078382727156,1.0119609273630987,0.00037040833343248114,137685.88715970775,0.2934947048399233
inh_BC,48,2,inhibitory,BC,31,28,1.1071428571428572,0.16129032258064516,-0.974406596980158,0.4317907052719841,0.0002642155251190115,117328.45746303728,0.2447709362774598
inh_BC,49,2,inhibitory,BC,30,26,1.1538461538461537,0.23333333333333334,-0.7559594255708678,1.2748926618522105,0.00021545829009117775,139238.08634749948,0.2909061453490135
inh_BC,50,1,inhibitory,BC,3,3,1.0,0.0,0.1166223783183661,,8.548409727758023e-05,35094.246714199144,0.0818910646330418
inh_BC,51,2,inhibitory,BC,23,23,1.0,0.0,-0.0689222840578252,0.9131277409026972,0.0002305161246014411,99776.10043447786,0.2167499663117127
inh_BC,52,1,inhibitory,BC,13,10,1.3,0.38461538461538464,-1.59427113277262,-1.2664656192615864,0.00031539207960495566,41218.53667436148,0.0966116388700692
inh_BC,53,1,inhibitory,BC,20,17,1.1764705882352942,0.3,-0.9637775535955873,0.783094360956933,0.0007848956328717046,25481.094762657583,0.0435481787268258
inh_BC,54,2,inhibitory,BC,32,28,1.1428571428571428,0.25,-1.2075640928215623,1.664008336780293,0.00036888902200107973,86746.95664948884,0.1687032782628347
inh_BC,55,1,inhibitory,BC,19,18,1.0555555555555556,0.10526315789473684,-0.8972497705823584,-0.0712151078298635,0.0006667125621571493,28498.038102845218,0.0557429390560121
inh_BC,56,1,inhibitory,BC,17,14,1.2142857142857142,0.29411764705882354,0.5013331108971308,1.3235826744034225,0.0005014868195353363,33899.196026232006,0.0669773699502922
inh_BC,57,2,inhibitory,BC,22,20,1.1,0.18181818181818182,0.6697519441390783,1.389188286587768,0.0002017388160947936,109051.89405722782,0.2347794482384326
inh_BC,58,2,inhibitory,BC,23,21,1.0952380952380953,0.17391304347826086,-1.5405158024585293,-0.8557025348604288,0.0002989346296968115,76939.89827584477,0.1570206042548415
inh_BC,59,2,inhibitory,BC,34,31,1.096774193548387,0.17647058823529413,-1.4786859524712916,-0.4580651041139015,0.00044652632794426337,76143.32654589624,0.1497248557741034
inh_BC,60,1,inhibitory,BC,8,8,1.0,0.0,1.0023231610678438,0.2604869262672228,0.000431653890129334,18533.367086308444,0.0452681392782379
inh_BC,62,1,inhibitory,BC,17,17,1.0,0.0,0.0401437082402912,-1.466402089894201,0.00033397699777779104,50901.709138995306,0.1157987386212249
inh_BC,63,2,inhibitory,BC,30,27,1.1111111111111112,0.2,-1.416580197869027,0.5927719985077791,0.0005326765166044843,56319.35905722533,0.1226197596598731
inh_BC,64,1,inhibitory,BC,7,7,1.0,0.0,1.359429092525999,-1.76498671802135,0.00027560465203632585,25398.700451098954,0.0607358213927112
inh_BC,67,1,inhibitory,BC,13,13,1.0,0.0,-0.6130688868525928,0.7367476495523495,0.0004146550803305722,31351.358313603952,0.0569411835616558
inh_BC,68,2,inhibitory,BC,10,9,1.1111111111111112,0.2,-1.0844101037021092,-0.2914618986638569,0.00017285296574644284,57852.63768438287,0.1249123564038694
inh_BC,71,2,inhibitory,BC,4,4,1.0,0.0,-2.6400053272028723,,5.9587295453217166e-05,67128.4032875843,0.1627132206324614
inh_BC,72,1,inhibitory,BC,5,5,1.0,0.0,0.5395614102254889,1.1315854875787628,0.00022410915325927423,22310.55683038277,0.0499712766701918
inh_BC,74,2,inhibitory,BC,13,11,1.1818181818181819,0.3076923076923077,0.0999146921315928,1.2641740673018005,0.00019992302120579208,65025.02774114425,0.1465734149964211
inh_BC,76,0,inhibitory,BC,4,3,1.3333333333333333,0.5,-0.7993081849860839,,0.0008933250397573429,4477.653510178708,0.0072383598056224
inh_BC,77,0,inhibitory,BC,3,3,1.0,0.0,0.4014271811327475,,0.00025100524029941795,11951.941706162685,0.0229826145836565
inh_BC,79,1,inhibitory,BC,3,2,1.5,0.6666666666666666,-1.3318559866631714,,6.503638082034155e-05,46128.02806920161,0.1039113280174118
inh_BC,81,2,inhibitory,BC,43,30,1.4333333333333333,0.4883720930232558,-0.5810086888070533,0.8320051395387799,0.000214672411865618,200305.1981682556,0.418668700825655
inh_BC,82,2,inhibitory,BC,37,35,1.0571428571428572,0.10810810810810811,-0.6117639509300774,-0.7573557378110308,0.0002220138330811005,166656.2821177187,0.3669197961787504
inh_BC,84,2,inhibitory,BC,39,36,1.0833333333333333,0.15384615384615385,-2.102032033122808,-0.9052491328156372,0.000309054212169341,126191.45271066752,0.267877302534192
inh_BC,85,0,inhibitory,BC,6,5,1.2,0.3333333333333333,1.133398298747877,0.0004124377890769,0.0004432483255624748,13536.430154329628,0.0212407490961996
inh_BC,86,1,inhibitory,BC,16,16,1.0,0.0,1.7504290878453612,0.5153656342640739,0.00036249953296450224,44137.98790070938,0.084370971189978
inh_BC,87,2,inhibitory,BC,45,38,1.1842105263157894,0.28888888888888886,-1.4926419461408815,-1.167924222684244,0.00039517076615789133,113874.82034037952,0.2139727705830522
inh_BC,88,1,inhibitory,BC,17,16,1.0625,0.11764705882352941,1.3091983126607187,2.1721041019772587,0.0003456677860914636,49180.168601252895,0.1036523847996329
inh_BC,89,2,inhibitory,BC,56,51,1.0980392156862746,0.17857142857142858,-0.9604488514821524,0.3979443596511107,0.0003052197392912324,183474.37203780032,0.383175579325686
inh_BC,90,1,inhibitory,BC,12,11,1.0909090909090908,0.16666666666666666,0.889828395229112,-1.3138928266303789,0.00036063083789332403,33275.02459329239,0.0555097960989146
inh_BC_2,0,1,inhibitory,BC,25,17,1.4705882352941178,0.48,-0.0525196249198683,-1.8968276985669428,0.0007925445108482085,31543.969654454027,0.0394515971654804
inh_BC_2,1,2,inhibitory,BC,34,29,1.1724137931034482,0.2647058823529412,-2.099941264442773,-0.026614008358007,0.00034844277044386454,97576.99939272388,0.1455745178612058
inh_BC_2,2,2,inhibitory,BC,66,55,1.2,0.2878787878787879,-0.4371686836483269,-0.1293108847162668,0.00026373548014390475,250250.7435252463,0.4582106491313739
inh_BC_2,3,1,inhibitory,BC,27,20,1.35,0.4074074074074074,-1.4295665894906198,0.0751060551477815,0.000561501210361135,48085.38165507192,0.0667005184437957
inh_BC_2,4,0,inhibitory,BC,4,4,1.0,0.0,-2.060635028366311,,0.00021447140887792028,18650.504610042677,0.015975456610318
inh_BC_2,5,0,inhibitory,BC,10,4,2.5,0.9,-3.469453666141671,-2.139981431378493,0.0007415936264225379,13484.474034978151,0.0079777218679463
inh_BC_2,6,2,inhibitory,BC,35,29,1.206896551724138,0.3142857142857143,-3.3654525700167044,-0.208483393082753,0.00016486034353660375,212300.9042027684,0.4019985077484796
inh_BC_2,7,0,inhibitory,BC,18,10,1.8,0.6666666666666666,-2.3717628035276643,-1.1396609431758504,0.0007870383216263881,22870.55090634419,0.0223593353957624
inh_BC_2,8,1,inhibitory,BC,14,13,1.0769230769230769,0.14285714285714285,-0.664693840810433,-1.5742269066980443,0.0005235163452348298,26742.240480992292,0.030858713857888
inh_BC_2,9,0,inhibitory,BC,5,5,1.0,0.0,-1.3000228537514134,-0.7389701690543958,0.00025620512458656434,19515.612765624617,0.0186673027874656
inh_BC_2,10,0,inhibitory,BC,19,10,1.9,0.6842105263157895,-1.0255482019251194,-0.4570429807893444,0.0009692862680012771,19602.05217719536,0.0170390366531271
inh_BC_2,11,0,inhibitory,BC,12,12,1.0,0.0,-2.332019568198079,-1.0795286092253495,0.0005126271073743531,23408.828420064085,0.0139142847034315
inh_BC_2,12,0,inhibitory,BC,12,6,2.0,0.9166666666666666,-4.0907241302351025,-3.4835360241506015,0.0007571966820266604,15847.929982843596,0.0113068815544869
inh_BC_2,13,2,inhibitory,BC,7,7,1.0,0.0,-0.4164347716683371,-0.8600601500387012,8.364481693731317e-05,83687.19373545985,0.1927943454563626
inh_BC_2,14,2,inhibitory,BC,6,6,1.0,0.0,-1.1034014257081948,-0.0028866379529158,9.37284258508648e-05,64014.73134251555,0.1391965732617817
inh_BC_2,15,2,inhibitory,BC,12,12,1.0,0.0,-1.6252341362387297,1.9532838478024537,0.00010664834372343888,112519.32829935428,0.2429679594533186
inh_BC_2,16,1,inhibitory,BC,4,4,1.0,0.0,-1.6643203624418443,,0.00015525353582726393,25764.308546572654,0.0523014138527952
inh_BC_2,17,2,inhibitory,BC,15,14,1.0714285714285714,0.13333333333333333,0.7530601728445249,-0.7195464998158827,0.00021730716944916534,69026.71475599405,0.1270900108395211
inh_BC_2,19,2,inhibitory,BC,36,25,1.44,0.4444444444444444,-0.963811878842188,-0.4920459521912618,0.0003759353664951514,95761.1419633867,0.1787333896111151
inh_BC_2,20,1,inhibitory,BC,16,13,1.2307692307692308,0.375,-0.8831281165479655,-0.5308704157718865,0.00030812478991667293,51927.01309208819,0.1013676780517093
inh_BC_2,21,0,inhibitory,BC,9,8,1.125,0.2222222222222222,0.1966303462916284,-0.1219381026480625,0.0009941507850036227,9052.952666498377,0.0116110762472672
inh_BC_2,22,2,inhibitory,BC,30,26,1.1538461538461537,0.26666666666666666,-0.5935192080012343,0.087188777978651,0.00028273021190659207,106108.221677814,0.2320218430416745
inh_BC_2,23,2,inhibitory,BC,7,7,1.0,0.0,-0.2617445754025131,1.1741959197834897,3.436025366527411e-05,203723.7579265746,0.4318734322733661
inh_BC_2,26,1,inhibitory,BC,21,18,1.1666666666666667,0.2857142857142857,-1.9019870403951205,-0.1175015260009537,0.0005602916806301528,37480.47798314901,0.0629573096980419
inh_BC_2,27,2,inhibitory,BC,37,30,1.2333333333333334,0.35135135135135137,-0.7046483591245543,-0.0550056425679507,0.000561052273962173,65947.50920213648,0.1192284066692502
inh_BC_2,28,1,inhibitory,BC,10,8,1.25,0.4,-2.478272327537128,0.7134602165777745,0.0002633198657981448,37976.625765356344,0.0681077493419122
inh_BC_2,29,2,inhibitory,BC,55,48,1.1458333333333333,0.2545454545454545,-3.2617034854628533,1.58621348034494,0.00030177110875981723,182257.3414202321,0.3842761854739402
inh_BC_2,30,2,inhibitory,BC,30,27,1.1111111111111112,0.2,-0.1869019363216117,0.2932343876244494,0.0001887704249628246,158923.19999760573,0.3419385098547367
inh_BC_2,31,1,inhibitory,BC,4,3,1.3333333333333333,0.5,0.7023733210595653,,8.08595323613883e-05,49468.50276257674,0.1065845011018257
inh_BC_2,32,2,inhibitory,BC,13,10,1.3,0.38461538461538464,-0.3161542170050651,1.1921188568377228,0.00022755711658931037,57128.51434772787,0.1257572858158552
inh_BC_2,33,2,inhibitory,BC,15,15,1.0,0.0,-0.8396620398132922,0.8075757575248221,0.00012266678703150448,122282.48870778324,0.2636744115028144
inh_BC_2,34,1,inhibitory,BC,23,22,1.0454545454545454,0.08695652173913043,1.6319571292646764,1.1062283829668906,0.00047052175691007656,48881.90537891669,0.1040725024554598
inh_BC_2,35,2,inhibitory,BC,10,9,1.1111111111111112,0.2,-0.0123105612093953,1.0032987314612776,0.00014854259869998855,67320.7557126222,0.147610521658912
inh_BC_2,38,2,inhibitory,BC,7,6,1.1666666666666667,0.2857142857142857,0.4657957475160872,0.6328229084256325,0.00011692967475405259,59865.04293904565,0.1408236705661346
inh_BC_2,40,2,inhibitory,BC,12,12,1.0,0.0,-1.0310108621828542,0.5416790415918452,0.00021165640402440465,56695.66227070721,0.1259491683904792
inh_BC_2,42,2,inhibitory,BC,14,13,1.0769230769230769,0.14285714285714285,0.2771124131077462,1.680375142988442,0.00017820171815278378,78562.65441838726,0.1830151067312743
inh_BC_2,43,2,inhibitory,BC,6,6,1.0,0.0,0.7242564036722091,2.002793376842074,9.781568500942516e-05,61339.855662431466,0.141005458225616
inh_BC_2,44,2,inhibitory,BC,14,13,1.0769230769230769,0.14285714285714285,-1.6815240834865182,1.024868187665223,0.00017246235541203722,81177.13553518389,0.1539209513341199
inh_BC_2,45,2,inhibitory,BC,41,30,1.3666666666666667,0.4146341463414634,0.9670897754778146,-0.7543387463013628,0.0002574500320640561,159254.2042869072,0.3431806761031043
inh_BC_2,46,1,inhibitory,BC,30,27,1.1111111111111112,0.2,-0.5175622257246293,-0.992437648410704,0.000488963617094802,61354.25817210341,0.1145829616157989
inh_BC_2,50,2,inhibitory,BC,34,33,1.0303030303030303,0.058823529411764705,0.520799321793444,-0.0316320736223323,0.00025354118306791,134100.50228760365,0.290976316797107
inh_BC_2,51,1,inhibitory,BC,20,19,1.0526315789473684,0.1,-0.6974545270914339,-0.0044680638999901,0.0003710252751790582,53904.68342176399,0.1121682620292259
inh_BC_2,52,2,inhibitory,BC,8,7,1.1428571428571428,0.25,-0.407149140622644,1.288808258426802,6.86222508634581e-05,116580.26222308112,0.2492584843295656
inh_BC_2,53,2,inhibitory,BC,8,8,1.0,0.0,0.9819991281573932,1.035456987874211,0.000149052886857445,53672.22446118231,0.1203106059211476
inh_BC_2,54,2,inhibitory,BC,16,12,1.3333333333333333,0.5,0.0316857010244804,1.456088803187442,0.0001065981384668779,150096.42973241516,0.3047861878891016
inh_BC_2,55,2,inhibitory,BC,20,19,1.0526315789473684,0.1,-0.5715604710959767,0.5115600430215236,0.00013687157183633392,146122.3812342513,0.2967594730515236
inh_BC_2,56,2,inhibitory,BC,35,33,1.0606060606060606,0.11428571428571428,-2.3435013543408014,0.5649541083867621,0.0002965685407018284,118016.5634465902,0.2541863126263181
inh_BC_2,57,1,inhibitory,BC,6,5,1.2,0.3333333333333333,0.0644847342453434,0.8969117705761042,0.0004550448777365456,13185.512668211555,0.0315823579591909
inh_BC_2,58,0,inhibitory,BC,3,3,1.0,0.0,-1.1240904589766525,,0.0003985149432841748,7527.9485764747005,0.0142208435101068
inh_BC_2,59,2,inhibitory,BC,6,5,1.2,0.3333333333333333,1.2711335853670291,0.2623511783449149,8.246054852131694e-05,72762.06752916439,0.1593162685898687
inh_BC_2,60,2,inhibitory,BC,9,9,1.0,0.0,-0.8268928578917031,0.74637042015784,0.00013098739772933715,68708.89990956952,0.1435782081241436
inh_BC_2,61,1,inhibitory,BC,3,3,1.0,0.0,0.7722646519222247,,7.924918930414232e-05,37855.276834272816,0.0848830870553247
inh_BC_2,62,2,inhibitory,BC,27,25,1.08,0.14814814814814814,-1.9662525732141392,0.5596589936294168,0.000345418770694359,78165.98949074118,0.146274739914287
inh_BC_2,63,2,inhibitory,BC,36,31,1.1612903225806452,0.2777777777777778,-1.4193453281499102,1.5640231919565726,0.0002673878244445147,134635.89852974142,0.2737355673845778
inh_BC_2,64,1,inhibitory,BC,8,8,1.0,0.0,0.768930456277729,-0.2436085885428762,0.00041392212323755455,19327.307121027476,0.033550250178884
inh_BC_2,65,1,inhibitory,BC,15,12,1.25,0.4,-0.9123090902302854,-0.0976633822039171,0.0003998746809725324,37511.75234080489,0.068015381198883
inh_BC_2,66,2,inhibitory,BC,23,23,1.0,0.0,-1.4236685843975292,0.3692535648565459,0.00014343906002164077,160346.83995091694,0.3246825154340725
inh_BC_2,67,2,inhibitory,BC,11,10,1.1,0.18181818181818182,0.987600620222472,-0.3914082459430213,0.00015595009793202734,70535.38372764907,0.1530948445390591
inh_BC_2,68,2,inhibitory,BC,42,40,1.05,0.07142857142857142,-0.1830018509649655,-0.1011446838259207,0.00024768504378027046,169570.1902665531,0.3544414341048632
inh_BC_2,69,2,inhibitory,BC,35,33,1.0606060606060606,0.11428571428571428,-0.2128114205725959,-1.9401913241800757,0.00020847403748795975,167886.61274918416,0.35904427408224
inh_BC_2,70,2,inhibitory,BC,22,21,1.0476190476190477,0.09090909090909091,-3.0895594273102858,0.2069663355044896,0.00014576433583496227,150928.55103397107,0.3226590508633439
inh_BC_2,71,2,inhibitory,BC,38,35,1.0857142857142856,0.15789473684210525,0.1391784135426046,2.3297360047304463,0.00034438012160623916,110343.18654271464,0.2398089009200011
inh_BC_2,72,1,inhibitory,BC,3,3,1.0,0.0,1.2065986674259035,,0.00016556227301497988,18120.07014260165,0.0364538819073713
inh_BC_2,77,1,inhibitory,BC,10,9,1.1111111111111112,0.2,-0.1539244470479118,-0.3915122630608706,0.00025861935868393403,38666.86566267949,0.0903367638184224
inh_BC_2,80,1,inhibitory,BC,11,11,1.0,0.0,1.329231969032035,0.036828879056536,0.0003515042594293942,31294.07312974409,0.0542374503665923
inh_BC_2,81,2,inhibitory,BC,23,19,1.2105263157894737,0.34782608695652173,-1.0469215778197063,0.175143242571303,0.00027475946313190746,83709.58269400199,0.174455026751999
inh_BC_2,82,1,inhibitory,BC,12,12,1.0,0.0,2.1583311997702994,-0.7620045023736499,0.0003827067103177382,31355.60385141177,0.0557630760477115
inh_BC_2,84,0,inhibitory,BC,9,8,1.125,0.2222222222222222,0.3305705559793956,0.3293067576903497,0.00066693436819344,13494.581220006356,0.0233127657020294
inh_BC_2,86,2,inhibitory,BC,19,15,1.2666666666666666,0.42105263157894735,-0.7096017585628897,-1.3574583380548984,0.0001647430301876705,115331.13102481938,0.2298347749641197
inh_BC_2,87,1,inhibitory,BC,6,6,1.0,0.0,0.6321921859348162,2.2886288241414303,0.00018919517048212822,31713.283085980107,0.060765368838995
inh_BC_2,89,0,inhibitory,BC,4,4,1.0,0.0,-0.7893109241411345,,0.0003631047286726512,11016.105503836909,0.0181833183125966
inh_BC_2,90,2,inhibitory,BC,31,28,1.1071428571428572,0.1935483870967742,0.2843146478311464,-0.8140895567585673,0.0002582431735126393,120041.89531260837,0.218031942136627
inh_BC_2,91,2,inhibitory,BC,24,21,1.1428571428571428,0.25,0.4619590460274584,1.730422474024757,0.0003303956492467261,72640.18171764052,0.1277604578277773
inh_BC_2,92,0,inhibitory,BC,4,4,1.0,0.0,-0.2314270426433395,,0.0002956836504846401,13527.97151091649,0.0208180132206634
inh_BC_2,93,1,inhibitory,BC,24,19,1.263157894736842,0.3333333333333333,-0.6184292761548157,-0.1125029563351455,0.00046532128164352224,51577.267034148135,0.0920490088632274
inh_BC_2,94,0,inhibitory,BC,12,8,1.5,0.5,-1.4821896170539703,0.3786382102061602,0.0011387271144680244,10538.082256525526,0.0166120643407597
inh_BC_2,95,2,inhibitory,BC,23,23,1.0,0.0,0.5585719749082866,1.9702622928691176,0.00018735219125108325,122763.4427247032,0.2578683497026123
inh_BC_2,96,2,inhibitory,BC,41,38,1.0789473684210527,0.0975609756097561,-1.728467811112698,-0.9942007515450324,0.00025237469546377016,162456.8577473956,0.3248900879839069
inh_BC_2,97,2,inhibitory,BC,19,18,1.0555555555555556,0.10526315789473684,-1.5522388160928198,-0.048361174999664,0.00026291960059959986,72265.43763443141,0.1382141677233179
inh_BC_2,98,2,inhibitory,BC,12,12,1.0,0.0,-0.5369533416095199,1.010859070849032,0.00017377417288702023,69055.14093743858,0.142152030050947
inh_MC,0,0,inhibitory,MC,17,15,1.1333333333333333,0.23529411764705882,-3.006202465361689,0.3874187511630205,0.0009452523637280329,17984.61516980795,0.0198966645219954
inh_MC,1,1,inhibitory,MC,26,20,1.3,0.46153846153846156,-1.3884268971163796,-2.18156127338777,0.000687629811019276,37811.04248732339,0.0532153195822139
inh_MC,2,1,inhibitory,MC,19,13,1.4615384615384615,0.42105263157894735,-2.5819930631170176,0.1249906971105885,0.0006497008519605086,29244.22823622047,0.038896382141823
inh_MC,3,1,inhibitory,MC,11,10,1.1,0.18181818181818182,-1.589955078146801,0.0420169258811458,0.0004181159165597455,26308.49380360335,0.0332658104313795
inh_MC,4,1,inhibitory,MC,22,18,1.2222222222222223,0.3181818181818182,-0.944496438697724,-0.8266466504286808,0.000404009321844658,54454.18907551599,0.0896698962862657
inh_MC,5,1,inhibitory,MC,19,16,1.1875,0.2631578947368421,0.5626710338533858,1.1467121009100945,0.0004683091055308548,40571.49386079612,0.0620429555161516
inh_MC,6,1,inhibitory,MC,21,20,1.05,0.09523809523809523,-1.6209745512003615,-0.0931653645192508,0.0006229506162467805,33710.53732400659,0.044802919170424
inh_MC,7,0,inhibitory,MC,22,13,1.6923076923076923,0.6818181818181818,-1.6283250994630556,-1.3902463593955463,0.0012919238281016493,17028.867740853395,0.0163276827603202
inh_MC,8,1,inhibitory,MC,16,15,1.0666666666666667,0.125,-0.9684823744396198,-2.352410293904054,0.0006159339750749099,25976.810254790835,0.0337582956508905
inh_MC,9,0,inhibitory,MC,5,5,1.0,0.0,0.5401234251647535,1.209494637452342,0.0003623775490040323,13797.764275800551,0.0228183391370555
inh_MC,10,2,inhibitory,MC,35,29,1.206896551724138,0.2571428571428571,0.5471602076670709,2.320822741971334,0.0004961462332745051,70543.71806675672,0.1378865975289196
inh_MC,11,0,inhibitory,MC,8,5,1.6,0.625,-0.8803822361271181,-1.13011963051265,0.0013299105354422313,6015.442232239918,0.0105745843076701
inh_MC,12,2,inhibitory,MC,34,31,1.096774193548387,0.17647058823529413,0.2709955283230561,0.2973930083182496,0.0003723958273507194,91300.70076746342,0.209838341418625
inh_MC,13,1,inhibitory,MC,17,14,1.2142857142857142,0.35294117647058826,0.5634864849219116,0.0484778043544969,0.00043569999000213014,39017.67360590687,0.0775467148539371
inh_MC,14,2,inhibitory,MC,19,17,1.1176470588235294,0.21052631578947367,-0.3948626343914575,-0.5549761242397222,0.00032312786541069096,58800.252265001254,0.1196813959782445
inh_MC,15,2,inhibitory,MC,35,27,1.2962962962962963,0.4,-0.1945736924643724,0.8744966212571477,0.0005033675551211734,69531.69635968017,0.1549405424344187
inh_MC,16,1,inhibitory,MC,5,5,1.0,0.0,0.0364692887810303,1.1309532352510951,0.00022280892452267287,22440.752814150423,0.0558356551391765
inh_MC,17,2,inhibitory,MC,34,26,1.3076923076923077,0.4411764705882353,-0.2797325605138166,1.12788531534835,0.00027100384602326096,125459.4740957355,0.260885910161404
inh_MC,18,1,inhibitory,MC,3,3,1.0,0.0,-0.670602749944113,,0.00016176548912322694,18545.364751530604,0.04650201730578
inh_MC,19,1,inhibitory,MC,5,5,1.0,0.0,-1.717165921403344,-0.7465034765279697,0.0001986604697192383,25168.570310270436,0.064073846373748
inh_MC,21,2,inhibitory,MC,50,34,1.4705882352941178,0.42,0.8436002849325905,-0.082250397721988,0.00038807285946318714,128841.78519766605,0.2644236257807429
inh_MC,22,1,inhibitory,MC,14,14,1.0,0.0,2.0855920243504924,0.0276463480902068,0.00040434284187159547,34624.08270960783,0.0902616072025591
inh_MC,25,2,inhibitory,MC,24,21,1.1428571428571428,0.25,1.1142610618714237,-1.0692693052587696,0.00029212188942085094,82157.48586174569,0.1821763524746807
inh_MC,26,1,inhibitory,MC,20,13,1.5384615384615385,0.45,-0.3000767960253584,-0.745374405703004,0.000401370440084892,49829.27989358133,0.1146500124187863
inh_MC,27,2,inhibitory,MC,48,42,1.1428571428571428,0.20833333333333334,-0.521680119131989,1.1172128863563338,0.00029719049986903627,161512.56524401787,0.3558230067050418
inh_MC,29,0,inhibitory,MC,3,3,1.0,0.0,-0.7108307659881149,,0.00033539036704367754,8944.800730097633,0.013514077451359
inh_MC,30,1,inhibitory,MC,5,4,1.25,0.4,-0.9725573115045758,-0.468623939950498,0.00029393373858622627,17010.63656063843,0.0329726758070582
inh_MC,32,1,inhibitory,MC,28,27,1.037037037037037,0.07142857142857142,-0.0516904250875869,-0.5310353950489851,0.0005634500857957058,49693.84281920611,0.1099983437462159
inh_MC,33,0,inhibitory,MC,6,6,1.0,0.0,-0.4437849593833268,-0.7784901070514276,0.0010123546878612578,5926.776525997866,0.0119140713838213
inh_MC,34,0,inhibitory,MC,3,2,1.5,0.6666666666666666,-1.5877109002660283,,0.00047578640605455826,6305.35038795537,0.0123237487894292
inh_MC,35,2,inhibitory,MC,55,49,1.1224489795918366,0.18181818181818182,0.3124057654464133,-0.1105189478003882,0.0005499640452039725,100006.5376630238,0.233596183463841
inh_MC,36,2,inhibitory,MC,54,44,1.2272727272727273,0.35185185185185186,-1.580644253601338,0.2952743266824427,0.0005836592408064855,92519.73793027618,0.2106555814734978
inh_MC,37,2,inhibitory,MC,61,55,1.1090909090909091,0.16393442622950818,0.6153330123801168,0.3288455036309188,0.00048150588439911906,126685.88687368408,0.2888282714391367
inh_MC,38,0,inhibitory,MC,4,4,1.0,0.0,0.1097811137798447,,0.0003765135390492995,10623.787952220897,0.0220038110279548
inh_MC,39,0,inhibitory,MC,6,6,1.0,0.0,-1.5552918212503328,-0.1609273048521879,0.0007996604109347123,7503.184999475817,0.0142391406953505
inh_MC,40,1,inhibitory,MC,3,3,1.0,0.0,1.4857931563605031,,0.0002019815846187421,14852.839211370494,0.0383925480518866
inh_MC,42,2,inhibitory,MC,10,9,1.1111111111111112,0.2,-1.991650790974076,-0.5753795942944239,0.00014753065848870222,67782.52129041904,0.1663514415300513
inh_MC,43,2,inhibitory,MC,22,18,1.2222222222222223,0.36363636363636365,-0.5236106908771914,-2.114376190190813,0.00020070661683593906,109612.72900127238,0.2473342569514983
inh_MC,44,1,inhibitory,MC,8,7,1.1428571428571428,0.25,-0.8530735670574185,-0.729842351396687,0.00018534630671409162,43162.446243617385,0.1081535235763296
inh_MC,45,2,inhibitory,MC,66,45,1.4666666666666666,0.4393939393939394,-1.8296701086579057,-0.8723774658797008,0.00037160301766664053,177608.8913766777,0.3654301095161097
inh_MC,46,2,inhibitory,MC,47,35,1.3428571428571427,0.40425531914893614,0.5824867938797172,-1.2494821566748169,0.0003580091795871775,131281.54997085824,0.2677378070121894
inh_MC,47,1,inhibitory,MC,11,10,1.1,0.18181818181818182,1.2196782096809884,1.0677506050930554,0.000565432298425512,19454.141602151685,0.0369952364183887
inh_MC,48,2,inhibitory,MC,5,5,1.0,0.0,-1.134637804264259,-1.32389319924959,0.00011285782204603384,44303.53084397232,0.1194193846176878
inh_MC,49,2,inhibitory,MC,31,18,1.7222222222222223,0.5483870967741935,-1.555254568638963,-0.1278747058689147,0.00041091514821824137,75441.36577689653,0.1601153816837328
inh_MC,50,2,inhibitory,MC,13,5,2.6,0.6923076923076923,0.5147881640612203,0.9638039814572816,0.00022926731480661221,56702.369506815856,0.1245579355305114
inh_MC,51,1,inhibitory,MC,21,17,1.2352941176470589,0.3333333333333333,-1.715027401791731,-0.5210647463956402,0.00047403675194514124,44300.36260654799,0.0960438924878844
inh_MC,52,1,inhibitory,MC,12,10,1.2,0.3333333333333333,0.3123632557583629,-0.2248200541851983,0.0003088996730669601,38847.564585796,0.0854138969041109
inh_MC,53,2,inhibitory,MC,54,45,1.2,0.3148148148148148,1.433546705932527,-0.4216511132120322,0.00046108707008779386,117114.53975432029,0.2352981934954363
inh_MC,54,2,inhibitory,MC,39,30,1.3,0.3333333333333333,1.22029447509173,1.6417451840537194,0.0006211248919098388,62789.30454724259,0.137915980685404
inh_MC,55,1,inhibitory,MC,7,7,1.0,0.0,0.1576018928751471,0.9437111569162489,0.00020268787527296116,34535.859584955695,0.080006448664682
inh_MC,56,1,inhibitory,MC,5,5,1.0,0.0,-0.497813331567096,0.3975381535038333,0.00030017884183607346,16656.736928615646,0.0430738282994628
inh_MC,57,0,inhibitory,MC,5,5,1.0,0.0,-0.3674595554821749,0.1656087671942397,0.0005583247158140391,8955.362100905715,0.0207541245863701
inh_MC,58,2,inhibitory,MC,35,32,1.09375,0.17142857142857143,-0.158982569615038,0.2137000939265257,0.0004584266648452853,76348.08941973778,0.1818771625387863
inh_MC,59,2,inhibitory,MC,35,30,1.1666666666666667,0.22857142857142856,-0.5803892417001737,2.6587273978394004,0.00046002205805242504,76083.30815304368,0.1823554665703442
inh_MC,60,2,inhibitory,MC,30,25,1.2,0.3333333333333333,0.3893486637619816,0.7940160886890035,0.0004008909701099326,74833.31438414135,0.1937660795268247
inh_MC,61,2,inhibitory,MC,36,33,1.0909090909090908,0.16666666666666666,0.551355363149179,-0.9842174848660744,0.00026371239640427636,136512.3539540071,0.2853771447769828
inh_MC,62,1,inhibitory,MC,8,7,1.1428571428571428,0.25,0.1473895955840866,0.4593229885611615,0.0002941892414486098,27193.380562142254,0.0529183639496814
inh_MC,63,1,inhibitory,MC,3,3,1.0,0.0,-0.0594551657625125,,0.00020099094446667594,14926.045588573252,0.0353000831086108
inh_MC,65,1,inhibitory,MC,18,18,1.0,0.0,-0.6927119695410316,0.5208154480371766,0.00041538856638535294,43332.921164954576,0.0964250925647405
inh_MC,66,1,inhibitory,MC,6,6,1.0,0.0,2.401761246635136,-2.778617599329477,0.00024434969223584307,24554.97260953732,0.0712812131426912
inh_MC,67,2,inhibitory,MC,48,41,1.170731707317073,0.2916666666666667,1.1784928045090413,1.1000551073473488,0.00043172368700130997,111182.22475445124,0.248461979948986
inh_MC,68,2,inhibitory,MC,28,26,1.0769230769230769,0.14285714285714285,-0.7185108276285623,0.4920912262604309,0.00037037780680016663,75598.4821064268,0.1645080711113774
inh_MC,69,1,inhibitory,MC,7,7,1.0,0.0,0.2578015525942808,1.1598393610799211,0.00020514218279531313,34122.67484247481,0.0897137128062046
inh_MC,71,0,inhibitory,MC,7,6,1.1666666666666667,0.2857142857142857,0.4886672307328286,0.9029120711520492,0.0009298264225693089,7528.286817939101,0.0146426671558465
inh_MC,72,2,inhibitory,MC,62,46,1.3478260869565217,0.41935483870967744,0.3259396507744061,0.2346636350732114,0.0004933197848099603,125679.12722957994,0.2703020418666038
inh_MC,73,2,inhibitory,MC,21,19,1.105263157894737,0.19047619047619047,0.5030755325904973,0.534221074888405,0.00034082904339481006,61614.46744922494,0.1319252730523431
inh_MC,74,2,inhibitory,MC,21,18,1.1666666666666667,0.2857142857142857,1.1549602871414113,0.4364049259376925,0.00034919283725981406,60138.69060084735,0.1402595568480924
inh_MC,75,2,inhibitory,MC,39,36,1.0833333333333333,0.15384615384615385,1.4299562411704292,-0.4042220687518587,0.0005259130751892633,74156.74156031366,0.1755621696688155
inh_MC,76,1,inhibitory,MC,8,8,1.0,0.0,1.3033061482238588,1.1354132354425812,0.0005776995919547274,13848.02778366327,0.0391918972747099
inh_MC,77,2,inhibitory,MC,16,14,1.1428571428571428,0.25,0.085958554548707,1.7648638049201666,0.0002726856449474935,58675.6226316235,0.1235299078680257
inh_MC,78,2,inhibitory,MC,33,30,1.1,0.18181818181818182,-1.1345044240260305,0.337867554577729,0.00029767814637562105,110857.98672758264,0.2505484822333403
inh_MC_2,0,0,inhibitory,MC,6,5,1.2,0.3333333333333333,-0.1325869465535373,-1.134584042142303,0.0004432087651431392,13537.638404019905,0.0146117715561226
inh_MC_2,1,1,inhibitory,MC,17,15,1.1333333333333333,0.23529411764705882,-0.5592207294242177,-1.0429585401550103,0.00048057964199469907,35373.949527781944,0.0428249677829242
inh_MC_2,2,0,inhibitory,MC,6,4,1.5,0.6666666666666666,-1.7928805101863672,0.1362239063850149,0.0003054921132429272,19640.44156920281,0.0204765758281226
inh_MC_2,3,0,inhibitory,MC,8,5,1.6,0.75,-2.7050821172431334,-0.4807399947562085,0.0006309188447426731,12679.91924264504,0.0084891987691312
inh_MC_2,4,0,inhibitory,MC,11,5,2.2,0.8181818181818182,-4.505276022596541,-1.8365037670578197,0.0004904005512653334,22430.643627169175,0.0261829369728843
inh_MC_2,5,2,inhibitory,MC,31,23,1.3478260869565217,0.41935483870967744,-2.049919091505118,-0.2533617246539321,0.00042182044344040234,73490.98528075463,0.1309274482757181
inh_MC_2,6,0,inhibitory,MC,15,14,1.0714285714285714,0.13333333333333333,-0.9752836881099138,0.0262625780192802,0.0010035032768620632,14947.634298619065,0.0190553637327075
inh_MC_2,7,1,inhibitory,MC,28,22,1.2727272727272727,0.42857142857142855,0.7181227342912209,0.0680704183246367,0.0006824342058288022,41029.59634913754,0.058331152778658
inh_MC_2,8,2,inhibitory,MC,54,46,1.173913043478261,0.25925925925925924,-0.771343680315473,1.0886009391828069,0.0002914022061547551,185310.88255152808,0.2855203742854427
inh_MC_2,9,1,inhibitory,MC,8,7,1.1428571428571428,0.25,-2.2409647263981185,-2.0031839978987054,0.00040992155956452237,19515.928873072084,0.0349231305814917
inh_MC_2,10,2,inhibitory,MC,47,39,1.205128205128205,0.2765957446808511,0.1581353275712794,-0.7207747526635182,0.00036511669276483646,128725.96879669826,0.2490222149782327
inh_MC_2,11,2,inhibitory,MC,89,78,1.141025641025641,0.2247191011235955,-2.055243062565234,-0.0491656936719259,0.00036602846346039215,243150.48933245233,0.5008798488185561
inh_MC_2,14,1,inhibitory,MC,27,25,1.08,0.14814814814814814,0.8218741681397216,1.0539665244163523,0.0005142897324099794,52499.589819686014,0.1095164091234783
inh_MC_2,15,2,inhibitory,MC,69,54,1.2777777777777777,0.391304347826087,-1.0543261950304834,0.5089619713499236,0.0005123000765378183,134686.68688536956,0.2662893994047151
inh_MC_2,16,2,inhibitory,MC,49,41,1.1951219512195121,0.2653061224489796,1.0341317165864288,-0.8941684391005721,0.0004051816623530158,120933.40975858032,0.2515013457868458
inh_MC_2,17,2,inhibitory,MC,53,46,1.1521739130434783,0.22641509433962265,0.5360186867241401,0.6763060289082343,0.0004211429832752549,125847.99487294254,0.2380271257208943
inh_MC_2,18,2,inhibitory,MC,46,36,1.2777777777777777,0.3695652173913043,-0.5016626175077136,0.2828406263876835,0.0004694528759424489,97986.40578706184,0.1956809680591441
inh_MC_2,19,2,inhibitory,MC,36,33,1.0909090909090908,0.16666666666666666,1.7027226990306372,0.9842199268367084,0.0003685760246373396,97673.20062508732,0.1837187190667153
inh_MC_2,20,2,inhibitory,MC,36,33,1.0909090909090908,0.16666666666666666,-1.4458494952724117,1.183314611153936,0.0002955671388070066,121799.73776958523,0.2537949181581084
inh_MC_2,21,2,inhibitory,MC,42,35,1.2,0.2857142857142857,-0.7257324949272053,-0.7312086689433495,0.0004764382370408098,88154.13359948783,0.1680185005383131
inh_MC_2,22,2,inhibitory,MC,27,25,1.08,0.14814814814814814,-0.2907464606351569,-0.2306067619127689,0.0003812876934781768,70812.67101411276,0.1369431200792496
inh_MC_2,23,1,inhibitory,MC,14,14,1.0,0.0,-0.1854972055816599,-1.185523058463229,0.0003015698627423589,46423.73701632336,0.087186171813167
inh_MC_2,24,2,inhibitory,MC,14,12,1.1666666666666667,0.2857142857142857,0.1168442949099572,0.6799204609843591,0.0002329017599421381,60111.18165649821,0.1365872086628331
inh_MC_2,25,2,inhibitory,MC,57,54,1.0555555555555556,0.10526315789473684,-0.7032143457519342,-0.481960948093159,0.00027125985450809914,210130.6148060996,0.4216571866592622
inh_MC_2,26,1,inhibitory,MC,13,12,1.0833333333333333,0.15384615384615385,0.6907151861877998,-0.121527143845478,0.0004125611110370984,31510.48330105697,0.0523889772682985
inh_MC_2,27,1,inhibitory,MC,5,4,1.25,0.4,0.8270435152480172,-0.7065805048888274,0.00027687369819422224,18058.7756533399,0.0293606534286611
inh_MC_2,28,1,inhibitory,MC,9,9,1.0,0.0,-0.0942266155946976,0.4258906392873252,0.00023048587738561303,39047.94559253018,0.0745648755973591
inh_MC_2,29,2,inhibitory,MC,20,19,1.0526315789473684,0.1,-0.0063701884742801,0.7051521190521569,0.00017659893738134692,113250.96456731274,0.2380337719700099
inh_MC_2,30,1,inhibitory,MC,8,8,1.0,0.0,-0.2442166214177329,0.7649723704064385,0.00020813453672421022,38436.677189237664,0.089873846643087
inh_MC_2,31,2,inhibitory,MC,43,36,1.1944444444444444,0.2558139534883721,-1.0146127412112884,-0.0914459150125443,0.00046859930549312135,91762.83339718096,0.1972008030089059
inh_MC_2,33,1,inhibitory,MC,16,10,1.6,0.6875,0.4572700690110145,-0.3565755767981918,0.000335091282473559,47748.18336631156,0.1007819782050798
inh_MC_2,34,1,inhibitory,MC,12,9,1.3333333333333333,0.5,1.2644005250772157,1.8534649643832863,0.0005043041456581153,23795.16429384105,0.0512429931395237
inh_MC_2,35,0,inhibitory,MC,3,3,1.0,0.0,-0.7774853017561769,,0.0006740638243605344,4450.617124937711,0.0081757947762363
inh_MC_2,36,2,inhibitory,MC,27,21,1.2857142857142858,0.37037037037037035,-0.7687189554747439,0.9546166431487813,0.0002361640662468969,114327.29978392624,0.2323950778204407
inh_MC_2,37,2,inhibitory,MC,17,16,1.0625,0.11764705882352941,0.7542838535510631,-0.4202024287811061,0.000217763165763354,78066.46243595722,0.1535622342660598
inh_MC_2,39,2,inhibitory,MC,16,16,1.0,0.0,0.1258456383074251,-0.5115452429130409,0.00010699941057708078,149533.53400459938,0.288891915240189
inh_MC_2,40,2,inhibitory,MC,15,15,1.0,0.0,-0.3617272880151389,1.242836336941814,0.00015115714955010777,99234.47249862026,0.195056617098583
inh_MC_2,41,2,inhibitory,MC,14,14,1.0,0.0,1.832714279887094,-0.3528626351922086,0.0002236555827741362,62596.24654278461,0.1374821152190662
inh_MC_2,42,1,inhibitory,MC,5,4,1.25,0.4,0.8752392860401506,-1.1800693055487608,0.000369104957520452,13546.282427601778,0.0323566054914189
inh_MC_2,43,2,inhibitory,MC,58,49,1.183673469387755,0.25862068965517243,-1.2364353196630102,0.6595766661771034,0.0003492581267123047,166066.2861190242,0.3407437496794402
inh_MC_2,44,1,inhibitory,MC,12,12,1.0,0.0,-1.1753418867511782,1.8476639212368555,0.0002954639503279949,40614.09179251406,0.0757979642538892
inh_MC_2,45,2,inhibitory,MC,15,13,1.1538461538461537,0.26666666666666666,-2.023992237657349,1.4415086736855405,0.00025464535724322584,58905.45251792151,0.1321578589398652
inh_MC_2,46,2,inhibitory,MC,16,14,1.1428571428571428,0.25,-0.3703357874002081,-0.6477918845125183,0.00027164839038843505,58899.66797565523,0.1338876230775013
inh_MC_2,47,2,inhibitory,MC,19,19,1.0,0.0,0.6647715054894486,0.8922617149180091,0.00017127911947289415,110930.04248545808,0.2186344849394609
inh_MC_2,48,1,inhibitory,MC,4,4,1.0,0.0,0.2448808122851784,,0.00014638643488241364,27324.936242986176,0.0683265767940548
inh_MC_2,49,1,inhibitory,MC,4,4,1.0,0.0,-0.4965924077779465,,0.00022162511966195884,18048.495613228024,0.0305343809394384
inh_MC_2,51,2,inhibitory,MC,15,13,1.1538461538461537,0.26666666666666666,0.4317446914292397,1.993271451665338,0.0002345184783570606,63960.8448130987,0.1382047249327709
inh_MC_2,52,1,inhibitory,MC,11,10,1.1,0.18181818181818182,-0.8982324316838527,0.0583810352719088,0.0003995980566002282,27527.66140453176,0.0594797643931633
inh_MC_2,53,1,inhibitory,MC,14,12,1.1666666666666667,0.2857142857142857,-2.032982320415865,-0.6948620749057776,0.00035132520648953753,39849.11911072034,0.0886735788013342
inh_MC_2,54,1,inhibitory,MC,17,15,1.1333333333333333,0.23529411764705882,0.1343161978049222,-0.0565515017715879,0.0005823518156394278,29191.975612429127,0.0647669513260018
inh_MC_2,57,1,inhibitory,MC,16,16,1.0,0.0,-0.3367753735442611,0.7013954753147547,0.000323487693068233,49460.92337622604,0.086707902290013
inh_MC_2,58,1,inhibitory,MC,5,4,1.25,0.4,-0.3119021612968609,1.3586059919843947,0.00042759227737902613,11693.382375023351,0.0284950292961304
inh_BPC,0,0,inhibitory_BPC,BPC,4,4,1.0,0.0,0.3123508885738259,,0.0006654682657140645,6010.805031713868,0.0092310204480569
inh_BPC,1,1,inhibitory_BPC,BPC,55,34,1.6176470588235294,0.5818181818181818,-0.8546279176913779,1.0398127955085943,0.0013429952964944614,40953.23352476598,0.0759519742313796
inh_BPC,2,2,inhibitory_BPC,BPC,22,22,1.0,0.0,1.0660160617363577,1.4456836586018655,0.0003878792844507287,56718.677387357624,0.1172514349331973
inh_BPC,3,1,inhibitory_BPC,BPC,13,12,1.0833333333333333,0.15384615384615385,-1.066832181957471,-0.7795684569893293,0.0005394462433328044,24098.78678491384,0.054016722592343
inh_BPC,4,2,inhibitory_BPC,BPC,66,48,1.375,0.3787878787878788,-0.0731236579960313,1.1242707609453304,0.0007763337821900569,85014.97875541673,0.1656369575240206
inh_BPC,5,1,inhibitory_BPC,BPC,22,18,1.2222222222222223,0.3181818181818182,0.7347937591399059,-1.0359936080889431,0.0005055851399936641,43513.937138808506,0.0768915016780839
inh_BPC,6,0,inhibitory_BPC,BPC,5,4,1.25,0.4,-0.3701777790676873,-0.7314690990418241,0.0005602977083899205,8923.827324527298,0.014472732708227
inh_BPC,7,1,inhibitory_BPC,BPC,24,21,1.1428571428571428,0.25,1.1050193889455415,0.5229710231885095,0.0005314035268969185,45163.418730292906,0.0838362549526015
inh_BPC,8,2,inhibitory_BPC,BPC,8,5,1.6,0.625,-1.7723223307945262,-2.308179194151335,0.00011985243040167665,66748.75071943544,0.1473556298692793
inh_BPC,9,1,inhibitory_BPC,BPC,11,8,1.375,0.36363636363636365,-0.7039775557768159,0.0538231301280575,0.0002922034735311579,37645.00081764792,0.0779696929065277
inh_BPC,11,1,inhibitory_BPC,BPC,18,15,1.2,0.3333333333333333,0.0469028504876086,0.130015039825029,0.0004447807086995718,40469.38108585582,0.0713128221142897
inh_BPC,12,1,inhibitory_BPC,BPC,6,6,1.0,0.0,-1.0938791132799768,-0.6678813160242738,0.00028593865592466496,20983.521729852415,0.0421500913221883
inh_BPC,13,2,inhibitory_BPC,BPC,10,8,1.25,0.4,1.3718877322135752,-0.8522173144142176,0.00012155622830338949,82266.45511771904,0.1820560194395321
inh_BPC,15,1,inhibitory_BPC,BPC,14,13,1.0769230769230769,0.14285714285714285,-1.3415870935305323,-0.1469659210262797,0.0004885919697418887,28653.766060452977,0.0605164064527587
inh_BPC,16,1,inhibitory_BPC,BPC,19,12,1.5833333333333333,0.5263157894736842,-2.662260023730299,-1.1364089942480682,0.00037275065954975133,50972.41148533516,0.0983221406166606
inh_BPC,17,2,inhibitory_BPC,BPC,20,16,1.25,0.4,0.2710989270430464,-0.0306597308142979,0.00013960690518567342,143259.38945069042,0.3213942170026381
inh_BPC,18,1,inhibitory_BPC,BPC,15,13,1.1538461538461537,0.26666666666666666,0.0926131682058014,1.0099016590683982,0.0009146517929765269,16399.68359017359,0.0338820688824827
inh_BPC,19,0,inhibitory_BPC,BPC,6,6,1.0,0.0,-0.9240418786647632,-1.0393952640800332,0.0007328165792038134,8187.587686019396,0.0146558966233668
inh_BPC,20,2,inhibitory_BPC,BPC,61,55,1.1090909090909091,0.18032786885245902,1.313209740801193,-1.0554581407176045,0.0004257202754497608,143286.5745836402,0.3266956156300619
inh_BPC,21,1,inhibitory_BPC,BPC,17,16,1.0625,0.11764705882352941,-0.5518355620553435,-0.0396132441035076,0.000613180129127869,27724.316546557428,0.0545963042934599
inh_BPC,22,2,inhibitory_BPC,BPC,3,3,1.0,0.0,-1.8342024645899788,,4.8951721609543454e-05,61284.87214257916,0.1310480215997195
inh_BPC,24,2,inhibitory_BPC,BPC,20,17,1.1764705882352942,0.25,-0.0974828574992813,-0.6412194500439584,0.00021921768072683442,91233.5169941053,0.2241417489465509
inh_BPC,25,2,inhibitory_BPC,BPC,25,23,1.0869565217391304,0.16,0.1591608985753755,1.066373010103463,0.0003288812727267268,76015.27381819925,0.1767349259854274
inh_BPC,26,1,inhibitory_BPC,BPC,9,8,1.125,0.2222222222222222,-0.0407214336877007,1.862958890778795,0.0003530456701531308,25492.45256597063,0.0611916776101259
inh_BPC,27,1,inhibitory_BPC,BPC,3,3,1.0,0.0,-1.7390432101823443,,0.00016154408073572598,18570.78257734355,0.0422791815492641
inh_BPC,28,1,inhibitory_BPC,BPC,16,16,1.0,0.0,-2.0122163547378458,0.5490214717912378,0.000635112842708616,25192.37358161982,0.0520953165371664
inh_BPC,29,0,inhibitory_BPC,BPC,3,3,1.0,0.0,-1.1975263856099552,,0.0005861407088644232,5118.2249494530715,0.0095594030111603
inh_BPC,30,1,inhibitory_BPC,BPC,3,3,1.0,0.0,0.7412405312212202,,0.00011797767521905245,25428.539716771127,0.0545872924615517
inh_BPC,31,1,inhibitory_BPC,BPC,3,3,1.0,0.0,-1.86865327590865,,6.386638620221076e-05,46973.06640306124,0.1029952614506161
inh_BPC,32,2,inhibitory_BPC,BPC,5,5,1.0,0.0,-1.1515635485537887,-0.4448951310749772,8.676194869049326e-05,57628.94996557244,0.1273846647176071
inh_BPC,34,0,inhibitory_BPC,BPC,3,2,1.5,0.6666666666666666,-1.62345217130389,,0.00028451581840519414,10544.229198980916,0.0219188376912549
inh_BPC,35,1,inhibitory_BPC,BPC,15,15,1.0,0.0,0.2996679028653187,1.5242190146472174,0.00051408422402144,29178.098255305384,0.0694005074529788
inh_BPC,36,2,inhibitory_BPC,BPC,15,12,1.25,0.26666666666666666,2.1005728940277284,1.6050815951602346,0.00021371461244234968,70187.05847287961,0.1671370490338891
inh_BPC,37,2,inhibitory_BPC,BPC,21,18,1.1666666666666667,0.23809523809523808,1.722600473721243,1.7519756082885218,0.00037991239323493544,55275.90142871105,0.1250027987473234
inh_BPC,38,1,inhibitory_BPC,BPC,4,4,1.0,0.0,-0.7782135336024906,,0.000141982567683072,28172.472615994982,0.0612589825824762
inh_BPC,39,1,inhibitory_BPC,BPC,8,8,1.0,0.0,0.8873934669040523,0.5175920747637911,0.00017637672721792144,45357.45801721129,0.1100282219380558
inh_BPC,40,2,inhibitory_BPC,BPC,3,3,1.0,0.0,-0.95289831341667,,3.776158155454322e-05,79445.82500250338,0.1772419146859208
inh_BPC,43,1,inhibitory_BPC,BPC,3,2,1.5,0.6666666666666666,-1.1310009935188765,,0.00025503788560560643,11762.958247855126,0.0292253047318843
inh_BPC,44,1,inhibitory_BPC,BPC,9,7,1.2857142857142858,0.4444444444444444,0.5948702367343246,0.5199233739837432,0.00028921697596543354,31118.505301969744,0.068871957189362
inh_BPC,45,0,inhibitory_BPC,BPC,3,3,1.0,0.0,0.8550272271784998,,0.0002813166166442992,10664.140767032057,0.0256693453475938
inh_BPC,46,2,inhibitory_BPC,BPC,8,8,1.0,0.0,-1.3927550635616923,-0.385947724144487,0.00013141282647083518,60876.858179254385,0.1480772990196991
inh_BPC,47,1,inhibitory_BPC,BPC,4,4,1.0,0.0,-1.5511844088366686,,0.00019913882043141252,20086.490375580393,0.0483579135507792
inh_BPC,50,2,inhibitory_BPC,BPC,20,19,1.0526315789473684,0.1,0.7806766365644466,-0.6321640528180618,0.00023217888900209312,86140.47593198578,0.2067305269657456
inh_BPC,51,1,inhibitory_BPC,BPC,13,11,1.1818181818181819,0.3076923076923077,0.4646605700546393,0.6956235957510758,0.0005409723650997613,24030.80238230405,0.0504747809687298
inh_BPC,52,1,inhibitory_BPC,BPC,9,8,1.125,0.2222222222222222,-1.8438372582908644,-1.2235626591649322,0.00027244232810302605,33034.51436003213,0.0655243074052905
inh_BPC,53,1,inhibitory_BPC,BPC,4,4,1.0,0.0,-2.1159577771055686,,0.00012698402132159964,31500.0262109325,0.0622081083279827
inh_BPC,54,2,inhibitory_BPC,BPC,9,7,1.2857142857142858,0.3333333333333333,-0.6180255996954864,-1.5121237751788832,0.0001306731687517267,68874.12378511771,0.1455507997489932
inh_BPC_2,0,0,inhibitory_BPC,BPC,5,4,1.25,0.4,0.0330999134375612,-1.2853310956904949,0.0003042627063890581,16433.167440529312,0.0272626870791492
inh_BPC_2,1,2,inhibitory_BPC,BPC,20,19,1.0526315789473684,0.1,-1.379163541264841,-0.3221232022633714,0.00018554893658240005,107788.27606548012,0.2525221551121239
inh_BPC_2,3,2,inhibitory_BPC,BPC,34,32,1.0625,0.11764705882352941,1.4948784832448756,1.5379677776765752,0.00024452666441997646,139044.1409759908,0.3291771226397758
inh_BPC_2,4,2,inhibitory_BPC,BPC,60,34,1.7647058823529411,0.65,-7.483149195744454,0.1583251214434528,0.0007290729613966521,82296.29018892803,0.1594515240302332
inh_BPC_2,5,1,inhibitory_BPC,BPC,15,15,1.0,0.0,0.1563381299536408,-0.0283410370149188,0.00033147077110638127,45252.85879636712,0.0686879111288566
inh_BPC_2,6,2,inhibitory_BPC,BPC,26,26,1.0,0.0,1.7105364000805994,-0.691106952467991,0.00033436668428554555,77758.94316610886,0.1612808970304639
inh_BPC_2,7,2,inhibitory_BPC,BPC,22,21,1.0476190476190477,0.09090909090909091,0.893280653140798,0.945287507879602,0.0003333395286839399,65998.7733433786,0.135358498706625
inh_BPC_2,8,1,inhibitory_BPC,BPC,7,7,1.0,0.0,-1.430991913705242,0.7691140996126377,0.00023451274086780423,29849.12450426703,0.0517593876294371
inh_BPC_2,9,1,inhibitory_BPC,BPC,3,3,1.0,0.0,0.1686644906836695,,0.00016850157626467285,17803.987751947006,0.0329370166043241
inh_BPC_2,10,2,inhibitory_BPC,BPC,16,14,1.1428571428571428,0.1875,0.3646358853810265,0.5661639794891925,0.00029791647557491616,53706.32815497486,0.1185471252228167
inh_BPC_2,11,1,inhibitory_BPC,BPC,12,11,1.0909090909090908,0.16666666666666666,0.0328714645280196,-0.5619964624371478,0.00024471675288400256,49036.283207337605,0.1138109354092314
inh_BPC_2,12,1,inhibitory_BPC,BPC,11,11,1.0,0.0,0.387918434886681,-1.1519033222293655,0.0002861908807332425,38435.885769026514,0.0814218189678569
inh_BPC_2,13,1,inhibitory_BPC,BPC,5,5,1.0,0.0,0.1314705415295983,0.5705709765005805,0.00016717869182667692,29908.11774734885,0.0679134924661126
inh_BPC_2,14,2,inhibitory_BPC,BPC,6,6,1.0,0.0,-1.2233424486900104,-0.3070553126937277,5.6338568578852045e-05,106498.97843255172,0.2344609333605942
inh_BPC_2,15,1,inhibitory_BPC,BPC,8,8,1.0,0.0,1.6363940509318815,-0.1561180351861444,0.00017083898030681747,46827.7203811006,0.102576989549513
inh_BPC_2,16,2,inhibitory_BPC,BPC,24,23,1.0434782608695652,0.08333333333333333,-1.094761392731985,-0.170976959994621,0.00023009009112820547,104306.96898906122,0.214375854058922
inh_BPC_2,20,2,inhibitory_BPC,BPC,18,17,1.0588235294117647,0.1111111111111111,-0.3769855477941159,0.7113967436437516,0.0002184729793228597,82390.051418668,0.1734321515591227
inh_BPC_2,21,2,inhibitory_BPC,BPC,22,19,1.1578947368421053,0.2727272727272727,-0.3975786638677227,-1.3320995152946322,0.00031901275649576054,68962.75948856097,0.1653255617196397
inh_BPC_2,22,2,inhibitory_BPC,BPC,14,12,1.1666666666666667,0.21428571428571427,2.3734682416679806,-2.251967013639858,0.00019946535665890517,70187.62673630909,0.15135097558431
inh_BPC_2,23,2,inhibitory_BPC,BPC,34,34,1.0,0.0,-0.0249841682890592,0.6997927248390787,0.00022190379841698318,153219.54938378307,0.355712798729813
inh_BPC_2,24,1,inhibitory_BPC,BPC,5,5,1.0,0.0,-0.0106879942982731,0.5739796615323901,0.00024097890911852036,20748.70376951062,0.0434322176859846
inh_BPC_2,25,1,inhibitory_BPC,BPC,3,3,1.0,0.0,1.170047552490346,,0.00016693617873504363,17970.93968924205,0.039412916058926
inh_BPC_2,26,1,inhibitory_BPC,BPC,8,8,1.0,0.0,2.6945739931010513,0.5191216852501896,0.000198029498238831,40398.02186617521,0.0962559493317252
inh_BPC_2,28,1,inhibitory_BPC,BPC,8,8,1.0,0.0,0.4764870475673518,0.8194746565466232,0.00030587112134215403,26154.80652405569,0.0601757367456221
inh_BPC_2,29,0,inhibitory_BPC,BPC,4,3,1.3333333333333333,0.5,-1.3733299913892885,,0.0003476054765221033,11507.298561637162,0.0263257599984787
inh_BPC_2,30,2,inhibitory_BPC,BPC,20,19,1.0526315789473684,0.1,0.7479795479643666,0.7538276282575714,0.00027582192692866575,72510.5513644406,0.1692374256751102
inh_BPC_2,31,1,inhibitory_BPC,BPC,8,8,1.0,0.0,-2.2001024123347324,-0.850817099025353,0.00016528803941755497,48400.356300374464,0.1109350447621611
inh_BPC_2,32,2,inhibitory_BPC,BPC,22,22,1.0,0.0,-0.6967495756520014,0.2027095885285194,0.00028985345525247484,75900.42347722594,0.1810656785854327
inh_BPC_2,33,1,inhibitory_BPC,BPC,7,5,1.4,0.42857142857142855,0.670154633852833,1.0137986057487471,0.0003913499072329248,17886.80633526692,0.0366497155652815
inh_BPC_2,39,2,inhibitory_BPC,BPC,14,12,1.1666666666666667,0.2857142857142857,1.5284020318060965,1.4328589971578125,0.00020277799161383964,69041.02308430447,0.1685404118598677
inh_BPC_2,40,2,inhibitory_BPC,BPC,24,21,1.1428571428571428,0.16666666666666666,0.9769978050970688,0.2695133732203236,0.0003918289623463649,61251.2149594106,0.1267977489588345
inh_BPC_2,41,2,inhibitory_BPC,BPC,17,15,1.1333333333333333,0.23529411764705882,0.8160435734072612,0.5082197294295474,0.00019106514105681055,88974.890479605,0.2098113923369252
inh_BPC_2,42,2,inhibitory_BPC,BPC,3,3,1.0,0.0,1.9363608919645936,,3.5732726732270664e-05,83956.64910986664,0.1849943548556651
inh_BPC_2,44,2,inhibitory_BPC,BPC,25,23,1.0869565217391304,0.16,-0.1914351489666713,-0.0205310341456416,0.00030975164498231943,80709.82157795157,0.1912420294479608
inh_BPC_2,46,2,inhibitory_BPC,BPC,27,24,1.125,0.2222222222222222,-0.7829527866931413,-0.6959638961967598,0.00019854263266988391,135990.94379338063,0.2904123420334722
inh_BPC_2,47,2,inhibitory_BPC,BPC,16,14,1.1428571428571428,0.25,1.2256438854555904,0.7027875513802697,0.00019586829959261054,81687.54225813286,0.2002544710090809
