partner_id,neuron_label,n_synapses,n_valid_regime,dominant_regime,regime_0_frac,regime_1_frac,regime_2_frac,spans_regimes,effect_ratio,mean_pairwise_distance,max_branch_fraction,p_distance,z_distance
864691134917404682,exc_23P,6,6,1,0.16666666666666666,0.6666666666666666,0.16666666666666666,True,0.7150656134593,24603.866960000578,0.6666666666666666,0.004,-2.9544683073948894
864691135113309337,exc_23P,5,5,1,0.2,0.4,0.4,True,0.8550446958662234,104091.26072027798,0.4,0.028,-2.247378837307733
864691135123628583,exc_23P,4,4,2,0.25,0.0,0.75,True,1.0063489731279143,162256.84510811706,0.25,0.538,0.29486018167266886
864691135195469354,exc_23P,3,3,2,0.0,0.0,1.0,False,0.11688342468876257,23235.77434024598,1.0,0.0,-7.087501244658874
864691135234074969,exc_23P,4,4,1,0.0,1.0,0.0,False,0.05987598942886584,4950.476379375312,1.0,0.0,-8.707732112873314
864691135273221393,exc_23P,3,3,2,0.0,0.0,1.0,False,1.0268954940154016,214393.37631944419,0.3333333333333333,0.679,0.5592378250380527
864691135274283237,exc_23P,3,3,2,0.0,0.0,1.0,False,0.975433829958351,155676.33814538966,0.3333333333333333,0.425,0.14074415990502995
864691135278202785,exc_23P,14,14,2,0.14285714285714285,0.35714285714285715,0.5,True,0.9386420718308823,64268.20369955616,0.14285714285714285,0.069,-1.5595742737473455
864691135292324022,exc_23P,6,6,2,0.0,0.0,1.0,False,0.2689968755051,48659.48640268314,0.8333333333333334,0.0,-12.253645476057196
864691135293207478,exc_23P,5,5,2,0.4,0.0,0.6,True,0.8422134639637637,66345.91062231324,0.4,0.053,-1.7950242564427648
864691135294109964,exc_23P,5,5,2,0.2,0.0,0.8,True,0.22996795494926464,41378.41019182878,0.8,0.0,-12.075236335873402
864691135339064294,exc_23P,6,6,1,0.0,0.5,0.5,True,0.782819328302527,111325.44216683671,0.5,0.012,-2.6476149915012437
864691135368257529,exc_23P,13,13,0,0.46153846153846156,0.3076923076923077,0.23076923076923078,True,0.7694296583488588,66536.37943632984,0.15384615384615385,0.0,-4.2668602625708205
864691135384180203,exc_23P,5,5,1,0.0,0.6,0.4,True,0.8966418071525607,174692.30918755502,0.4,0.17,-0.9529657765186259
864691135386781269,exc_23P,3,3,2,0.3333333333333333,0.0,0.6666666666666666,True,0.8149265848208883,146300.4199222359,0.3333333333333333,0.102,-1.1647982682362072
864691135417069754,exc_23P,9,9,0,0.3333333333333333,0.3333333333333333,0.3333333333333333,True,0.8772394930422515,64957.242629026965,0.2222222222222222,0.016,-2.329209996141389
864691135445702290,exc_23P,6,6,1,0.0,0.5,0.5,True,1.0240850000824995,110738.51370416644,0.3333333333333333,0.68,0.5161172817272096
864691135447057042,exc_23P,4,4,1,0.0,1.0,0.0,False,0.4475442728070131,67439.13228343171,0.75,0.001,-5.9579121524558145
864691135447541746,exc_23P,4,4,0,0.5,0.0,0.5,True,0.31231264329028086,15179.241746183347,0.5,0.0,-6.05410095016805
864691135454049642,exc_23P,4,4,2,0.25,0.25,0.5,True,0.41621235724928196,65995.26050911857,0.25,0.001,-6.04666367443153
864691135462749246,exc_23P,4,4,2,0.0,0.25,0.75,True,1.0364075720504955,194374.6729896216,0.25,0.773,0.7054550422303733
864691135462885694,exc_23P,6,6,1,0.0,0.5,0.5,True,0.45710417756723754,82734.8036351746,0.3333333333333333,0.0,-7.196004063916539
864691135463956549,exc_23P,3,3,2,0.0,0.3333333333333333,0.6666666666666666,True,0.9281286140961451,121245.32248152164,0.3333333333333333,0.26,-0.4941550002026308
864691135497904147,exc_23P,3,3,1,0.0,0.6666666666666666,0.3333333333333333,True,0.3804244457808773,44206.83516450032,0.6666666666666666,0.005,-4.380574022086482
864691135503286709,exc_23P,6,6,2,0.0,0.0,1.0,False,0.6142830265474764,59455.43683021354,0.5,0.001,-5.580939513932492
864691135510118665,exc_23P,4,4,2,0.0,0.25,0.75,True,0.5519268837018405,123730.50574244799,0.5,0.002,-4.316795498766744
864691135517469651,exc_23P,3,3,0,1.0,0.0,0.0,False,0.08576955371032016,7455.566112485546,0.6666666666666666,0.0,-6.00038495518317
864691135538639986,exc_23P,4,4,1,0.0,0.75,0.25,True,0.8466142645599241,198057.78538024693,0.5,0.088,-1.3622699692686353
864691135539391090,exc_23P,5,5,1,0.2,0.4,0.4,True,0.6404264115339918,75821.81177882057,0.4,0.003,-4.542744081027407
864691135565577495,exc_23P,4,4,2,0.25,0.0,0.75,True,0.7412051947458596,159005.23156844502,0.5,0.033,-2.101649892726276
864691135570564998,exc_23P,4,4,2,0.0,0.0,1.0,False,0.5906275445106413,110894.99279622846,0.75,0.006,-3.693533823255337
864691135576647198,exc_23P,9,9,0,0.6666666666666666,0.1111111111111111,0.2222222222222222,True,0.743782547842389,46810.89857996997,0.3333333333333333,0.0,-4.359311570664504
864691135582973549,exc_23P,3,3,2,0.0,0.3333333333333333,0.6666666666666666,True,0.99730765661021,183491.5622135971,0.3333333333333333,0.483,0.005658233485829805
864691135585753155,exc_23P,9,9,0,0.5555555555555556,0.2222222222222222,0.2222222222222222,True,0.41419498082997624,48069.06822655414,0.2222222222222222,0.0,-13.370618176382692
864691135615421899,exc_23P,15,15,2,0.0,0.2,0.8,True,0.939570389883203,133612.84238653278,0.2,0.041,-1.9761950447407843
864691135660487664,exc_23P,6,6,1,0.0,0.6666666666666666,0.3333333333333333,True,0.7321266548177839,32681.097412573516,0.6666666666666666,0.002,-3.4789258570318164
864691135684662002,exc_23P,5,5,2,0.2,0.2,0.6,True,1.0271932573575933,87773.64986346252,0.2,0.635,0.4441079717153963
864691135684704242,exc_23P,8,8,1,0.125,0.5,0.375,True,0.48408015500438706,70883.65141012103,0.375,0.0,-11.199887212280009
864691135700779387,exc_23P,9,9,0,0.8888888888888888,0.0,0.1111111111111111,True,1.0190959719638217,31627.03407094166,0.3333333333333333,0.601,0.21217496539693348
864691135715227930,exc_23P,3,3,2,0.0,0.3333333333333333,0.6666666666666666,True,0.894702809885731,162735.94902098287,0.3333333333333333,0.185,-0.6877968597053519
864691135732172692,exc_23P,11,11,2,0.0,0.09090909090909091,0.9090909090909091,True,0.7078345008977047,152662.38970364968,0.45454545454545453,0.0,-4.93866815464859
864691135737076100,exc_23P,3,3,0,0.3333333333333333,0.3333333333333333,0.3333333333333333,True,0.9638743574370706,86454.4234324216,0.3333333333333333,0.327,-0.30463056285450746
864691135738208644,exc_23P,3,3,2,0.0,0.0,1.0,False,0.7079944369615596,112115.51899532648,0.6666666666666666,0.066,-1.8072416597143939
864691135749963305,exc_23P,4,4,2,0.0,0.0,1.0,False,0.990028003954665,148517.54253456276,0.25,0.454,0.07301381807398698
864691135772561659,exc_23P,9,9,2,0.0,0.4444444444444444,0.5555555555555556,True,0.9161249671415497,199353.13576969746,0.2222222222222222,0.112,-1.2000970663495385
864691135772906571,exc_23P,7,7,0,0.5714285714285714,0.2857142857142857,0.14285714285714285,True,0.8297196338119157,56472.12559723573,0.42857142857142855,0.019,-2.3102257982360794
864691135777432237,exc_23P,4,4,0,0.75,0.0,0.25,True,0.852363939271628,40296.15528496311,0.5,0.098,-1.2609182277345818
864691135778686653,exc_23P,16,16,0,0.6875,0.0625,0.25,True,0.9034277517040527,62847.1657349743,0.3125,0.002,-2.9260052278576603
864691135782095952,exc_23P,5,5,2,0.0,0.0,1.0,False,0.9958298865241932,116544.29667122322,0.4,0.478,0.1080418945958244
864691135809512140,exc_23P,8,8,1,0.0,0.5,0.5,True,0.8687280101795587,74380.92085608195,0.25,0.018,-2.2123540371567416
864691135837716115,exc_23P,15,15,2,0.0,0.26666666666666666,0.7333333333333333,True,0.8644237654807667,162553.09155697218,0.3333333333333333,0.003,-3.559488036222398
864691135838217875,exc_23P,4,4,2,0.0,0.0,1.0,False,0.5450981535543703,115305.99749783159,0.75,0.0,-5.248839434638711
864691135841479139,exc_23P,4,4,0,1.0,0.0,0.0,False,0.12814125953794786,2115.6971459315887,1.0,0.0,-3.4173220937492337
864691135849145950,exc_23P,9,9,2,0.1111111111111111,0.3333333333333333,0.5555555555555556,True,0.9508469247438616,156965.88533858152,0.2222222222222222,0.164,-0.8494633163789709
864691135860031080,exc_23P,5,5,1,0.0,0.6,0.4,True,1.0785987462190356,263912.139879959,0.4,0.864,0.9464173149915998
864691135860081768,exc_23P,18,18,2,0.3333333333333333,0.2222222222222222,0.4444444444444444,True,0.9819976755552037,81670.68859405335,0.16666666666666666,0.262,-0.6179594958912785
864691135866001884,exc_23P,3,3,2,0.0,0.3333333333333333,0.6666666666666666,True,0.9094487369406431,234237.87115895873,0.3333333333333333,0.252,-0.37195751009551803
864691135867636502,exc_23P,4,4,1,0.0,0.5,0.5,True,0.9907068015091944,174827.68408504734,0.25,0.464,-0.06456727253206387
864691135885132912,exc_23P,6,6,2,0.0,0.16666666666666666,0.8333333333333334,True,0.9869478067209755,154146.4110958432,0.3333333333333333,0.413,-0.17433902601833334
864691135910675369,exc_23P,11,11,1,0.18181818181818182,0.6363636363636364,0.18181818181818182,True,0.7180175355426809,45839.08386960885,0.45454545454545453,0.0,-5.365983215392994
864691135911169705,exc_23P,5,5,0,0.4,0.2,0.4,True,0.788433243547693,47937.20048500852,0.2,0.043,-1.810316382943098
864691135916321382,exc_23P,6,6,2,0.0,0.3333333333333333,0.6666666666666666,True,0.7706852971261001,141146.4357493158,0.5,0.006,-3.7057491507766755
864691135919666864,exc_23P,5,5,2,0.0,0.2,0.8,True,1.013004029095987,78386.11018977505,0.2,0.586,0.2947839153146268
864691135937345077,exc_23P,5,5,0,1.0,0.0,0.0,False,0.8021713738102826,59753.13859616425,0.4,0.023,-2.618547013459886
864691135937654276,exc_23P,6,6,2,0.0,0.0,1.0,False,0.8792063968180666,175578.00076962,0.3333333333333333,0.084,-1.4413199467176554
864691135946587940,exc_23P,5,5,2,0.0,0.2,0.8,True,0.7902864322990282,72423.80578787245,0.4,0.027,-2.4032325552708635
864691135947011876,exc_23P,27,27,2,0.0,0.37037037037037035,0.6296296296296297,True,1.0034884380153521,155886.91945070412,0.1111111111111111,0.554,0.07393716516320177
864691135947136353,exc_23P,3,3,0,1.0,0.0,0.0,False,0.9128597716984158,41863.09967947506,0.6666666666666666,0.212,-0.7380833548785247
864691135947630433,exc_23P,10,10,2,0.0,0.0,1.0,False,0.8751194438138185,178613.74338475705,0.3,0.028,-2.0660347890279978
864691135977176643,exc_23P,3,3,2,0.3333333333333333,0.0,0.6666666666666666,True,0.9361359831598728,110082.59056465335,0.3333333333333333,0.321,-0.3337663443996957
864691135989717248,exc_23P,3,3,2,0.3333333333333333,0.0,0.6666666666666666,True,0.9780247897654769,106270.98586417915,0.3333333333333333,0.448,0.09362968501361224
864691135992816065,exc_23P,18,18,2,0.16666666666666666,0.0,0.8333333333333334,True,0.8466780048493097,80481.70143135863,0.2777777777777778,0.0,-5.350497113253476
864691136004885706,exc_23P,20,20,2,0.0,0.4,0.6,True,0.8992243939963788,123558.6768152193,0.25,0.001,-2.996415494756006
864691136024006201,exc_23P,10,10,0,0.9,0.1,0.0,True,0.7643568190140182,24144.441572646916,0.3,0.003,-2.680410084091303
864691136041006422,exc_23P,4,4,0,0.75,0.0,0.25,True,0.7367362031278246,37806.51714193072,0.5,0.091,-1.563584165775111
864691136069895304,exc_23P,4,4,2,0.0,0.25,0.75,True,0.6304047470709814,110553.09312273453,0.75,0.002,-4.069785956896898
864691136090479159,exc_23P,3,3,1,0.0,0.6666666666666666,0.3333333333333333,True,0.7239737536690996,179222.24548610803,0.6666666666666666,0.083,-1.652488448451431
864691136100949621,exc_23P,19,19,2,0.0,0.42105263157894735,0.5789473684210527,True,0.9613425756574209,124671.31613391233,0.15789473684210525,0.082,-1.2948075531452519
864691136101170037,exc_23P,5,5,2,0.0,0.4,0.6,True,0.546956068342209,83722.53599885596,0.6,0.0,-6.666819940392872
864691136108748216,exc_23P,3,3,2,0.0,0.0,1.0,False,0.013172260386660277,3050.9002649871886,1.0,0.0,-7.379829769747629
864691136118988312,exc_23P,5,5,2,0.0,0.2,0.8,True,0.8590097292562399,138899.37803800346,0.6,0.058,-1.7064557740622592
864691136124184102,exc_23P,7,7,1,0.0,0.7142857142857143,0.2857142857142857,True,0.6433345262447632,129700.88358022911,0.5714285714285714,0.0,-5.404245009917999
864691136135922315,exc_23P,3,3,2,0.0,0.0,1.0,False,0.6070377056390766,117515.33031268763,0.6666666666666666,0.028,-2.7683411164560146
864691136227357777,exc_23P,4,4,1,0.0,0.75,0.25,True,0.8530717102160776,98087.56627133086,0.5,0.065,-1.65456311321926
864691136228447569,exc_23P,4,4,1,0.0,0.5,0.5,True,0.5959585962915647,64362.67462469162,0.5,0.013,-3.27456944393569
864691136239032636,exc_23P,4,4,2,0.0,0.25,0.75,True,0.9077827752242678,140101.4410666464,0.5,0.169,-0.8220865607000585
864691136296706331,exc_23P,4,4,1,0.0,0.5,0.5,True,0.6426947091400601,137493.61529489118,0.5,0.004,-4.224955640715948
864691136371073416,exc_23P,5,5,2,0.0,0.4,0.6,True,0.8534519034244508,65361.16603486729,0.4,0.075,-1.4268151472290167
864691136379811797,exc_23P,3,3,2,0.0,0.0,1.0,False,1.1163482475301603,286493.26058361836,0.3333333333333333,0.874,0.9287785360403631
864691136424134959,exc_23P,24,24,0,0.5833333333333334,0.25,0.16666666666666666,True,0.747516528408323,60331.64089849151,0.25,0.0,-7.407394621787988
864691136445105795,exc_23P,9,9,0,0.6666666666666666,0.1111111111111111,0.2222222222222222,True,0.9367624503940014,65051.82286508534,0.5555555555555556,0.101,-1.3140602883786148
864691136451482111,exc_23P,6,6,1,0.3333333333333333,0.5,0.16666666666666666,True,0.8916092636117532,20410.415359064402,0.5,0.222,-0.7803114460217601
864691136451502591,exc_23P,3,3,0,0.3333333333333333,0.3333333333333333,0.3333333333333333,True,1.083525661867313,107396.133059157,0.3333333333333333,0.857,0.9083473142811599
864691136451521535,exc_23P,4,4,1,0.0,0.5,0.5,True,0.9725726523881081,79041.77629204326,0.25,0.392,-0.097668955448374
864691136595955362,exc_23P,8,8,2,0.0,0.375,0.625,True,0.9454088688072714,186685.25376266378,0.375,0.214,-0.7104336985161179
864691136619592845,exc_23P,8,8,0,0.375,0.25,0.375,True,0.9014947054334461,65383.38005217272,0.25,0.06,-1.701311767922611
864691136662196190,exc_23P,8,8,2,0.125,0.375,0.5,True,0.6128737589702313,84868.63290404796,0.5,0.0,-7.5234708899487135
864691136663423710,exc_23P,9,9,2,0.0,0.1111111111111111,0.8888888888888888,True,0.9771080764430189,166651.58104071234,0.2222222222222222,0.319,-0.39597420240995557
864691136673196679,exc_23P,3,3,1,0.0,1.0,0.0,False,0.7260576497470013,90051.00294077059,0.6666666666666666,0.032,-1.8554897181902448
864691136866259822,exc_23P,8,8,2,0.0,0.375,0.625,True,0.953362440891204,188085.4428798179,0.25,0.196,-0.702045106255495
864691136882140782,exc_23P,5,5,2,0.0,0.2,0.8,True,0.8153726087394347,75961.02789471818,0.6,0.042,-1.9611326907874649
864691136883269230,exc_23P,19,19,0,0.631578947368421,0.2631578947368421,0.10526315789473684,True,0.9316571081586781,35282.58946260153,0.2631578947368421,0.061,-1.4921219422912415
864691136888363118,exc_23P,9,9,2,0.0,0.1111111111111111,0.8888888888888888,True,0.7213523552920227,103352.13072731142,0.4444444444444444,0.0,-4.74255814079493
864691136907489134,exc_23P,11,11,0,0.45454545454545453,0.36363636363636365,0.18181818181818182,True,1.0068977749233845,51915.27652131001,0.2727272727272727,0.556,0.13502901494030745
864691136966673870,exc_23P,3,3,2,0.0,0.0,1.0,False,0.6470649329619323,139349.87011306002,0.6666666666666666,0.017,-2.7473149255974953
864691137196925761,exc_23P,7,7,1,0.0,0.7142857142857143,0.2857142857142857,True,0.22848480615953345,18329.67497566052,0.7142857142857143,0.0,-12.944541077038199
864691137197241921,exc_23P,8,8,2,0.125,0.375,0.5,True,0.8799013475405095,121468.48655586694,0.375,0.029,-1.6984544360623934
864691134886037498,exc_23P_2,4,4,2,0.0,0.0,1.0,False,0.02670053038161015,3937.520105219086,1.0,0.0,-10.213375423822578
864691134941464163,exc_23P_2,6,6,1,0.0,0.6666666666666666,0.3333333333333333,True,0.6609184537699411,100750.53908544738,0.3333333333333333,0.0,-5.133632988113669
864691134948539644,exc_23P_2,3,3,2,0.0,0.0,1.0,False,0.9558042360115023,125621.43659415872,0.3333333333333333,0.381,0.00698606849389409
864691135013900022,exc_23P_2,15,15,0,0.6666666666666666,0.06666666666666667,0.26666666666666666,True,0.8329272403366232,37165.30178407227,0.4,0.007,-2.3860866187751557
864691135082840567,exc_23P_2,16,16,2,0.25,0.1875,0.5625,True,1.00450412181049,59751.90336562043,0.1875,0.531,0.11518983922457833
864691135101289504,exc_23P_2,5,5,0,0.8,0.0,0.2,True,0.9110871440117316,65756.24150670557,0.2,0.154,-0.9829838316757631
864691135118264285,exc_23P_2,7,7,0,0.42857142857142855,0.14285714285714285,0.42857142857142855,True,1.0222991184621821,77438.71615603926,0.42857142857142855,0.638,0.38122797102520317
864691135234397273,exc_23P_2,3,3,2,0.0,0.0,1.0,False,0.46327285039248944,108608.62367906987,0.6666666666666666,0.001,-3.97949995648635
864691135273485073,exc_23P_2,6,6,2,0.0,0.0,1.0,False,0.8975162807328191,157550.68331473522,0.3333333333333333,0.072,-1.5037190361276616
864691135279450785,exc_23P_2,11,11,2,0.0,0.18181818181818182,0.8181818181818182,True,0.9196440145865451,181260.31497745294,0.2727272727272727,0.025,-2.277387502339542
864691135293300150,exc_23P_2,4,4,2,0.0,0.25,0.75,True,0.6144413460604643,90072.58176077747,0.5,0.008,-3.5591691966306525
864691135324052892,exc_23P_2,4,4,2,0.0,0.25,0.75,True,0.548976647541984,77445.62923274517,0.5,0.002,-4.588394471397878
864691135361131847,exc_23P_2,3,3,0,0.3333333333333333,0.3333333333333333,0.3333333333333333,True,1.1555087800359116,62201.317064168186,0.3333333333333333,0.838,1.002392522708709
864691135383669466,exc_23P_2,8,8,2,0.0,0.375,0.625,True,0.587257355597877,156577.5521239341,0.25,0.0,-5.4952948374724855
864691135430026800,exc_23P_2,8,8,1,0.0,0.625,0.375,True,0.8065171133108159,103216.72727713762,0.375,0.003,-3.9385215711985286
864691135430148912,exc_23P_2,5,5,1,0.0,0.8,0.2,True,0.9968045511982342,105594.81977259803,0.4,0.484,0.1511974452932062
864691135442029384,exc_23P_2,6,6,2,0.16666666666666666,0.3333333333333333,0.5,True,1.063153375090824,91660.86202666517,0.16666666666666666,0.866,0.9965298026680374
864691135447541746,exc_23P_2,5,5,2,0.0,0.0,1.0,False,0.9597311085134526,155779.33875806365,0.4,0.271,-0.44128031567131154
864691135463850397,exc_23P_2,4,4,0,0.75,0.0,0.25,True,0.47018473399934946,51445.790550121725,0.5,0.002,-5.640115639082478
864691135464054941,exc_23P_2,8,8,0,1.0,0.0,0.0,False,0.16272511492977684,3715.2716815723766,1.0,0.0,-3.8150652533605567
864691135468738444,exc_23P_2,3,3,1,0.0,0.6666666666666666,0.3333333333333333,True,0.7253620232033688,99201.57215032213,0.3333333333333333,0.049,-2.135418925123667
864691135468852364,exc_23P_2,7,7,0,0.42857142857142855,0.14285714285714285,0.42857142857142855,True,0.7498144625135016,130857.93670020862,0.42857142857142855,0.005,-3.3313270147449785
864691135469522002,exc_23P_2,4,4,2,0.0,0.25,0.75,True,1.0472218964306794,225498.4684739944,0.25,0.753,0.48232909146223507
864691135478421446,exc_23P_2,4,4,1,0.0,0.75,0.25,True,0.5881234232966795,59345.47096081593,0.75,0.007,-3.6646626578418604
864691135489264442,exc_23P_2,4,4,2,0.0,0.0,1.0,False,0.8121081981490622,208391.63489982692,0.5,0.06,-1.636122095603492
864691135489567034,exc_23P_2,5,5,2,0.0,0.0,1.0,False,0.6875117719741788,90010.5268741171,0.6,0.003,-4.41088513766471
864691135490940135,exc_23P_2,4,4,0,0.5,0.0,0.5,True,0.6146120475197981,21587.954047107083,0.5,0.014,-1.9279365630066851
864691135491223143,exc_23P_2,3,3,2,0.0,0.0,1.0,False,0.6769356656636092,110699.52422012156,0.6666666666666666,0.033,-2.2911715487217146
864691135509890057,exc_23P_2,3,3,1,0.0,0.6666666666666666,0.3333333333333333,True,0.7776379548726292,157389.86242228365,0.6666666666666666,0.067,-1.7711276261710462
864691135527145819,exc_23P_2,4,4,1,0.0,0.5,0.5,True,0.9265108725771546,81702.41751845322,0.5,0.215,-0.5631291614582801
864691135562001633,exc_23P_2,9,9,2,0.0,0.2222222222222222,0.7777777777777778,True,0.8785383337776002,125080.07680111249,0.4444444444444444,0.017,-2.6493337980332776
864691135568797676,exc_23P_2,4,4,1,0.0,0.5,0.5,True,0.856949075978815,72078.7510019233,0.5,0.094,-1.3294590712946148
864691135572082925,exc_23P_2,3,3,2,0.0,0.0,1.0,False,0.5880717429110388,93283.77302985526,0.6666666666666666,0.015,-3.6146490687529607
864691135572187629,exc_23P_2,5,5,2,0.4,0.0,0.6,True,0.9165727597471628,160717.36150367817,0.2,0.139,-1.0376451331912444
864691135578139397,exc_23P_2,4,4,2,0.0,0.0,1.0,False,1.0175601465553918,130171.28907472605,0.25,0.605,0.46599845657782146
864691135586548092,exc_23P_2,3,3,2,0.0,0.0,1.0,False,0.558837193852159,142789.18179346062,0.6666666666666666,0.011,-3.1791054608625218
864691135591027211,exc_23P_2,6,6,2,0.16666666666666666,0.0,0.8333333333333334,True,0.8129485744733845,126333.64077616208,0.5,0.005,-3.3216878981478817
864691135615404491,exc_23P_2,5,5,2,0.0,0.0,1.0,False,0.716356638257082,96856.05400609177,0.4,0.006,-3.642052990756138
864691135615427019,exc_23P_2,7,7,2,0.0,0.2857142857142857,0.7142857142857143,True,0.9288711091276489,143674.65669098523,0.2857142857142857,0.11,-1.0651478509046326
864691135617171817,exc_23P_2,4,4,2,0.0,0.0,1.0,False,0.7094244626123484,198003.56649124456,0.5,0.053,-1.913500355926782
864691135617348969,exc_23P_2,4,4,2,0.0,0.0,1.0,False,0.5136011509478627,51418.313796681476,0.75,0.004,-4.248093857068492
864691135655382978,exc_23P_2,17,17,2,0.35294117647058826,0.17647058823529413,0.47058823529411764,True,0.9322241240515972,103149.58233886237,0.11764705882352941,0.047,-1.911813633702614
864691135688243680,exc_23P_2,21,21,2,0.0,0.14285714285714285,0.8571428571428571,True,0.9115933494476607,126267.94014495394,0.2857142857142857,0.009,-2.6263116865773597
864691135700274555,exc_23P_2,3,3,1,0.0,0.6666666666666666,0.3333333333333333,True,1.0351215832547311,39444.45471326126,0.6666666666666666,0.565,0.11366071368671654
864691135731785145,exc_23P_2,4,4,0,0.5,0.0,0.5,True,0.7203813373723951,72541.75095668055,0.5,0.01,-2.9214265976680593
864691135772774651,exc_23P_2,6,6,2,0.0,0.16666666666666666,0.8333333333333334,True,0.9836576469436681,153002.49705651336,0.3333333333333333,0.374,-0.14665628312815443
864691135772848459,exc_23P_2,3,3,2,0.0,0.0,1.0,False,0.6970523972330199,135814.41277393393,0.6666666666666666,0.051,-2.1301840672087735
864691135773229307,exc_23P_2,4,4,2,0.0,0.0,1.0,False,0.912100616388347,148953.92128180867,0.25,0.16,-0.9088513383235954
864691135777881952,exc_23P_2,3,3,0,0.3333333333333333,0.3333333333333333,0.3333333333333333,True,0.9110082308849473,132375.37935683364,0.3333333333333333,0.161,-0.7961009840814799
864691135778720701,exc_23P_2,14,14,0,0.5,0.21428571428571427,0.2857142857142857,True,0.6456745398584369,62912.06355465086,0.35714285714285715,0.0,-10.846959453927658
864691135783573555,exc_23P_2,3,3,2,0.0,0.3333333333333333,0.6666666666666666,True,1.0495307475777431,285228.84328198485,0.3333333333333333,0.682,0.456620689987946
864691135838366355,exc_23P_2,4,4,0,0.75,0.0,0.25,True,1.0060284586811155,41186.335143955854,0.5,0.516,-0.007198642427133254
864691135838411155,exc_23P_2,5,5,1,0.0,0.6,0.4,True,0.4725203177394077,104132.83986917815,0.6,0.0,-4.893565091265693
864691135841962211,exc_23P_2,3,3,2,0.0,0.0,1.0,False,0.8929559673096484,212217.5807786636,0.3333333333333333,0.143,-0.8630874476627226
864691135849178462,exc_23P_2,3,3,2,0.0,0.3333333333333333,0.6666666666666666,True,0.9514703380254644,148561.37462999485,0.3333333333333333,0.338,-0.007714148042407524
864691135850444999,exc_23P_2,3,3,2,0.0,0.3333333333333333,0.6666666666666666,True,0.6065320162665336,62840.25726116175,0.6666666666666666,0.018,-3.255665193180749
864691135865968005,exc_23P_2,5,5,0,0.4,0.4,0.2,True,1.016593987458611,68466.51854625822,0.2,0.591,0.18716873639590706
864691135910053801,exc_23P_2,4,4,1,0.0,0.5,0.5,True,0.9515620807186016,155364.90804001727,0.5,0.27,-0.3902651723292953
864691135919630768,exc_23P_2,11,11,2,0.0,0.36363636363636365,0.6363636363636364,True,0.9061082657217768,135419.16484017018,0.2727272727272727,0.017,-2.668568145493212
864691135953216547,exc_23P_2,5,5,2,0.0,0.0,1.0,False,0.9459177711433762,257879.84657033783,0.4,0.291,-0.4202814573829142
864691135953693987,exc_23P_2,4,4,2,0.25,0.0,0.75,True,0.8763101186575548,172097.39835353702,0.5,0.109,-1.296994350301775
864691135954206728,exc_23P_2,5,5,2,0.0,0.4,0.6,True,0.8707877528713666,96642.67406062217,0.4,0.06,-1.7523719215282376
864691135995920554,exc_23P_2,9,9,2,0.0,0.4444444444444444,0.5555555555555556,True,0.8815948084230043,75137.07174513474,0.3333333333333333,0.041,-1.897120824699277
864691136005978826,exc_23P_2,3,3,0,0.3333333333333333,0.3333333333333333,0.3333333333333333,True,1.0078362491202522,38515.557581785164,0.3333333333333333,0.509,-0.031069544575104406
864691136012619939,exc_23P_2,6,6,2,0.0,0.0,1.0,False,0.6966212454938797,156585.72804743418,0.5,0.002,-4.035075279052258
864691136032650939,exc_23P_2,4,4,1,0.0,0.75,0.25,True,0.7708626895225839,72635.99625629692,0.5,0.024,-2.26390429564694
864691136040165118,exc_23P_2,3,3,1,0.0,1.0,0.0,False,0.015773123263564778,4468.712896052749,1.0,0.0,-5.063343805260213
864691136092475060,exc_23P_2,3,3,1,0.0,0.6666666666666666,0.3333333333333333,True,0.5123315829522118,121865.73722324932,0.3333333333333333,0.003,-3.744076866212821
864691136101106037,exc_23P_2,4,4,0,0.5,0.5,0.0,True,0.023643817523257043,4762.389219067925,0.5,0.0,-10.99987869594123
864691136106568409,exc_23P_2,8,8,1,0.25,0.375,0.375,True,0.9276618724379526,57388.075950494436,0.375,0.171,-0.9119767739556556
864691136144860980,exc_23P_2,6,6,2,0.16666666666666666,0.16666666666666666,0.6666666666666666,True,0.9192409863024652,125781.23929092438,0.3333333333333333,0.108,-1.0509610650483567
864691136228646225,exc_23P_2,5,5,2,0.0,0.4,0.6,True,0.9801816629220929,120929.12967204368,0.4,0.392,-0.07464846661090163
864691136237733647,exc_23P_2,4,4,2,0.0,0.0,1.0,False,0.7286251628672393,146644.81642217265,0.5,0.009,-2.7082834927860944
864691136239137596,exc_23P_2,3,3,2,0.0,0.3333333333333333,0.6666666666666666,True,1.013779858751199,164332.3903858948,0.3333333333333333,0.589,0.4405015533800369
864691136274779661,exc_23P_2,8,8,0,0.875,0.125,0.0,True,0.6507696046734637,27898.057355034933,0.5,0.0,-3.1918735686762547
864691136296716571,exc_23P_2,8,8,2,0.125,0.25,0.625,True,0.7165502799671747,93709.00775448162,0.375,0.0,-6.280104718006107
864691136297957659,exc_23P_2,4,4,2,0.0,0.0,1.0,False,0.03617776564206714,5513.7274237462525,1.0,0.0,-11.271874238076634
864691136311098970,exc_23P_2,3,3,2,0.0,0.3333333333333333,0.6666666666666666,True,0.7298901184790875,87934.73408604819,0.3333333333333333,0.099,-1.5122058365890192
864691136379553237,exc_23P_2,3,3,2,0.0,0.0,1.0,False,0.7061476177815925,120438.97952487184,0.6666666666666666,0.047,-2.293453514419089
864691136423821615,exc_23P_2,3,3,2,0.0,0.3333333333333333,0.6666666666666666,True,0.7506325410588383,81209.50087493665,0.6666666666666666,0.091,-1.473733064451089
864691136437548190,exc_23P_2,3,3,1,0.0,0.6666666666666666,0.3333333333333333,True,1.086521039171677,168362.523079236,0.3333333333333333,0.956,1.120716971115165
864691136452437503,exc_23P_2,15,15,2,0.0,0.13333333333333333,0.8666666666666667,True,0.8005459006983892,125688.3322373706,0.4,0.0,-7.382370184281393
864691136484356908,exc_23P_2,3,3,2,0.0,0.0,1.0,False,1.0224368436249411,116979.0383357136,0.3333333333333333,0.608,0.5682008730968707
864691136488308498,exc_23P_2,5,5,2,0.0,0.0,1.0,False,1.0299403166564955,115357.28446828476,0.2,0.699,0.5982400453355667
864691136601891793,exc_23P_2,22,22,2,0.18181818181818182,0.13636363636363635,0.6818181818181818,True,0.9514822319244991,76840.39475780612,0.13636363636363635,0.053,-1.6100894929564353
864691136619751309,exc_23P_2,4,4,2,0.0,0.25,0.75,True,1.042832310105357,156924.45990401614,0.25,0.816,0.8088729130981925
864691136662432990,exc_23P_2,7,7,0,0.42857142857142855,0.42857142857142855,0.14285714285714285,True,0.844851835718942,52119.68426167342,0.2857142857142857,0.039,-1.8432545627434438
864691136672641927,exc_23P_2,3,3,2,0.3333333333333333,0.0,0.6666666666666666,True,0.38709356062749173,58245.98751898558,0.3333333333333333,0.002,-5.303012568389727
864691136724686333,exc_23P_2,4,4,2,0.0,0.25,0.75,True,0.9922013455724242,157439.91839257258,0.25,0.459,0.1319155651206077
864691136724901373,exc_23P_2,4,4,2,0.0,0.0,1.0,False,0.9564488019267403,133557.68139033116,0.5,0.297,-0.3431895468360674
864691136913201393,exc_23P_2,10,10,2,0.0,0.2,0.8,True,0.6473866936621412,134154.98831149773,0.4,0.0,-6.757294288986634
864691137019996526,exc_23P_2,16,16,0,0.4375,0.375,0.1875,True,0.8330254652299566,40586.706897535216,0.375,0.002,-2.9119374738215607
864691137019998830,exc_23P_2,3,3,2,0.0,0.0,1.0,False,0.6342811011227311,165925.4329035841,0.6666666666666666,0.024,-2.44195147924992
864691137197241921,exc_23P_2,3,3,2,0.0,0.0,1.0,False,0.33987727106892657,41375.11749203762,0.6666666666666666,0.006,-4.160484112139244
864691137197468481,exc_23P_2,7,7,2,0.0,0.0,1.0,False,0.8427627727214544,127305.12124378403,0.42857142857142855,0.016,-2.703891708994276
864691134886016762,exc_4P,7,7,2,0.0,0.0,1.0,False,1.0161424764910338,172898.0487643195,0.2857142857142857,0.644,0.42472347497484625
864691134918735626,exc_4P,3,3,1,0.0,0.6666666666666666,0.3333333333333333,True,0.8787357063795983,110135.93287997071,0.3333333333333333,0.218,-0.5997955968277882
864691134941444451,exc_4P,4,4,0,1.0,0.0,0.0,False,1.0606032359157898,77042.00444335844,0.5,0.75,0.598012752214973
864691134947919356,exc_4P,14,14,2,0.0,0.35714285714285715,0.6428571428571429,True,0.9319211183552573,138666.81396448342,0.2857142857142857,0.031,-2.14343694263041
864691135101289504,exc_4P,4,4,2,0.25,0.0,0.75,True,0.8443554476864759,110558.22906054276,0.5,0.055,-1.7291460883021583
864691135105292621,exc_4P,9,9,2,0.0,0.4444444444444444,0.5555555555555556,True,0.9907653120143451,80156.1039812265,0.2222222222222222,0.435,-0.09605306345993568
864691135114472857,exc_4P,14,14,2,0.0,0.35714285714285715,0.6428571428571429,True,0.8963734033209325,149441.76665884702,0.21428571428571427,0.007,-3.259194146022351
864691135156714084,exc_4P,4,4,0,1.0,0.0,0.0,False,0.4739387652161727,6453.805964952939,0.75,0.012,-2.0012649641118494
864691135157074276,exc_4P,6,6,2,0.0,0.0,1.0,False,0.8648034054873266,136782.24202822856,0.3333333333333333,0.029,-2.2706810227904963
864691135183268610,exc_4P,8,8,2,0.0,0.125,0.875,True,0.8240677262336238,140476.40935492187,0.5,0.009,-3.4318793810638675
864691135183273730,exc_4P,3,3,2,0.3333333333333333,0.0,0.6666666666666666,True,1.0348669809533961,171600.3136920994,0.3333333333333333,0.689,0.5298357821169853
864691135275477477,exc_4P,7,7,2,0.0,0.42857142857142855,0.5714285714285714,True,1.0587219457530292,60769.73674460445,0.2857142857142857,0.755,0.7189458924283502
864691135342170053,exc_4P,24,24,0,0.4583333333333333,0.08333333333333333,0.4583333333333333,True,0.875637477988207,36846.330501031014,0.16666666666666666,0.003,-3.4776824133385347
864691135367305465,exc_4P,11,11,2,0.36363636363636365,0.09090909090909091,0.5454545454545454,True,0.8195710452675432,64357.587142496275,0.2727272727272727,0.001,-4.286123882541527
864691135373632712,exc_4P,8,8,2,0.375,0.125,0.5,True,0.6466970008397654,66594.83758191185,0.375,0.0,-6.609361517071139
864691135385703509,exc_4P,3,3,2,0.3333333333333333,0.0,0.6666666666666666,True,0.7651006657063686,60228.58724478941,0.3333333333333333,0.075,-1.6355658783263356
864691135387700097,exc_4P,6,6,0,0.8333333333333334,0.0,0.16666666666666666,True,0.7250934972559253,28595.977833859204,0.5,0.009,-2.748234929607533
864691135387903105,exc_4P,3,3,2,0.0,0.0,1.0,False,0.01460490030987451,2368.4172440506422,1.0,0.0,-7.705519184708174
864691135387922561,exc_4P,11,11,2,0.09090909090909091,0.09090909090909091,0.8181818181818182,True,0.9570850218549664,137247.07888613202,0.36363636363636365,0.122,-1.1523294170568914
864691135396580129,exc_4P,10,10,0,0.7,0.0,0.3,True,0.7235579852237594,30752.157419252344,0.4,0.002,-3.7116409728069835
864691135430087728,exc_4P,5,5,2,0.0,0.0,1.0,False,0.9476551789818848,212952.18545942925,0.4,0.289,-0.2998345506492653
864691135430148912,exc_4P,3,3,2,0.3333333333333333,0.0,0.6666666666666666,True,1.2875194267725014,44535.67444083488,0.3333333333333333,0.984,2.087128683076649
864691135432526322,exc_4P,4,4,0,0.5,0.0,0.5,True,1.2735662368740739,48239.688503303485,0.25,0.992,2.1953966403958685
864691135446729362,exc_4P,6,6,1,0.0,0.8333333333333334,0.16666666666666666,True,0.15346960355701023,15508.020260700734,0.8333333333333334,0.0,-11.225780787734383
864691135446894482,exc_4P,7,7,2,0.0,0.2857142857142857,0.7142857142857143,True,0.8683920954575475,129455.19160011821,0.2857142857142857,0.028,-2.325529352182755
864691135447052690,exc_4P,5,5,2,0.2,0.0,0.8,True,1.0576130955380139,171272.34858321646,0.4,0.857,0.9262081629503508
864691135455096682,exc_4P,4,4,2,0.25,0.0,0.75,True,0.9151330822952464,96957.0852060358,0.25,0.171,-0.8150942451120372
864691135455279466,exc_4P,3,3,2,0.0,0.0,1.0,False,0.04142993080275069,1948.852794303175,1.0,0.001,-4.302886927540419
864691135463740317,exc_4P,3,3,2,0.3333333333333333,0.0,0.6666666666666666,True,1.0874348886245029,137065.06737861963,0.3333333333333333,0.985,1.1427952865541227
864691135495398288,exc_4P,6,6,2,0.0,0.16666666666666666,0.8333333333333334,True,1.0147467711536695,64686.86393645636,0.3333333333333333,0.559,0.28413579763051405
864691135503003997,exc_4P,5,5,2,0.0,0.2,0.8,True,1.1311509432944908,190455.42029298624,0.2,0.989,1.792793802273009
864691135503188917,exc_4P,8,8,2,0.0,0.25,0.75,True,0.899861037022799,146394.47973758978,0.375,0.035,-2.0067538346615157
864691135503317597,exc_4P,3,3,1,0.0,0.6666666666666666,0.3333333333333333,True,0.9477205030237936,140398.83096790148,0.3333333333333333,0.331,0.0011216733668048514
864691135510207753,exc_4P,6,6,2,0.0,0.0,1.0,False,0.6378123009858792,123023.14802243489,0.6666666666666666,0.001,-5.20966137137276
864691135527474267,exc_4P,3,3,2,0.0,0.0,1.0,False,0.7704994708904044,133715.60581251397,0.6666666666666666,0.077,-1.692834925045929
864691135562001633,exc_4P,3,3,2,0.3333333333333333,0.0,0.6666666666666666,True,0.0893969964357928,7463.108036608223,0.6666666666666666,0.001,-5.232858018280625
864691135568908524,exc_4P,3,3,2,0.0,0.0,1.0,False,0.013845566288459343,2535.171396832913,1.0,0.0,-8.15485738029097
864691135570291590,exc_4P,11,11,2,0.0,0.09090909090909091,0.9090909090909091,True,0.9647214021335073,167532.1947393474,0.18181818181818182,0.191,-0.7395660653045893
864691135570518918,exc_4P,3,3,2,0.0,0.3333333333333333,0.6666666666666666,True,1.056480464642966,112399.34759645391,0.3333333333333333,0.809,0.7521804616176482
864691135572082925,exc_4P,3,3,2,0.0,0.0,1.0,False,0.03330425349924241,7217.663329429885,1.0,0.0,-6.09658381227441
864691135572615717,exc_4P,3,3,2,0.0,0.0,1.0,False,0.793539449521764,76549.41089742768,0.6666666666666666,0.135,-1.2210663036592708
864691135583032685,exc_4P,3,3,2,0.0,0.0,1.0,False,0.023416846106951772,4829.430646558282,1.0,0.002,-6.439427109910428
864691135586548092,exc_4P,5,5,2,0.0,0.4,0.6,True,0.6722601082284362,135217.629708421,0.4,0.007,-3.968692554269599
864691135586628988,exc_4P,9,9,2,0.2222222222222222,0.3333333333333333,0.4444444444444444,True,0.8519062707001228,160624.75428394278,0.2222222222222222,0.013,-2.8627024603809597
864691135615012299,exc_4P,3,3,2,0.0,0.0,1.0,False,0.34484380737590536,74784.41628749915,0.6666666666666666,0.002,-4.431219612505053
864691135615452619,exc_4P,7,7,2,0.0,0.0,1.0,False,0.8593545310621511,146066.86514150506,0.42857142857142855,0.023,-2.4437058766127677
864691135655284162,exc_4P,5,5,2,0.2,0.0,0.8,True,0.9939031100609742,89220.78340540783,0.2,0.468,0.07336886237304549
864691135659081602,exc_4P,3,3,2,0.0,0.3333333333333333,0.6666666666666666,True,0.6578752843257003,69115.33878254336,0.6666666666666666,0.05,-2.0718828701819523
864691135697461402,exc_4P,8,8,0,0.375,0.25,0.375,True,0.9148754446390864,108808.0451799433,0.25,0.066,-1.6152050510558342
864691135700676898,exc_4P,3,3,0,1.0,0.0,0.0,False,0.8359736044910003,86216.84355093434,0.3333333333333333,0.049,-1.6507148217951102
864691135701435259,exc_4P,7,7,0,0.5714285714285714,0.2857142857142857,0.14285714285714285,True,0.6605199879325097,32356.55543098714,0.42857142857142855,0.0,-5.054845192858456
864691135725448619,exc_4P,5,5,2,0.2,0.2,0.6,True,1.0184564609989897,120877.13060679697,0.2,0.598,0.4383115058374478
864691135731577017,exc_4P,12,12,2,0.3333333333333333,0.16666666666666666,0.5,True,0.8571462828933581,126951.13407556489,0.25,0.003,-3.647932705402499
864691135731785145,exc_4P,4,4,0,0.5,0.25,0.25,True,0.7423849476849934,75854.89737560296,0.25,0.02,-2.6019715021094663
864691135749001769,exc_4P,3,3,2,0.0,0.0,1.0,False,0.8218553452603319,97429.69853688993,0.6666666666666666,0.09,-1.4499810177249803
864691135749865513,exc_4P,6,6,2,0.0,0.3333333333333333,0.6666666666666666,True,0.8861279741773276,128778.0866135164,0.3333333333333333,0.055,-1.7774356772274136
864691135754523853,exc_4P,10,10,1,0.3,0.5,0.2,True,0.8045271413064027,46678.80223524392,0.3,0.007,-2.8332885601617943
864691135759524174,exc_4P,3,3,2,0.0,0.0,1.0,False,0.646797353767758,139417.61521588455,0.6666666666666666,0.038,-2.1315644465458465
864691135773229307,exc_4P,11,11,0,0.6363636363636364,0.18181818181818182,0.18181818181818182,True,0.908764486935103,43161.67631814338,0.36363636363636365,0.041,-1.7200595812774762
864691135776875437,exc_4P,4,4,2,0.0,0.0,1.0,False,0.5052336265796875,104210.03899942117,0.75,0.009,-3.8982884798590116
864691135777888352,exc_4P,9,9,0,0.7777777777777778,0.0,0.2222222222222222,True,0.7545359325299801,10224.882965331875,0.3333333333333333,0.049,-1.5859726565437868
864691135777903968,exc_4P,5,5,2,0.2,0.0,0.8,True,0.8803234968856143,177643.44572451402,0.4,0.082,-1.2825647422711697
864691135782125904,exc_4P,4,4,2,0.25,0.0,0.75,True,0.7636156466229541,22473.248880634757,0.5,0.024,-1.8895940024825
864691135782191184,exc_4P,13,13,2,0.0,0.0,1.0,False,0.9208247416965735,114146.54605701558,0.46153846153846156,0.024,-2.469915294771331
864691135782265936,exc_4P,4,4,2,0.0,0.25,0.75,True,1.0082820033456064,181806.50821696885,0.25,0.546,0.32581788473045525
864691135782335568,exc_4P,3,3,2,0.0,0.0,1.0,False,0.9775530072324895,69888.73819545771,0.3333333333333333,0.442,0.03605639303603021
864691135801132130,exc_4P,6,6,2,0.3333333333333333,0.16666666666666666,0.5,True,0.6815940347990405,104781.90498100387,0.5,0.002,-5.1760793007099535
864691135842067939,exc_4P,6,6,1,0.3333333333333333,0.6666666666666666,0.0,True,0.44619184011271457,73489.13736800385,0.3333333333333333,0.0,-8.472065813069715
864691135849077854,exc_4P,4,4,0,0.5,0.0,0.5,True,1.0746319570174654,64117.05502477192,0.25,0.732,0.6411823210648901
864691135859219048,exc_4P,10,10,2,0.1,0.1,0.8,True,1.037895470542967,91682.1596487572,0.3,0.818,0.8901188447252367
864691135865240702,exc_4P,15,15,0,0.7333333333333333,0.13333333333333333,0.13333333333333333,True,1.0041540558272792,51757.55602398636,0.26666666666666666,0.541,0.07600528867238408
864691135884981104,exc_4P,10,10,2,0.0,0.0,1.0,False,0.9807889917856332,96673.5081236167,0.3,0.335,-0.336816475363248
864691135927293198,exc_4P,17,17,0,0.47058823529411764,0.17647058823529413,0.35294117647058826,True,0.8736259054276255,84097.11345476599,0.17647058823529413,0.001,-3.3393430398978996
864691135941210113,exc_4P,4,4,1,0.25,0.5,0.25,True,0.973661142145209,106613.56669235998,0.25,0.379,-0.09721149480494724
864691135942536308,exc_4P,3,3,2,0.0,0.0,1.0,False,0.04614777809765654,2204.315622668075,1.0,0.0,-4.2679538014931495
864691135947033380,exc_4P,4,4,1,0.0,0.75,0.25,True,0.7348485711680466,93279.00361974513,0.5,0.024,-2.494272107405627
864691135993172161,exc_4P,5,5,0,1.0,0.0,0.0,False,0.6346117701126446,8536.901569757367,0.6,0.049,-1.5163966610292894
864691136005996490,exc_4P,9,9,2,0.1111111111111111,0.3333333333333333,0.5555555555555556,True,0.8020310926258905,120828.88896350273,0.4444444444444444,0.002,-4.781433031698812
864691136009957806,exc_4P,5,5,2,0.4,0.0,0.6,True,0.8870891992776387,55974.15538248429,0.4,0.067,-1.4241332789976542
864691136012204195,exc_4P,4,4,1,0.0,0.75,0.25,True,0.5730670724202955,78631.26221360375,0.5,0.0,-4.796067705698958
864691136025149753,exc_4P,7,7,2,0.14285714285714285,0.2857142857142857,0.5714285714285714,True,0.9972286601939546,194056.96993713107,0.14285714285714285,0.485,0.07714815444191918
864691136092360628,exc_4P,3,3,1,0.0,1.0,0.0,False,0.17487846568309628,22403.81262418181,1.0,0.0,-6.736010039933948
864691136119505176,exc_4P,19,19,2,0.0,0.0,1.0,False,0.9229492383175777,137742.98053426802,0.21052631578947367,0.006,-3.1208502401121625
864691136195175500,exc_4P,3,3,0,0.3333333333333333,0.3333333333333333,0.3333333333333333,True,0.8492204037049602,68794.89066766658,0.3333333333333333,0.192,-0.8010652447170561
864691136228447569,exc_4P,7,7,2,0.0,0.0,1.0,False,0.7143007134946209,100583.09177056565,0.5714285714285714,0.001,-5.289477593618783
864691136267554548,exc_4P,5,5,0,0.8,0.0,0.2,True,0.8696413546251021,22722.600896816584,0.6,0.131,-1.107931481940704
864691136267685364,exc_4P,3,3,2,0.0,0.0,1.0,False,0.7017450206318879,32371.63622345361,0.6666666666666666,0.072,-1.6554186588887063
864691136296728603,exc_4P,5,5,2,0.0,0.0,1.0,False,0.6512770202285519,112086.7266898627,0.6,0.0,-4.737928160979787
864691136329080554,exc_4P,4,4,2,0.25,0.25,0.5,True,0.8895321997709333,64015.092028753366,0.25,0.163,-0.7814389060356984
864691136330072042,exc_4P,27,27,2,0.0,0.18518518518518517,0.8148148148148148,True,0.9653937381395618,130807.43595842482,0.18518518518518517,0.057,-1.6983470485400154
864691136379985109,exc_4P,5,5,2,0.0,0.4,0.6,True,0.8524501401699346,65880.47468901472,0.4,0.076,-1.4747639831506898
864691136419625367,exc_4P,9,9,0,0.5555555555555556,0.2222222222222222,0.2222222222222222,True,0.8605885971236871,46416.11717667281,0.3333333333333333,0.019,-2.349202953615277
864691136601554641,exc_4P,5,5,0,0.6,0.0,0.4,True,0.9120632312460899,46121.097221457065,0.2,0.208,-0.7532747667516857
864691136617707739,exc_4P,3,3,2,0.0,0.0,1.0,False,0.01890933881226497,2382.4631139402773,1.0,0.0,-6.7675967718316405
864691136618399195,exc_4P,10,10,2,0.3,0.1,0.6,True,0.9989041107659471,69088.53349507766,0.3,0.49,-0.025606156801736283
864691136619729037,exc_4P,10,10,2,0.3,0.2,0.5,True,0.9101661769708237,118936.7982328884,0.2,0.02,-2.4813952739919576
864691136662218206,exc_4P,9,9,2,0.1111111111111111,0.3333333333333333,0.5555555555555556,True,0.8396514606199634,96012.00026914282,0.2222222222222222,0.003,-3.3715569368877523
864691136674268807,exc_4P,4,4,0,0.75,0.0,0.25,True,0.34160838182945585,45504.794399502316,0.5,0.0,-7.573597274986723
864691136674324615,exc_4P,4,4,2,0.0,0.0,1.0,False,0.6111649013764445,36580.45269773687,0.75,0.014,-2.69298673063971
864691136813071987,exc_4P,6,6,2,0.0,0.0,1.0,False,0.8023218593097965,103313.81108284972,0.5,0.009,-2.9263085301743907
864691136966771662,exc_4P,5,5,1,0.0,1.0,0.0,False,0.017115205755568855,3094.916290609303,1.0,0.0,-14.395490598241626
864691136974736156,exc_4P,9,9,2,0.1111111111111111,0.1111111111111111,0.7777777777777778,True,0.8323619308081922,135407.09730237714,0.4444444444444444,0.004,-3.470193345214761
864691136974785820,exc_4P,8,8,2,0.0,0.375,0.625,True,1.0627563221128382,70015.49902021293,0.125,0.877,1.029786982201021
864691134886156026,exc_5PET,6,6,2,0.3333333333333333,0.0,0.6666666666666666,True,0.6233876930814466,53886.16709899807,0.3333333333333333,0.0,-5.302543462925013
864691134886288890,exc_5PET,8,8,1,0.0,0.5,0.5,True,0.9081159702354401,251098.24877674092,0.25,0.234,-0.7193499787516175
864691134947919356,exc_5PET,3,3,2,0.0,0.0,1.0,False,0.7537430103460462,183690.99797265578,0.3333333333333333,0.271,-0.5850738215901018
864691134965736479,exc_5PET,23,23,0,0.7391304347826086,0.2608695652173913,0.0,True,0.7865868914190022,41783.92122282689,0.391304347826087,0.0,-4.381980094290328
864691135058836635,exc_5PET,8,8,1,0.125,0.5,0.375,True,0.8885009223339551,134424.85825944357,0.25,0.063,-1.6877604131481787
864691135059827099,exc_5PET,11,11,2,0.09090909090909091,0.18181818181818182,0.7272727272727273,True,0.9131566467015709,127956.230086347,0.2727272727272727,0.077,-1.458991226054815
864691135065988676,exc_5PET,5,5,1,0.0,0.6,0.4,True,0.5698546877188043,76546.93514106046,0.4,0.002,-4.616426374140716
864691135066201412,exc_5PET,3,3,2,0.0,0.0,1.0,False,0.6768663120767328,158284.36222182793,0.6666666666666666,0.049,-1.834196779176962
864691135082874359,exc_5PET,5,5,2,0.0,0.2,0.8,True,1.052608459354008,182628.3906727251,0.2,0.786,0.7710709634528151
864691135104837197,exc_5PET,3,3,1,0.3333333333333333,0.6666666666666666,0.0,True,0.18096410069207025,48248.9298263015,0.3333333333333333,0.022,-1.8104909861714957
864691135105190989,exc_5PET,3,3,2,0.0,0.0,1.0,False,0.006133529641916334,1641.8622392575392,1.0,0.0,-4.736631362662186
864691135113651353,exc_5PET,4,4,1,0.0,0.5,0.5,True,0.9314712349005558,111514.39149726863,0.25,0.247,-0.4777038339590439
864691135114472857,exc_5PET,6,6,1,0.0,0.5,0.5,True,0.7442801858990955,196796.96771003367,0.3333333333333333,0.049,-1.6156247636574297
864691135119058397,exc_5PET,11,11,0,0.36363636363636365,0.36363636363636365,0.2727272727272727,True,0.9552688740979088,91757.48342392691,0.18181818181818182,0.16,-0.9430692094878039
864691135123680551,exc_5PET,3,3,2,0.0,0.0,1.0,False,0.043799577358152014,7736.380350991083,1.0,0.0,-6.486477247622976
864691135133588640,exc_5PET,4,4,2,0.25,0.25,0.5,True,0.7291897378859274,183001.95675754835,0.25,0.094,-1.4505612865421742
864691135133874848,exc_5PET,13,13,2,0.0,0.38461538461538464,0.6153846153846154,True,0.8126098947438796,101401.47156807364,0.5384615384615384,0.002,-3.961615399475392
864691135135729689,exc_5PET,6,6,2,0.0,0.3333333333333333,0.6666666666666666,True,0.6712390180707254,120356.01825175142,0.5,0.004,-4.11157663881537
864691135136112153,exc_5PET,4,4,1,0.0,0.5,0.5,True,0.8623548825434715,249091.35575342586,0.25,0.204,-0.706636023446964
864691135183268610,exc_5PET,3,3,1,0.0,1.0,0.0,False,1.1555214079185123,192041.63808122324,0.3333333333333333,0.583,0.07779823043601966
864691135183273730,exc_5PET,4,4,2,0.25,0.0,0.75,True,0.9201293833113141,175188.42413313282,0.5,0.227,-0.5433502199907211
864691135195474986,exc_5PET,3,3,2,0.0,0.3333333333333333,0.6666666666666666,True,0.718903449408934,135227.76989043018,0.6666666666666666,0.093,-1.47361926785559
864691135208521593,exc_5PET,3,3,1,0.3333333333333333,0.6666666666666666,0.0,True,0.8507049272908718,259229.6039014806,0.6666666666666666,0.235,-0.5993568709281907
864691135213953920,exc_5PET,3,3,2,0.0,0.3333333333333333,0.6666666666666666,True,0.7072940025906721,109113.53149409108,0.6666666666666666,0.075,-1.6895717865591582
864691135213956152,exc_5PET,6,6,1,0.0,1.0,0.0,False,0.04313490343976317,10727.095057929762,0.8333333333333334,0.0,-3.137967297220685
864691135234241369,exc_5PET,3,3,2,0.3333333333333333,0.0,0.6666666666666666,True,1.278264960865435,280538.7660240774,0.3333333333333333,0.966,1.5759099608801825
864691135275665637,exc_5PET,5,5,1,0.2,0.6,0.2,True,0.7649191879616679,75349.34698641355,0.4,0.027,-2.2726136135406954
864691135276013285,exc_5PET,3,3,2,0.0,0.3333333333333333,0.6666666666666666,True,1.0889682518154453,260050.00289285215,0.3333333333333333,0.912,0.9287035641523749
864691135276293349,exc_5PET,40,40,0,0.375,0.275,0.35,True,0.9049600059188634,76707.46376886066,0.15,0.001,-3.5208350648042064
864691135278874529,exc_5PET,3,3,1,0.0,1.0,0.0,False,0.1237101217455841,29508.685205869308,0.3333333333333333,0.001,-1.8993987755151922
864691135279452833,exc_5PET,5,5,2,0.0,0.2,0.8,True,1.279229928701114,353356.2401735647,0.4,0.887,1.24526724792522
864691135279498657,exc_5PET,18,18,1,0.3333333333333333,0.4444444444444444,0.2222222222222222,True,0.8891653913669617,145323.83661001877,0.16666666666666666,0.029,-1.6594779421146377
864691135304045223,exc_5PET,6,6,1,0.0,0.6666666666666666,0.3333333333333333,True,0.9000048812356308,145994.65071773203,0.3333333333333333,0.102,-1.2263117491926794
864691135324065948,exc_5PET,3,3,2,0.0,0.3333333333333333,0.6666666666666666,True,1.4998910630855928,403576.40478215646,0.3333333333333333,0.896,1.212519717315287
864691135334800873,exc_5PET,13,13,1,0.3076923076923077,0.6923076923076923,0.0,True,0.18763601804714336,46620.0419282203,0.38461538461538464,0.0,-4.0421149717622376
864691135338193638,exc_5PET,3,3,2,0.0,0.0,1.0,False,0.007427528620733417,1847.722495014915,1.0,0.0,-2.5677104652955887
864691135338808038,exc_5PET,5,5,2,0.0,0.0,1.0,False,0.7777553094075412,185075.38677888887,0.6,0.148,-1.1176779574630018
864691135341519281,exc_5PET,3,3,2,0.0,0.3333333333333333,0.6666666666666666,True,1.5219916951384438,400196.96193223767,0.3333333333333333,0.927,1.9213985052950326
864691135342170053,exc_5PET,5,5,2,0.0,0.4,0.6,True,0.18790018552032317,40637.15133489224,0.4,0.0,-8.382022752177194
864691135342205105,exc_5PET,5,5,0,0.6,0.2,0.2,True,0.7982700576978615,68807.4703380631,0.4,0.023,-2.254019305686904
864691135346509471,exc_5PET,4,4,2,0.0,0.0,1.0,False,0.7221926612480041,131799.93104441703,0.5,0.029,-2.3987978968242065
864691135356379087,exc_5PET,12,12,1,0.16666666666666666,0.5833333333333334,0.25,True,0.9614983736327558,87538.70917195202,0.16666666666666666,0.226,-0.7294852819308064
864691135356400847,exc_5PET,8,8,1,0.25,0.375,0.375,True,0.8142844039033473,199839.9603832876,0.25,0.051,-1.9087665935719313
864691135374462920,exc_5PET,3,3,2,0.0,0.0,1.0,False,0.4322881247634961,89945.98947513131,0.6666666666666666,0.002,-4.222376934333678
864691135383860715,exc_5PET,3,3,2,0.0,0.0,1.0,False,0.6945011627665616,162668.01699305404,0.6666666666666666,0.092,-1.5811854720704746
864691135385595989,exc_5PET,3,3,2,0.0,0.3333333333333333,0.6666666666666666,True,0.672242317581724,138228.102250125,0.6666666666666666,0.046,-2.010798583475293
864691135386872449,exc_5PET,6,6,1,0.0,0.5,0.5,True,0.8591874909725431,199407.39175512892,0.3333333333333333,0.082,-1.112976190138043
864691135394307317,exc_5PET,4,4,2,0.25,0.25,0.5,True,1.0521246505735125,200614.48550757978,0.25,0.77,0.7535261861126953
864691135394674933,exc_5PET,3,3,2,0.0,0.0,1.0,False,0.048235612594493035,8001.169559501999,1.0,0.0,-6.746413723981229
864691135395574261,exc_5PET,3,3,2,0.0,0.0,1.0,False,0.027070578071428736,6664.652872705626,1.0,0.002,-2.5158258732786916
864691135397630497,exc_5PET,4,4,2,0.0,0.25,0.75,True,0.6805854207778136,196161.41918547064,0.5,0.03,-1.6545094732668544
864691135397928737,exc_5PET,3,3,2,0.0,0.0,1.0,False,1.053776600604361,206930.44456437384,0.3333333333333333,0.822,0.791524406526513
864691135404764654,exc_5PET,20,20,2,0.05,0.3,0.65,True,0.8531524999274034,71198.96893911417,0.2,0.001,-3.6215841832770868
864691135404765166,exc_5PET,4,4,2,0.0,0.25,0.75,True,0.9371127299826526,251588.75801681555,0.75,0.307,-0.4839580494107273
864691135408622281,exc_5PET,6,6,1,0.0,0.5,0.5,True,0.9017564142484669,76584.10575580504,0.5,0.118,-1.1814853146258335
864691135429336880,exc_5PET,3,3,1,0.0,0.6666666666666666,0.3333333333333333,True,1.1137603398931033,265153.41607932706,0.3333333333333333,0.703,0.12831611938584428
864691135429980976,exc_5PET,14,14,2,0.0,0.42857142857142855,0.5714285714285714,True,1.1699232318060133,247029.53417943267,0.14285714285714285,0.926,1.6376161117403314
864691135430724850,exc_5PET,7,7,1,0.2857142857142857,0.5714285714285714,0.14285714285714285,True,0.4658563851517033,136013.98120922013,0.14285714285714285,0.001,-3.162017306735774
864691135462696254,exc_5PET,3,3,2,0.0,0.0,1.0,False,0.6720828281825493,169598.28027097194,0.6666666666666666,0.104,-1.3769014479999055
864691135463809598,exc_5PET,3,3,2,0.0,0.0,1.0,False,0.7048117171922832,190269.45205174977,0.6666666666666666,0.103,-1.2350865355125817
864691135468769676,exc_5PET,12,12,2,0.08333333333333333,0.4166666666666667,0.5,True,0.9278181150123224,127792.02642235169,0.16666666666666666,0.1,-1.3112863306852987
864691135468836748,exc_5PET,3,3,1,0.0,1.0,0.0,False,0.8226860627081858,125700.18913268107,0.3333333333333333,0.333,-0.5372372728672037
864691135469794130,exc_5PET,19,19,1,0.15789473684210525,0.5263157894736842,0.3157894736842105,True,0.9249786087495848,80800.01354027697,0.2631578947368421,0.023,-2.127481060893825
864691135475683392,exc_5PET,3,3,2,0.0,0.0,1.0,False,0.4012772090263873,83597.19695763572,0.6666666666666666,0.004,-3.919587315283157
864691135479240390,exc_5PET,4,4,1,0.0,0.5,0.5,True,0.5207626035631615,80857.44010490616,0.5,0.003,-4.3639027850516925
864691135491415135,exc_5PET,5,5,1,0.2,0.8,0.0,True,0.9186516570754929,118320.06391367721,0.4,0.224,-0.6932868706292598
864691135491546215,exc_5PET,5,5,1,0.0,0.8,0.2,True,0.8523164808466166,48684.04802964958,0.8,0.055,-1.5751205151477892
864691135491849447,exc_5PET,4,4,1,0.25,0.5,0.25,True,0.7573566066160916,234036.0609342476,0.25,0.138,-1.080516411030003
864691135494623632,exc_5PET,3,3,2,0.0,0.3333333333333333,0.6666666666666666,True,0.8578366336668098,230774.43405099178,0.6666666666666666,0.333,-0.29034289785773715
864691135495544720,exc_5PET,4,4,0,0.5,0.25,0.25,True,1.2276130607747362,59132.91543662973,0.5,0.945,1.6888473876513554
864691135502190941,exc_5PET,4,4,1,0.0,0.5,0.5,True,0.9368586552327427,129803.5338073517,0.25,0.233,-0.5567220713035785
864691135502613058,exc_5PET,3,3,1,0.3333333333333333,0.6666666666666666,0.0,True,0.08125755771817722,19733.537027518265,0.6666666666666666,0.001,-1.981740741346282
864691135502619229,exc_5PET,3,3,0,0.6666666666666666,0.0,0.3333333333333333,True,0.6072630904908973,100176.59379674368,0.6666666666666666,0.03,-2.474386819325384
864691135503188917,exc_5PET,3,3,2,0.0,0.0,1.0,False,0.8881188293004002,234002.191180766,0.3333333333333333,0.351,-0.29297834358857444
864691135511740880,exc_5PET,4,4,2,0.0,0.0,1.0,False,0.314006218311113,64375.04899400763,0.5,0.0,-6.01803736323741
864691135565039639,exc_5PET,12,12,2,0.0,0.16666666666666666,0.8333333333333334,True,1.0172229321911834,157999.7102708233,0.16666666666666666,0.651,0.4528657199600084
864691135570592390,exc_5PET,4,4,2,0.0,0.0,1.0,False,0.5862665359700475,148570.93059640625,0.75,0.021,-2.798635759249368
864691135572067365,exc_5PET,5,5,1,0.0,0.8,0.2,True,0.6343078248583902,85937.92505080454,0.6,0.009,-3.802461093271288
864691135572615717,exc_5PET,8,8,1,0.0,0.5,0.5,True,0.9531697509357924,115230.29908026394,0.375,0.244,-0.5981636187554531
864691135576279326,exc_5PET,4,4,2,0.25,0.25,0.5,True,0.7865447793566722,244084.33493498282,0.25,0.128,-1.0411777179109922
864691135577197317,exc_5PET,3,3,2,0.0,0.0,1.0,False,0.6764376854974093,103158.46899464382,0.3333333333333333,0.027,-2.164665187763161
864691135581798765,exc_5PET,15,15,2,0.3333333333333333,0.2,0.4666666666666667,True,0.8969097830960164,113769.26220661149,0.26666666666666666,0.019,-2.5727806272943385
864691135582059629,exc_5PET,3,3,2,0.0,0.0,1.0,False,0.43738640383033306,95991.56713480136,0.6666666666666666,0.009,-3.7249432202334147
864691135582642285,exc_5PET,5,5,2,0.0,0.0,1.0,False,0.6735398072077616,129348.20797831929,0.4,0.011,-3.455913727121334
864691135582866541,exc_5PET,3,3,1,0.0,0.6666666666666666,0.3333333333333333,True,0.7971237291309539,82379.5687465957,0.6666666666666666,0.119,-1.1835496352232018
864691135585419896,exc_5PET,3,3,1,0.0,1.0,0.0,False,0.3257137464391348,52003.31826546559,0.6666666666666666,0.047,-1.355847658824868
864691135586628988,exc_5PET,5,5,1,0.0,0.8,0.2,True,0.6715350983357614,181991.15408966833,0.4,0.082,-1.3674460808241393
864691135590398987,exc_5PET,3,3,2,0.0,0.3333333333333333,0.6666666666666666,True,0.44257735088257527,143573.6401611813,0.6666666666666666,0.008,-2.387347410655376
864691135591368971,exc_5PET,5,5,2,0.0,0.4,0.6,True,0.7421507484894438,161894.13019898772,0.4,0.028,-2.507200443161837
864691135594101291,exc_5PET,14,14,0,0.7142857142857143,0.14285714285714285,0.14285714285714285,True,0.402058296370028,18304.08620735681,0.5,0.0,-7.821592337990578
864691135594581547,exc_5PET,6,6,2,0.16666666666666666,0.16666666666666666,0.6666666666666666,True,0.7813033059829283,223950.60462785373,0.3333333333333333,0.073,-1.3951549720655403
864691135640274491,exc_5PET,4,4,0,0.5,0.25,0.25,True,0.6596912417237097,47527.86819714724,0.5,0.008,-2.9870943024050387
864691135661544944,exc_5PET,3,3,2,0.0,0.0,1.0,False,0.4835736315384768,134541.53195942283,0.6666666666666666,0.027,-2.5177210256426874
864691135661821424,exc_5PET,3,3,1,0.0,1.0,0.0,False,0.4710630864400404,116616.37790661103,0.6666666666666666,0.158,-1.1444796166249447
864691135685647799,exc_5PET,15,15,2,0.06666666666666667,0.26666666666666666,0.6666666666666666,True,0.9310236912983884,168007.5790282484,0.2,0.106,-1.3408767632991616
864691135693978559,exc_5PET,10,10,2,0.1,0.3,0.6,True,1.03994660503014,195142.77445908217,0.2,0.721,0.6471837152172997
864691135694119615,exc_5PET,3,3,2,0.0,0.0,1.0,False,0.6171948945044008,134608.21770676726,0.6666666666666666,0.031,-2.3873434829479647
864691135697251482,exc_5PET,8,8,2,0.125,0.125,0.75,True,0.9868879399237546,127959.669493833,0.25,0.386,-0.12840872006436066
864691135697461402,exc_5PET,4,4,0,0.5,0.25,0.25,True,0.638560577366616,158655.95458131618,0.25,0.194,-0.8911315327806678
864691135700676898,exc_5PET,3,3,1,0.0,0.6666666666666666,0.3333333333333333,True,0.59054440186239,174629.4051798991,0.6666666666666666,0.058,-1.512262547987899
864691135718957105,exc_5PET,6,6,2,0.0,0.3333333333333333,0.6666666666666666,True,0.9107110898640732,255488.12255949024,0.3333333333333333,0.266,-0.6368620799477278
864691135731785145,exc_5PET,6,6,0,0.5,0.3333333333333333,0.16666666666666666,True,0.8678472655032877,54519.60206783515,0.5,0.091,-1.348856814185014
864691135740666004,exc_5PET,3,3,2,0.0,0.0,1.0,False,0.7859680319585071,111830.89722594438,0.6666666666666666,0.111,-1.2381358042664794
864691135740751764,exc_5PET,3,3,2,0.0,0.3333333333333333,0.6666666666666666,True,0.846242781951749,262061.23799704228,0.3333333333333333,0.183,-0.7715377179755402
864691135740969364,exc_5PET,4,4,1,0.0,0.75,0.25,True,0.6124169316024843,149193.56306916426,0.75,0.019,-1.6184531811743745
864691135741274731,exc_5PET,11,11,1,0.09090909090909091,0.7272727272727273,0.18181818181818182,True,0.3288556362822972,75543.20789305324,0.36363636363636365,0.0,-9.083660070050437
864691135749001769,exc_5PET,3,3,1,0.0,0.6666666666666666,0.3333333333333333,True,0.8516606646238709,263203.2755937775,0.6666666666666666,0.316,-0.40476765149902666
864691135749865513,exc_5PET,4,4,2,0.0,0.25,0.75,True,0.5955587320184142,179081.5457731701,0.25,0.081,-1.5155988898913313
864691135754611149,exc_5PET,3,3,2,0.0,0.0,1.0,False,0.00786659934823393,1718.8324907826998,1.0,0.0,-6.710957116206707
864691135755054541,exc_5PET,6,6,1,0.0,1.0,0.0,False,0.5332405520579817,112152.2954660559,0.5,0.079,-1.407747746650229
864691135759429966,exc_5PET,3,3,2,0.0,0.0,1.0,False,0.5914534299931563,139912.4484992152,0.6666666666666666,0.029,-2.46076725813602
864691135759450702,exc_5PET,8,8,2,0.0,0.25,0.75,True,0.95574012335566,199497.9764499082,0.25,0.273,-0.4326110989957953
864691135759524174,exc_5PET,4,4,1,0.0,0.5,0.5,True,0.6372037232281677,179915.87113564307,0.25,0.018,-2.0655955337921603
864691135760055118,exc_5PET,4,4,2,0.0,0.25,0.75,True,0.8610839108903225,133420.07736740905,0.5,0.139,-1.0684357914576825
864691135763089206,exc_5PET,4,4,2,0.0,0.0,1.0,False,0.4694630403761071,116562.98867321394,0.75,0.003,-2.9778390329694164
864691135763235638,exc_5PET,24,24,2,0.16666666666666666,0.16666666666666666,0.6666666666666666,True,0.9370272108979149,199370.23302044725,0.125,0.148,-0.9927854708753286
864691135776734637,exc_5PET,6,6,1,0.0,1.0,0.0,False,0.14984354173468653,30395.954578749286,0.5,0.001,-2.427680926898624
864691135776750176,exc_5PET,8,8,1,0.125,0.75,0.125,True,0.924645172290875,150851.08978476305,0.25,0.136,-0.8271700314280515
864691135777111997,exc_5PET,4,4,2,0.0,0.25,0.75,True,0.5416954621690564,114875.20954463257,0.75,0.009,-3.7206911807439926
864691135777597613,exc_5PET,3,3,0,0.3333333333333333,0.3333333333333333,0.3333333333333333,True,0.8626638747058627,180979.0867260285,0.3333333333333333,0.179,-0.8826225205451493
864691135777623648,exc_5PET,3,3,1,0.0,1.0,0.0,False,0.1556244611876526,25264.152344758328,1.0,0.01,-1.6146788542395103
864691135777851744,exc_5PET,4,4,0,0.75,0.0,0.25,True,0.3480616197841558,25017.793798489427,0.5,0.003,-3.9359119277604773
864691135778218429,exc_5PET,8,8,2,0.0,0.0,1.0,False,0.7326989720898608,139990.3553888363,0.375,0.005,-4.025590393276387
864691135782191184,exc_5PET,5,5,1,0.2,0.4,0.4,True,0.6051351221711638,176335.21472314306,0.4,0.008,-2.253218840249599
864691135783803443,exc_5PET,3,3,2,0.0,0.0,1.0,False,0.9436609281271304,195877.05401179768,0.3333333333333333,0.352,0.02133503033269734
864691135783925555,exc_5PET,10,10,0,0.5,0.0,0.5,True,0.6436321761154612,111173.04055094646,0.3,0.001,-6.466230116522921
864691135784064051,exc_5PET,6,6,2,0.16666666666666666,0.0,0.8333333333333334,True,0.8892634344052852,143592.31558522102,0.3333333333333333,0.084,-1.472499854677782
864691135799745378,exc_5PET,4,4,1,0.0,0.75,0.25,True,0.5751463020852596,162492.28434206048,0.5,0.02,-1.9396852256109804
864691135816782927,exc_5PET,8,8,1,0.125,0.75,0.125,True,1.0383951254871882,249347.48215893866,0.375,0.582,0.15107943561121126
864691135838640275,exc_5PET,14,14,2,0.07142857142857142,0.35714285714285715,0.5714285714285714,True,0.9475884209365188,116159.59179707729,0.14285714285714285,0.153,-0.9747791633405145
864691135849210462,exc_5PET,38,38,2,0.3157894736842105,0.3157894736842105,0.3684210526315789,True,0.9528903005778642,60531.170226452625,0.18421052631578946,0.054,-1.5286743474331224
864691135850456007,exc_5PET,7,7,0,0.42857142857142855,0.14285714285714285,0.42857142857142855,True,0.8090466895544516,155847.34192601804,0.14285714285714285,0.038,-1.4796599368572962
864691135852021447,exc_5PET,4,4,2,0.0,0.0,1.0,False,0.5308511282683511,116344.33125056136,0.75,0.005,-3.9640337271954387
864691135860270952,exc_5PET,5,5,2,0.0,0.0,1.0,False,0.6735992035281155,144889.55785370065,0.4,0.01,-3.2127654268830685
864691135865244030,exc_5PET,6,6,2,0.16666666666666666,0.3333333333333333,0.5,True,1.0230718577038131,270187.34941705706,0.16666666666666666,0.57,0.07419978015192859
864691135865971164,exc_5PET,4,4,0,0.5,0.25,0.25,True,1.0296218147727723,109097.2226525658,0.5,0.694,0.5099284798551391
864691135867637526,exc_5PET,6,6,2,0.0,0.3333333333333333,0.6666666666666666,True,0.9820905523828681,179875.93628181895,0.3333333333333333,0.404,-0.028901934518291515
864691135867810838,exc_5PET,3,3,2,0.0,0.3333333333333333,0.6666666666666666,True,0.28374330246263724,40654.12712930589,0.6666666666666666,0.004,-4.592854324159936
864691135874034574,exc_5PET,4,4,2,0.0,0.0,1.0,False,0.5809143120991566,132468.7068089354,0.75,0.017,-3.085244114773812
864691135874731406,exc_5PET,15,15,0,0.6,0.13333333333333333,0.26666666666666666,True,0.8324726217383376,64050.31912129519,0.3333333333333333,0.002,-3.2933858842157617
864691135876161619,exc_5PET,5,5,2,0.4,0.0,0.6,True,0.4701069802579633,73146.42510851749,0.4,0.001,-5.3701121383949095
864691135877536083,exc_5PET,12,12,2,0.25,0.16666666666666666,0.5833333333333334,True,1.0200687479161696,213507.65494276656,0.25,0.621,0.12074371666311247
864691135889761417,exc_5PET,4,4,0,0.5,0.5,0.0,True,0.24315958952595107,72831.58464265938,0.5,0.002,-3.027634613007299
864691135889875849,exc_5PET,4,4,2,0.0,0.25,0.75,True,0.9006976441009396,124340.6920534732,0.25,0.173,-0.7853487660773755
864691135890100361,exc_5PET,5,5,1,0.2,0.6,0.2,True,0.812704947566039,101517.35278930877,0.4,0.037,-2.007394015286106
864691135916351334,exc_5PET,3,3,2,0.0,0.3333333333333333,0.6666666666666666,True,0.6010660225898716,159906.09905412342,0.6666666666666666,0.066,-1.8026716607897113
864691135940689665,exc_5PET,3,3,2,0.0,0.0,1.0,False,0.4450627255937378,92322.32139412039,0.6666666666666666,0.01,-3.675782533098491
864691135940940545,exc_5PET,5,5,1,0.2,0.6,0.2,True,0.4638768206093337,126706.08342067481,0.4,0.03,-1.8502331873183027
864691135941968500,exc_5PET,5,5,1,0.0,1.0,0.0,False,0.8511758370031354,100534.92260108572,0.4,0.069,-1.5714387866834287
864691135947023969,exc_5PET,5,5,2,0.2,0.2,0.6,True,1.109575639133492,84796.84991280745,0.2,0.885,1.187703504084525
864691135947033380,exc_5PET,5,5,2,0.0,0.2,0.8,True,1.0996420268095741,261318.96232357767,0.2,0.844,0.9328921115414005
864691135948051297,exc_5PET,6,6,2,0.0,0.3333333333333333,0.6666666666666666,True,0.9478498963409357,173865.93361534458,0.3333333333333333,0.294,-0.38644242290810316
864691135948061537,exc_5PET,8,8,1,0.125,0.625,0.25,True,0.9646934080072084,111775.70882921576,0.25,0.271,-0.4676754147432272
864691135975513199,exc_5PET,4,4,2,0.0,0.0,1.0,False,0.7387235535212052,179143.18456157084,0.25,0.067,-1.7454355399930641
864691135989641216,exc_5PET,5,5,2,0.0,0.2,0.8,True,0.03676114948757686,7486.448678306265,0.8,0.0,-10.467096996620246
864691135991488193,exc_5PET,3,3,2,0.0,0.0,1.0,False,0.715271560037115,175606.56442884178,0.6666666666666666,0.101,-1.429058258760029
864691135992470721,exc_5PET,5,5,2,0.0,0.0,1.0,False,0.5788848322976642,124122.27540652,0.4,0.004,-3.7767178620895936
864691135993185985,exc_5PET,31,31,1,0.1935483870967742,0.5483870967741935,0.25806451612903225,True,0.9560568986486054,58900.823439013366,0.22580645161290322,0.086,-1.3835941564067649
864691135994819754,exc_5PET,4,4,1,0.0,0.5,0.5,True,0.7315315079521318,127476.55021226266,0.5,0.025,-2.4744304217804927
864691135996104618,exc_5PET,4,4,1,0.0,1.0,0.0,False,0.8050692977944918,49208.57831914496,0.5,0.121,-1.1667540531918148
864691136009728172,exc_5PET,5,5,2,0.0,0.2,0.8,True,0.7312597922757336,148201.4440777872,0.6,0.027,-2.273474811438066
864691136009957806,exc_5PET,3,3,2,0.0,0.0,1.0,False,0.009624969453082577,2606.9934081872393,1.0,0.0,-4.711234169980186
864691136012233635,exc_5PET,5,5,2,0.0,0.4,0.6,True,0.8986658583060954,147265.9387634282,0.2,0.142,-0.9752290651832459
864691136012379811,exc_5PET,3,3,2,0.0,0.3333333333333333,0.6666666666666666,True,1.0066356387195732,239911.5690159276,0.3333333333333333,0.523,0.37877973708002616
864691136012401315,exc_5PET,5,5,1,0.0,0.6,0.4,True,1.0073057305574429,181907.63420341903,0.2,0.548,0.3060563345248714
864691136012429987,exc_5PET,9,9,0,0.7777777777777778,0.1111111111111111,0.1111111111111111,True,0.5611729483980497,19711.180399590627,0.4444444444444444,0.0,-3.6833977396311592
864691136025149753,exc_5PET,3,3,2,0.0,0.0,1.0,False,0.7533668724548995,192162.5808491758,0.6666666666666666,0.123,-1.2209514942436235
864691136032016827,exc_5PET,9,9,1,0.2222222222222222,0.6666666666666666,0.1111111111111111,True,0.9426233108644888,104727.34160458778,0.2222222222222222,0.167,-0.9069282030533279
864691136032031675,exc_5PET,17,17,2,0.23529411764705882,0.17647058823529413,0.5882352941176471,True,0.954255759162915,75326.35715377775,0.17647058823529413,0.2,-0.7903636551940121
864691136032072635,exc_5PET,6,6,2,0.0,0.3333333333333333,0.6666666666666666,True,0.7704852443548235,195021.8396434983,0.3333333333333333,0.041,-1.60826088930216
864691136092188340,exc_5PET,6,6,2,0.16666666666666666,0.3333333333333333,0.5,True,0.7423172806763855,115212.38288197582,0.3333333333333333,0.014,-3.31540887568736
864691136092304052,exc_5PET,16,16,1,0.0,0.5,0.5,True,1.0193323468556124,169751.9023435205,0.1875,0.688,0.542308170276229
864691136105933529,exc_5PET,14,14,2,0.0,0.21428571428571427,0.7857142857142857,True,0.9056331079106071,124817.35203042571,0.21428571428571427,0.036,-2.078251340541128
864691136106775001,exc_5PET,4,4,1,0.0,0.5,0.5,True,0.9792867460511635,145965.9407693932,0.5,0.424,0.003963136331733943
864691136109199800,exc_5PET,15,15,1,0.26666666666666666,0.6666666666666666,0.06666666666666667,True,0.8445161415810127,34065.25246805665,0.26666666666666666,0.019,-2.048185504421822
864691136109897400,exc_5PET,3,3,2,0.0,0.3333333333333333,0.6666666666666666,True,0.8086044792723615,228887.19081592842,0.3333333333333333,0.099,-1.0010130391464056
864691136118914840,exc_5PET,3,3,2,0.0,0.3333333333333333,0.6666666666666666,True,0.909561813203189,266189.10917311226,0.3333333333333333,0.257,-0.5492152581750623
864691136119505176,exc_5PET,3,3,2,0.0,0.0,1.0,False,1.0511605757978748,247953.47050261896,0.3333333333333333,0.687,0.6632664345934968
864691136119524888,exc_5PET,9,9,0,0.7777777777777778,0.0,0.2222222222222222,True,0.900650807206375,98653.15998297764,0.3333333333333333,0.056,-1.696237225256731
864691136135514251,exc_5PET,4,4,2,0.0,0.25,0.75,True,0.9035998560838313,171577.7321039304,0.25,0.186,-0.7116924529484322
864691136136020619,exc_5PET,14,14,1,0.21428571428571427,0.5,0.2857142857142857,True,0.9933662180138503,80245.48596896269,0.2857142857142857,0.433,-0.11839520759188442
864691136143409204,exc_5PET,5,5,2,0.0,0.2,0.8,True,0.9778829556187298,193636.11750822826,0.2,0.389,-0.03316946378966052
864691136143866164,exc_5PET,28,28,0,0.5,0.10714285714285714,0.39285714285714285,True,0.8653199108585458,116666.85634978132,0.14285714285714285,0.0,-4.230707323046652
864691136143908689,exc_5PET,3,3,1,0.0,0.6666666666666666,0.3333333333333333,True,0.4684827241722945,139666.22536037336,0.6666666666666666,0.02,-2.0059654145209382
864691136195284556,exc_5PET,3,3,2,0.0,0.3333333333333333,0.6666666666666666,True,1.0470226996152887,158318.67642860382,0.3333333333333333,0.704,0.6446583721598287
864691136195414230,exc_5PET,8,8,2,0.0,0.375,0.625,True,0.7132254167020854,116703.29288039813,0.25,0.001,-4.4877370133156305
864691136195548236,exc_5PET,3,3,1,0.0,0.6666666666666666,0.3333333333333333,True,1.00237496794966,79883.11071924027,0.6666666666666666,0.509,0.018118819658505158
864691136209688764,exc_5PET,3,3,1,0.3333333333333333,0.6666666666666666,0.0,True,0.10858785433848918,30089.30518745053,0.3333333333333333,0.0,-4.266943683839669
864691136238641468,exc_5PET,4,4,1,0.0,0.75,0.25,True,0.8767513303032269,53176.083834292214,0.5,0.172,-0.939885749753966
864691136267394292,exc_5PET,5,5,2,0.0,0.4,0.6,True,0.7201014252271607,202770.38003908066,0.4,0.094,-1.3135119721765276
864691136274248382,exc_5PET,25,25,0,0.52,0.24,0.24,True,0.9310068088041333,58779.454184022434,0.36,0.042,-1.6890825607091253
864691136296728603,exc_5PET,3,3,2,0.0,0.3333333333333333,0.6666666666666666,True,0.7829008567662368,146158.52232364702,0.3333333333333333,0.143,-1.1460266671213275
864691136298063387,exc_5PET,6,6,2,0.0,0.3333333333333333,0.6666666666666666,True,0.5675977586520615,105554.65944926009,0.5,0.001,-5.414308239361813
864691136310184538,exc_5PET,3,3,2,0.0,0.0,1.0,False,0.13647593612781062,19390.55848060302,1.0,0.0,-6.0669333595591
864691136310706522,exc_5PET,14,14,0,0.7142857142857143,0.0,0.2857142857142857,True,0.36302412973050413,24705.08067785512,0.35714285714285715,0.0,-9.601835031913652
864691136328933354,exc_5PET,3,3,0,1.0,0.0,0.0,False,0.030445282791739695,7799.483672713141,0.6666666666666666,0.0,-2.188089306995906
864691136335054515,exc_5PET,7,7,2,0.0,0.42857142857142855,0.5714285714285714,True,0.7423070696920832,199797.42508694896,0.2857142857142857,0.023,-1.784448168996658
864691136362531554,exc_5PET,3,3,2,0.0,0.0,1.0,False,0.7439048310504538,218117.23222479667,0.6666666666666666,0.129,-1.0440461613811376
864691136371869576,exc_5PET,4,4,2,0.0,0.0,1.0,False,0.6900811330339727,167572.8960961819,0.75,0.047,-2.072050156341998
864691136388563728,exc_5PET,11,11,0,0.6363636363636364,0.36363636363636365,0.0,True,0.7109578834184374,26848.631239431365,0.36363636363636365,0.0,-2.9588770566479847
864691136391174015,exc_5PET,5,5,2,0.0,0.0,1.0,False,0.7995156770428866,178603.37837959934,0.4,0.074,-1.6527648518252167
864691136391475583,exc_5PET,8,8,0,0.375,0.25,0.375,True,0.5553166514221963,146596.9222926083,0.375,0.025,-1.8877080497145877
864691136452249087,exc_5PET,4,4,0,0.5,0.0,0.5,True,0.042594964030942886,6730.919872242346,0.5,0.0,-8.318764590317189
864691136487474962,exc_5PET,11,11,2,0.0,0.45454545454545453,0.5454545454545454,True,0.543796419840898,116067.72808088406,0.36363636363636365,0.0,-6.552486149421893
864691136488599314,exc_5PET,3,3,1,0.0,0.6666666666666666,0.3333333333333333,True,0.8053307909240577,131846.85877363515,0.6666666666666666,0.091,-1.330654798732179
864691136579103508,exc_5PET,3,3,2,0.0,0.0,1.0,False,0.44910619911219596,83986.02134660952,0.6666666666666666,0.013,-3.281438267110058
864691136579103764,exc_5PET,4,4,2,0.0,0.0,1.0,False,0.7830246044223922,184155.42852364772,0.5,0.076,-1.5380420902261294
864691136618399195,exc_5PET,7,7,1,0.0,0.5714285714285714,0.42857142857142855,True,0.6352154023687281,158644.09254387498,0.2857142857142857,0.007,-3.2857029590900777
864691136619606925,exc_5PET,24,24,1,0.08333333333333333,0.5833333333333334,0.3333333333333333,True,0.9515871563007091,146312.12892736576,0.20833333333333334,0.11,-1.0162424469233995
864691136619729037,exc_5PET,3,3,1,0.0,1.0,0.0,False,0.18100146265943687,28998.827559147554,1.0,0.01,-1.5895838899140329
864691136663187678,exc_5PET,3,3,2,0.0,0.3333333333333333,0.6666666666666666,True,0.858490875040933,117972.17983730072,0.3333333333333333,0.164,-0.774111066246639
864691136740811868,exc_5PET,4,4,2,0.0,0.25,0.75,True,0.9480999150147108,99508.35692771855,0.25,0.316,-0.28066033711218985
864691136740882780,exc_5PET,3,3,0,0.6666666666666666,0.0,0.3333333333333333,True,0.8670072382095837,235489.97929928775,0.6666666666666666,0.228,-0.5356672408240117
864691136813283443,exc_5PET,9,9,2,0.1111111111111111,0.3333333333333333,0.5555555555555556,True,0.8764739515858605,104739.52002007033,0.3333333333333333,0.049,-1.824214778766035
864691136903012018,exc_5PET,3,3,0,1.0,0.0,0.0,False,0.8805493398421472,240065.59410785767,0.6666666666666666,0.353,-0.23332787610340733
864691136904289714,exc_5PET,3,3,1,0.0,1.0,0.0,False,0.012393189995903647,1967.2282243559118,1.0,0.0,-1.8356832196001887
864691136904825266,exc_5PET,3,3,1,0.0,0.6666666666666666,0.3333333333333333,True,0.7962120750797624,230225.58404750706,0.3333333333333333,0.122,-1.0037286929351639
864691136922714084,exc_5PET,3,3,0,0.3333333333333333,0.3333333333333333,0.3333333333333333,True,1.1438438677755303,332027.800764586,0.3333333333333333,0.774,0.42654226813601864
864691136923964644,exc_5PET,5,5,2,0.2,0.0,0.8,True,0.5461960642385466,99211.6406252476,0.4,0.002,-4.736336134886012
864691136966961614,exc_5PET,11,11,0,0.45454545454545453,0.36363636363636365,0.18181818181818182,True,0.9510902366318255,81807.23907456067,0.2727272727272727,0.212,-0.8226697552356312
864691136974572316,exc_5PET,16,16,2,0.4375,0.0625,0.5,True,0.8884173936123967,80051.36929171327,0.3125,0.004,-2.987510567799187
864691136975161628,exc_5PET,4,4,2,0.0,0.0,1.0,False,0.886679924984914,232932.9117910428,0.5,0.289,-0.46718461722367294
864691137197241921,exc_5PET,3,3,1,0.0,1.0,0.0,False,0.019699812056107626,4836.396403259317,1.0,0.0,-6.226203692384952
864691137197442625,exc_5PET,3,3,2,0.0,0.0,1.0,False,0.7379684947457544,168114.9759537085,0.6666666666666666,0.1,-1.5001222903689255
864691134886156026,exc_5PIT,4,4,0,0.75,0.25,0.0,True,0.46314028043766126,17121.86409752107,0.75,0.002,-2.7746762212133627
864691135013774070,exc_5PIT,3,3,2,0.0,0.0,1.0,False,0.022034250858895186,4472.073378745273,1.0,0.0,-7.040715313295305
864691135013871606,exc_5PIT,3,3,2,0.0,0.3333333333333333,0.6666666666666666,True,0.06037380537774114,13615.472269395803,0.6666666666666666,0.005,-5.036034505960423
864691135081703927,exc_5PIT,3,3,1,0.0,0.6666666666666666,0.3333333333333333,True,0.12755666443565897,37110.68223204117,0.6666666666666666,0.01,-2.0808396402544753
864691135118298845,exc_5PIT,5,5,0,1.0,0.0,0.0,False,0.6998926708106601,18401.976359326403,0.4,0.091,-1.2999978685464613
864691135119056861,exc_5PIT,3,3,2,0.0,0.0,1.0,False,0.6512954054664338,82955.53169353343,0.6666666666666666,0.037,-2.1949937754307465
864691135119058397,exc_5PIT,6,6,1,0.0,0.6666666666666666,0.3333333333333333,True,0.5975897847340776,106298.25753653645,0.6666666666666666,0.0,-5.375332310926404
864691135133874848,exc_5PIT,5,5,1,0.0,0.6,0.4,True,0.9380609612352252,99537.55943178036,0.4,0.207,-0.6942287176309574
864691135136336153,exc_5PIT,4,4,1,0.0,0.5,0.5,True,0.9759521855437251,156152.81452668135,0.25,0.403,-0.0889082863818387
864691135273272337,exc_5PIT,3,3,2,0.0,0.0,1.0,False,0.6963688988140461,82223.42675155269,0.6666666666666666,0.052,-1.9051935782509397
864691135273828113,exc_5PIT,6,6,2,0.3333333333333333,0.16666666666666666,0.5,True,0.9424855795790124,82975.9703936684,0.16666666666666666,0.197,-0.8040898190007536
864691135276013285,exc_5PIT,6,6,2,0.16666666666666666,0.16666666666666666,0.6666666666666666,True,1.0191501820775146,83944.0422812632,0.16666666666666666,0.608,0.27644542045459664
864691135276293349,exc_5PIT,3,3,0,0.6666666666666666,0.0,0.3333333333333333,True,0.8294586630386463,42001.94210301337,0.6666666666666666,0.155,-1.0034340909776196
864691135308247878,exc_5PIT,3,3,2,0.0,0.3333333333333333,0.6666666666666666,True,0.690891091533585,114070.11665891939,0.3333333333333333,0.044,-2.44873184376676
864691135342622385,exc_5PIT,5,5,2,0.0,0.0,1.0,False,0.7960252801491826,119905.36821382385,0.6,0.041,-2.1899915190535406
864691135346509471,exc_5PIT,7,7,2,0.14285714285714285,0.2857142857142857,0.5714285714285714,True,0.9538077950743705,102002.32823226922,0.2857142857142857,0.236,-0.6228149632871471
864691135356299215,exc_5PIT,4,4,1,0.0,0.5,0.5,True,0.7727619617127122,73198.52734602064,0.25,0.056,-1.6718080400881434
864691135356379087,exc_5PIT,6,6,2,0.16666666666666666,0.0,0.8333333333333334,True,0.7119846364028989,78248.12199346386,0.3333333333333333,0.003,-3.833050939020773
864691135382976218,exc_5PIT,4,4,0,0.5,0.0,0.5,True,0.14243916257751998,3757.8976984842884,0.5,0.0,-3.1117993372915502
864691135387903105,exc_5PIT,3,3,1,0.0,1.0,0.0,False,0.021642920638252964,5465.328997028036,1.0,0.0,-2.541709879881596
864691135394307317,exc_5PIT,8,8,2,0.25,0.0,0.75,True,0.9092577260698691,53252.61651236576,0.25,0.144,-1.1599171956413352
864691135395443445,exc_5PIT,3,3,2,0.0,0.3333333333333333,0.6666666666666666,True,0.126049467486777,30982.130559341604,0.6666666666666666,0.004,-4.498439793744294
864691135397928737,exc_5PIT,10,10,2,0.1,0.1,0.8,True,0.9918297434931963,173669.60168442296,0.3,0.43,0.010048416642550151
864691135408622281,exc_5PIT,13,13,1,0.3076923076923077,0.38461538461538464,0.3076923076923077,True,0.9079413175054497,63362.357386265336,0.3076923076923077,0.042,-1.8950755449249703
864691135429980976,exc_5PIT,4,4,2,0.0,0.25,0.75,True,0.8024914029266663,43432.17527396958,0.5,0.085,-1.3773946970696846
864691135446894482,exc_5PIT,3,3,1,0.0,0.6666666666666666,0.3333333333333333,True,0.7590895931176317,202357.0338591632,0.3333333333333333,0.038,-1.4603613742412926
864691135464209565,exc_5PIT,3,3,1,0.0,1.0,0.0,False,0.0007835177570186613,198.32630225441002,1.0,0.0,-4.399135235547041
864691135469794130,exc_5PIT,5,5,2,0.0,0.4,0.6,True,0.7792551392485896,129270.28714624008,0.4,0.03,-1.994808647046683
864691135473173042,exc_5PIT,4,4,2,0.25,0.0,0.75,True,0.07814784010006011,22021.2798484854,0.75,0.0,-2.7433826080770727
864691135489486650,exc_5PIT,13,13,1,0.23076923076923078,0.38461538461538464,0.38461538461538464,True,0.8312818923285102,35868.19601879644,0.38461538461538464,0.015,-2.052533295799961
864691135491144807,exc_5PIT,3,3,2,0.0,0.0,1.0,False,0.6481732660898286,139228.1380728104,0.6666666666666666,0.035,-2.236153179689433
864691135494673296,exc_5PIT,5,5,1,0.2,0.4,0.4,True,0.0754132209325235,20106.13788564575,0.4,0.0,-3.061230064854326
864691135511861968,exc_5PIT,4,4,2,0.25,0.25,0.5,True,0.9899018859562577,270882.1180833717,0.25,0.468,-0.23549254171982859
864691135518745482,exc_5PIT,4,4,1,0.0,0.5,0.5,True,0.607335340280125,143249.1216148612,0.5,0.034,-2.2998987155967265
864691135527145819,exc_5PIT,3,3,2,0.0,0.3333333333333333,0.6666666666666666,True,1.0057055100387404,108612.49923547433,0.3333333333333333,0.528,0.3389101371645722
864691135570722797,exc_5PIT,3,3,2,0.0,0.0,1.0,False,0.013563396973970203,1727.788863258121,1.0,0.0,-6.355761168673098
864691135572527653,exc_5PIT,6,6,1,0.0,0.5,0.5,True,1.0316994421161814,92879.51710561014,0.3333333333333333,0.687,0.5364917373386507
864691135583032685,exc_5PIT,3,3,2,0.3333333333333333,0.0,0.6666666666666666,True,1.2257361071895378,62238.346150729754,0.3333333333333333,0.897,1.3546600047407595
864691135586505340,exc_5PIT,3,3,2,0.0,0.0,1.0,False,0.08178761450514731,5601.662503520968,1.0,0.001,-5.401209216223789
864691135591189771,exc_5PIT,4,4,1,0.0,1.0,0.0,False,0.018294423840964826,4398.532957630436,1.0,0.0,-5.489468985700407
864691135615305163,exc_5PIT,3,3,0,0.6666666666666666,0.0,0.3333333333333333,True,0.8219617932031882,100889.79594065796,0.3333333333333333,0.061,-1.7971705379489158
864691135617259113,exc_5PIT,3,3,0,1.0,0.0,0.0,False,0.055090323481123395,1472.7268191599342,1.0,0.0,-2.8501663855579245
864691135659021954,exc_5PIT,5,5,2,0.4,0.0,0.6,True,0.9371675714111825,157030.60392083708,0.2,0.278,-0.3972093277235419
864691135688419296,exc_5PIT,3,3,2,0.0,0.0,1.0,False,0.7109605141920201,145355.45354307827,0.3333333333333333,0.072,-1.8685403860743746
864691135697251482,exc_5PIT,4,4,2,0.0,0.25,0.75,True,1.095170224562187,133513.93366295137,0.25,0.93,1.2370891193786069
864691135701659771,exc_5PIT,7,7,1,0.14285714285714285,0.42857142857142855,0.42857142857142855,True,0.9459698705425506,66752.84105345586,0.2857142857142857,0.251,-0.7088682558933488
864691135718957105,exc_5PIT,10,10,2,0.1,0.3,0.6,True,0.9679863133243193,118623.60960700533,0.1,0.243,-0.6028822301324166
864691135726887999,exc_5PIT,6,6,2,0.0,0.16666666666666666,0.8333333333333334,True,0.7603271412489423,72336.64843396399,0.6666666666666666,0.008,-3.025973328381016
864691135738780017,exc_5PIT,5,5,0,0.6,0.2,0.2,True,0.30268130562849793,23425.293922738194,0.6,0.0,-7.075415358615983
864691135778611133,exc_5PIT,3,3,2,0.0,0.3333333333333333,0.6666666666666666,True,0.5847428226636264,94939.7998451469,0.6666666666666666,0.17,-0.8150097778615233
864691135778700477,exc_5PIT,3,3,2,0.0,0.3333333333333333,0.6666666666666666,True,0.639924651441414,195398.63911726818,0.6666666666666666,0.04,-1.6021134615934556
864691135782191184,exc_5PIT,4,4,2,0.0,0.25,0.75,True,0.6823848281077255,146568.59804173777,0.25,0.02,-2.4865391568173965
864691135849157726,exc_5PIT,6,6,2,0.16666666666666666,0.3333333333333333,0.5,True,1.3625968683696297,398348.85234232736,0.16666666666666666,0.996,2.6285830725295707
864691135851901639,exc_5PIT,3,3,0,0.3333333333333333,0.3333333333333333,0.3333333333333333,True,0.774781354099375,131985.2654907735,0.3333333333333333,0.088,-1.5228962208321661
864691135860270952,exc_5PIT,6,6,2,0.0,0.16666666666666666,0.8333333333333334,True,0.9160247336324203,182547.72916693325,0.3333333333333333,0.16,-0.9272968813643513
864691135864441214,exc_5PIT,5,5,2,0.0,0.0,1.0,False,0.08644498559219047,9143.905246966355,1.0,0.0,-9.676730346391343
864691135867810838,exc_5PIT,3,3,2,0.0,0.3333333333333333,0.6666666666666666,True,1.1250446321445395,269765.67138137296,0.3333333333333333,0.769,0.8079006290849851
864691135874795918,exc_5PIT,3,3,2,0.0,0.0,1.0,False,0.5766469612633761,111013.82880161777,0.6666666666666666,0.011,-3.1806401884423985
864691135877515091,exc_5PIT,3,3,1,0.0,0.6666666666666666,0.3333333333333333,True,0.2886074557415386,36875.039378221,0.6666666666666666,0.002,-5.047195311027168
864691135877536083,exc_5PIT,4,4,1,0.0,0.5,0.5,True,0.6607753620324847,121580.84926673431,0.5,0.006,-3.042461804001793
864691135889703817,exc_5PIT,3,3,2,0.0,0.0,1.0,False,1.053735891160179,237770.1512724522,0.3333333333333333,0.807,0.7348591805005874
864691135937837109,exc_5PIT,3,3,1,0.0,0.6666666666666666,0.3333333333333333,True,0.010378247880050685,2621.651843074304,0.6666666666666666,0.0,-2.7762853052102825
864691135940533249,exc_5PIT,3,3,2,0.0,0.3333333333333333,0.6666666666666666,True,0.8242564526308612,203971.69979837956,0.3333333333333333,0.083,-1.1330437893536025
864691135941021862,exc_5PIT,6,6,1,0.16666666666666666,0.5,0.3333333333333333,True,0.9953833762479126,159786.69057169344,0.16666666666666666,0.492,-0.38856489012315404
864691135946596388,exc_5PIT,3,3,2,0.0,0.0,1.0,False,0.07164478997362907,18699.528594306117,1.0,0.0,-4.264940286801004
864691135947023969,exc_5PIT,6,6,0,0.8333333333333334,0.16666666666666666,0.0,True,0.7498867588444073,29079.23048842162,0.5,0.046,-1.780830775612279
864691135948051297,exc_5PIT,6,6,2,0.3333333333333333,0.16666666666666666,0.5,True,0.8995923604466196,46691.2524907225,0.16666666666666666,0.168,-0.9697401256399515
864691135970265701,exc_5PIT,6,6,2,0.0,0.0,1.0,False,0.16434739632466636,26561.21880792951,1.0,0.0,-2.0801772399993843
864691135974818415,exc_5PIT,5,5,2,0.0,0.2,0.8,True,0.47816951191766793,78503.11907025454,0.6,0.051,-1.2684488439644912
864691135989649152,exc_5PIT,4,4,1,0.0,0.5,0.5,True,0.6762595664551095,120075.35647406761,0.5,0.01,-3.040596156599398
864691135991495617,exc_5PIT,3,3,2,0.0,0.3333333333333333,0.6666666666666666,True,1.0443566691707518,103417.65076621337,0.3333333333333333,0.697,0.6049724424704795
864691135992787905,exc_5PIT,5,5,2,0.0,0.0,1.0,False,0.7642513817704526,104151.06782427896,0.4,0.022,-2.4819730688212647
864691135992809921,exc_5PIT,3,3,2,0.0,0.3333333333333333,0.6666666666666666,True,0.9283118046184633,215309.55974875143,0.3333333333333333,0.331,-0.7058205754209351
864691135993185985,exc_5PIT,6,6,2,0.16666666666666666,0.3333333333333333,0.5,True,0.5800565234934756,27448.24724340472,0.5,0.0,-3.7178529054932743
864691136009999022,exc_5PIT,3,3,0,1.0,0.0,0.0,False,0.041751879217076765,2819.001173549084,1.0,0.0,-5.303639429575264
864691136012288931,exc_5PIT,3,3,1,0.0,1.0,0.0,False,0.6137568477594436,100533.18140292929,0.6666666666666666,0.199,-0.7820345465831997
864691136012312227,exc_5PIT,5,5,2,0.0,0.0,1.0,False,0.6856545705451941,89960.36201717412,0.6,0.007,-3.5453690202505683
864691136051146739,exc_5PIT,3,3,2,0.0,0.0,1.0,False,0.024192668948091797,6019.732376888569,1.0,0.001,-4.477497746954473
864691136057622488,exc_5PIT,4,4,2,0.0,0.25,0.75,True,1.0501019105972167,73395.374691583,0.5,0.693,0.5088720871940828
864691136090670903,exc_5PIT,3,3,1,0.0,1.0,0.0,False,0.5033285120785385,163224.2297301604,0.6666666666666666,0.073,-1.6425236411536883
864691136092188340,exc_5PIT,3,3,2,0.0,0.3333333333333333,0.6666666666666666,True,0.8469125445690595,46222.43810125615,0.6666666666666666,0.177,-0.789777573122541
864691136092196788,exc_5PIT,4,4,2,0.0,0.0,1.0,False,0.5530326789632862,82120.14572165569,0.5,0.005,-4.187237013557663
864691136092304052,exc_5PIT,5,5,2,0.2,0.0,0.8,True,0.9656603398956692,93101.87379391851,0.4,0.34,-0.2745124750691202
864691136109199800,exc_5PIT,3,3,2,0.0,0.0,1.0,False,0.723559222905586,49332.39075359026,0.3333333333333333,0.09,-1.4228390345322484
864691136109892792,exc_5PIT,3,3,2,0.0,0.3333333333333333,0.6666666666666666,True,0.1567006174013047,40190.564856757206,0.6666666666666666,0.004,-2.884189030418194
864691136117758628,exc_5PIT,5,5,2,0.0,0.0,1.0,False,0.7258021350465922,182491.02831023434,0.6,0.063,-1.6194096772392714
864691136118988312,exc_5PIT,7,7,2,0.0,0.14285714285714285,0.8571428571428571,True,0.8800511494530008,162800.35476567605,0.42857142857142855,0.088,-1.5372443977414953
864691136119505176,exc_5PIT,3,3,1,0.0,1.0,0.0,False,0.028341276304599917,7166.870750463381,1.0,0.002,-4.366180715641793
864691136144856116,exc_5PIT,5,5,1,0.0,0.6,0.4,True,0.7117718121142638,41956.666380537616,0.6,0.011,-2.491695383590352
864691136195414230,exc_5PIT,4,4,0,0.75,0.25,0.0,True,0.9580366981224941,35374.42597561684,0.25,0.417,-0.23412042986022127
864691136311256154,exc_5PIT,12,12,2,0.0,0.3333333333333333,0.6666666666666666,True,0.9942347596736788,107686.00622160894,0.25,0.453,-0.04187487763582154
864691136362298082,exc_5PIT,4,4,2,0.0,0.0,1.0,False,0.0800244790827271,8823.076853921284,1.0,0.0,-8.489433425422199
864691136362788578,exc_5PIT,3,3,0,1.0,0.0,0.0,False,1.0578963661371084,42732.33512703279,0.3333333333333333,0.617,0.3015510964990737
864691136391174015,exc_5PIT,3,3,2,0.0,0.0,1.0,False,0.7609917070037548,138343.35868999164,0.6666666666666666,0.089,-1.6051307958358028
864691136452301055,exc_5PIT,5,5,0,1.0,0.0,0.0,False,0.33165238643214107,8866.968924105928,0.8,0.003,-2.793234912157084
864691136488308498,exc_5PIT,3,3,0,0.6666666666666666,0.0,0.3333333333333333,True,0.03337849039666385,4625.693632434829,0.6666666666666666,0.0,-6.821565234398414
864691136578499604,exc_5PIT,3,3,2,0.0,0.0,1.0,False,0.9856104933165949,180275.18420924517,0.3333333333333333,0.439,0.1614228381661452
864691136578765076,exc_5PIT,4,4,1,0.0,0.75,0.25,True,0.8031547971370633,95273.17044780111,0.5,0.069,-1.7347783432001476
864691136578811924,exc_5PIT,3,3,2,0.0,0.0,1.0,False,1.0611993512957028,140434.49102629363,0.3333333333333333,0.804,0.7996921924362923
864691136594814626,exc_5PIT,5,5,2,0.0,0.2,0.8,True,0.9143330233031395,132780.6769193145,0.4,0.142,-0.9512357082153718
864691136595750562,exc_5PIT,6,6,0,0.5,0.16666666666666666,0.3333333333333333,True,0.9424658648573495,229692.52873162093,0.5,0.325,-0.41313805008392884
864691136618564493,exc_5PIT,3,3,2,0.0,0.0,1.0,False,0.6897765139522243,134265.47398242378,0.6666666666666666,0.058,-2.04420245267297
864691136662432990,exc_5PIT,3,3,2,0.0,0.0,1.0,False,0.5045314712262463,113794.84164631947,0.6666666666666666,0.014,-2.911809948576802
864691136674099591,exc_5PIT,3,3,1,0.0,0.6666666666666666,0.3333333333333333,True,0.6479012440801907,207828.9937751654,0.3333333333333333,0.044,-1.5605434078202203
864691136742067804,exc_5PIT,3,3,1,0.0,0.6666666666666666,0.3333333333333333,True,0.7001681224549936,82526.29166056968,0.6666666666666666,0.047,-2.025689036698163
864691136923964644,exc_5PIT,4,4,2,0.0,0.0,1.0,False,0.7529313726502365,136532.15939016023,0.5,0.033,-2.198965388933358
864691136924297956,exc_5PIT,9,9,2,0.4444444444444444,0.0,0.5555555555555556,True,0.9534359784827706,87306.57749386999,0.2222222222222222,0.202,-0.8397428993256397
864691136966951886,exc_5PIT,3,3,2,0.0,0.3333333333333333,0.6666666666666666,True,0.20532338992539442,21988.852198087,0.6666666666666666,0.004,-5.495184849286668
864691136966961614,exc_5PIT,11,11,2,0.09090909090909091,0.18181818181818182,0.7272727272727273,True,0.9874135460533909,131852.06626402005,0.09090909090909091,0.384,-0.18196284874276378
864691136967006414,exc_5PIT,3,3,2,0.0,0.0,1.0,False,0.9734478783499287,194827.9181165936,0.3333333333333333,0.398,-0.17333404973753894
864691137019996526,exc_5PIT,3,3,0,1.0,0.0,0.0,False,0.4549971668663592,12175.623054069729,0.6666666666666666,0.06,-1.62921922403418
864691135183314434,exc_6PCT,4,4,1,0.0,0.75,0.25,True,0.5219654996583316,147815.87549754218,0.5,0.041,-1.7436790572953174
864691135208678521,exc_6PCT,3,3,2,0.3333333333333333,0.0,0.6666666666666666,True,1.0335042304605668,236446.29598547195,0.3333333333333333,0.558,0.34397550356157464
864691135213953920,exc_6PCT,5,5,0,0.6,0.4,0.0,True,0.8807070485377153,82525.912069176,0.4,0.133,-1.060335414523577
864691135383822827,exc_6PCT,3,3,1,0.0,0.6666666666666666,0.3333333333333333,True,0.8037553083954226,184559.2831019972,0.6666666666666666,0.203,-0.7008684076187938
864691135408213193,exc_6PCT,3,3,2,0.0,0.3333333333333333,0.6666666666666666,True,0.780785000068357,125861.87225646303,0.3333333333333333,0.176,-0.9098665786583738
864691135415894458,exc_6PCT,9,9,2,0.1111111111111111,0.1111111111111111,0.7777777777777778,True,0.9816643676679753,67282.0001435567,0.3333333333333333,0.378,-0.2668527303162591
864691135441787208,exc_6PCT,4,4,1,0.0,0.5,0.5,True,0.9107658168215228,160840.38204206005,0.25,0.265,-0.4819706723105212
864691135455286122,exc_6PCT,7,7,2,0.42857142857142855,0.0,0.5714285714285714,True,0.6950295179312694,44969.95829750287,0.42857142857142855,0.007,-3.208720689444817
864691135518791818,exc_6PCT,13,13,2,0.3076923076923077,0.23076923076923078,0.46153846153846156,True,0.9035316702376307,78062.43038308625,0.3076923076923077,0.025,-2.099007335962336
864691135526933083,exc_6PCT,3,3,2,0.0,0.0,1.0,False,0.04888864904019994,10950.587595821495,1.0,0.001,-4.7847152801668535
864691135546052648,exc_6PCT,12,12,0,0.4166666666666667,0.16666666666666666,0.4166666666666667,True,0.9680285289706057,95095.79901939318,0.3333333333333333,0.286,-0.5261517115098472
864691135688058592,exc_6PCT,4,4,1,0.0,0.5,0.5,True,1.2490224966770052,181980.5439775196,0.5,0.719,0.6026307888156807
864691135698329621,exc_6PCT,4,4,2,0.0,0.0,1.0,False,0.5583749670597021,59463.301602990796,0.75,0.006,-3.3368794029267717
864691135725167787,exc_6PCT,4,4,1,0.25,0.75,0.0,True,0.761920897905414,143789.19337205504,0.5,0.093,-1.4559080840376755
864691135740577428,exc_6PCT,3,3,0,0.3333333333333333,0.3333333333333333,0.3333333333333333,True,1.010025949360636,178323.15425228365,0.3333333333333333,0.554,0.35028342118650924
864691135778484669,exc_6PCT,8,8,2,0.0,0.375,0.625,True,1.0216341035668197,88376.00936740566,0.25,0.649,0.43050810094116515
864691135801405282,exc_6PCT,5,5,2,0.0,0.0,1.0,False,0.2891212736418364,34325.942219766286,1.0,0.0,-6.5194981699984424
864691135801515362,exc_6PCT,50,50,2,0.26,0.18,0.56,True,0.9594381728527712,91693.04929639028,0.1,0.029,-1.9915125907635816
864691135808754973,exc_6PCT,6,6,2,0.16666666666666666,0.16666666666666666,0.6666666666666666,True,1.0224404303972272,109176.17408082572,0.3333333333333333,0.623,0.380783186845182
864691135940689665,exc_6PCT,3,3,2,0.3333333333333333,0.0,0.6666666666666666,True,0.9878917272532172,104944.2700644891,0.3333333333333333,0.438,0.15307779640066105
864691135941210113,exc_6PCT,3,3,1,0.0,0.6666666666666666,0.3333333333333333,True,0.3791184685307689,55364.02012499034,0.6666666666666666,0.124,-1.362414186511252
864691135946994785,exc_6PCT,4,4,2,0.25,0.0,0.75,True,1.1289953425422612,125649.81171779952,0.25,0.989,1.4560851072023755
864691135969155173,exc_6PCT,8,8,0,0.5,0.0,0.5,True,0.8271885563460268,107494.33524990284,0.25,0.024,-2.327430837616056
864691136012075683,exc_6PCT,3,3,2,0.0,0.0,1.0,False,0.4075995018569341,7781.740821997807,0.6666666666666666,0.012,-1.9153088914415035
864691136032016827,exc_6PCT,3,3,1,0.0,0.6666666666666666,0.3333333333333333,True,0.6905522798864122,118648.81975550186,0.6666666666666666,0.084,-1.427996359569792
864691136123919654,exc_6PCT,8,8,2,0.0,0.125,0.875,True,0.8854218749981149,115279.9191134738,0.375,0.032,-2.0233547079269574
864691136195180108,exc_6PCT,5,5,1,0.2,0.4,0.4,True,0.7125109945656979,64483.471254273594,0.4,0.021,-2.480620588703242
864691136238646332,exc_6PCT,4,4,2,0.0,0.25,0.75,True,0.4701313731498203,71915.43852964217,0.5,0.023,-1.6908398890163296
864691136389869943,exc_6PCT,5,5,1,0.0,0.6,0.4,True,0.933032134834543,81108.59180649082,0.4,0.271,-0.5150115772055189
864691136391834495,exc_6PCT,4,4,2,0.0,0.25,0.75,True,0.8601415703266355,200592.60691646035,0.25,0.194,-0.7407351352924055
864691136579103764,exc_6PCT,13,13,2,0.07692307692307693,0.3076923076923077,0.6153846153846154,True,0.8876547919154352,60639.14541196732,0.3076923076923077,0.018,-2.1416974397912787
864691136843019374,exc_6PCT,3,3,1,0.0,1.0,0.0,False,0.003797769987217785,725.9358369344809,1.0,0.0,-4.497832033995012
864691136926560074,exc_6PCT,4,4,1,0.25,0.75,0.0,True,0.762270402595411,78729.16024218866,0.5,0.037,-2.0588372936636707
864691134885786874,inh_BC,3,3,2,0.0,0.3333333333333333,0.6666666666666666,True,1.1438705333024715,253898.21301548055,0.3333333333333333,0.888,1.019055923413653
864691135013694358,inh_BC,3,3,1,0.0,0.6666666666666666,0.3333333333333333,True,0.9062886012298778,100547.95068240847,0.3333333333333333,0.254,-0.5372888783728318
864691135118298845,inh_BC,18,18,1,0.16666666666666666,0.4444444444444444,0.3888888888888889,True,0.9346652491983722,88174.74455594493,0.2222222222222222,0.014,-2.340448229445117
864691135118806237,inh_BC,3,3,2,0.0,0.0,1.0,False,0.6691293202418083,184750.0931839462,0.6666666666666666,0.052,-2.0848345383249973
864691135119058397,inh_BC,10,10,2,0.0,0.4,0.6,True,0.9902708840148139,129769.2233095016,0.2,0.433,-0.31175970238602296
864691135133582496,inh_BC,4,4,2,0.25,0.25,0.5,True,0.592159836862332,63944.17630568804,0.5,0.004,-4.740138832417189
864691135136336153,inh_BC,9,9,2,0.3333333333333333,0.0,0.6666666666666666,True,0.9919224866902653,94336.24196434281,0.2222222222222222,0.422,-0.1321463276707991
864691135208635513,inh_BC,6,6,1,0.16666666666666666,0.5,0.3333333333333333,True,0.8353240282403793,129692.80569978688,0.5,0.011,-3.0525939387925356
864691135209162617,inh_BC,19,19,2,0.3157894736842105,0.3157894736842105,0.3684210526315789,True,0.9361663922761526,50232.90730916948,0.10526315789473684,0.037,-1.7212097330820204
864691135272287761,inh_BC,3,3,2,0.0,0.0,1.0,False,0.6278228034738721,59454.60947509287,0.6666666666666666,0.025,-2.7357356517292963
864691135273832977,inh_BC,4,4,1,0.25,0.5,0.25,True,1.003001493711549,83401.01593035695,0.25,0.516,0.040871072745608174
864691135276303589,inh_BC,4,4,1,0.0,0.5,0.5,True,0.7545722432853379,81339.32426751398,0.25,0.019,-2.624641238644869
864691135278830241,inh_BC,4,4,2,0.0,0.0,1.0,False,0.6578630091174117,149379.00528844903,0.5,0.006,-2.776750208434576
864691135292450998,inh_BC,4,4,2,0.0,0.0,1.0,False,0.9173965145799479,172355.31512016448,0.5,0.169,-0.7991325313531588
864691135293072822,inh_BC,3,3,2,0.0,0.0,1.0,False,0.010401103180914936,3546.598794929732,1.0,0.0,-5.602425669459662
864691135294152460,inh_BC,3,3,2,0.0,0.0,1.0,False,0.022169441764924382,7557.055295084516,1.0,0.0,-5.34882224793106
864691135304718247,inh_BC,3,3,1,0.0,0.6666666666666666,0.3333333333333333,True,0.8903239173538345,158766.39983110645,0.3333333333333333,0.141,-0.9445163568095668
864691135342302405,inh_BC,17,17,2,0.35294117647058826,0.11764705882352941,0.5294117647058824,True,0.9820730555277877,103171.6183571389,0.17647058823529413,0.265,-0.5939365754600536
864691135355461583,inh_BC,3,3,2,0.0,0.0,1.0,False,0.15378522699795713,20080.20740038935,0.6666666666666666,0.0,-6.193288192841916
864691135356379087,inh_BC,5,5,0,0.8,0.0,0.2,True,0.5150774956069238,14604.986749009771,0.8,0.0,-3.4284491461370656
864691135360079448,inh_BC,3,3,2,0.0,0.3333333333333333,0.6666666666666666,True,0.9794731159690052,152723.02111669563,0.3333333333333333,0.382,0.18860821790969332
864691135360165191,inh_BC,4,4,1,0.25,0.75,0.0,True,0.8995893278878325,73780.79442848846,0.25,0.142,-0.9492576626104969
864691135361430087,inh_BC,4,4,2,0.0,0.0,1.0,False,0.9593427058009509,112819.95349526481,0.25,0.299,-0.3825959572819892
864691135383880410,inh_BC,3,3,1,0.0,1.0,0.0,False,0.7001971740901755,155625.00061153818,0.6666666666666666,0.074,-2.1822614976904835
864691135397455649,inh_BC,3,3,0,0.6666666666666666,0.3333333333333333,0.0,True,0.6792094570314798,69704.50689752137,0.6666666666666666,0.032,-1.9496762854234775
864691135397620769,inh_BC,3,3,2,0.0,0.3333333333333333,0.6666666666666666,True,0.7581404659904198,146072.20230631306,0.6666666666666666,0.113,-1.7241770213981822
864691135397915937,inh_BC,3,3,2,0.0,0.3333333333333333,0.6666666666666666,True,0.9950023911123099,139116.4081029758,0.3333333333333333,0.478,0.25347023217683234
864691135397928737,inh_BC,5,5,2,0.0,0.2,0.8,True,1.0807318628021276,141673.53775930533,0.2,0.96,1.3895789736926778
864691135407676361,inh_BC,5,5,2,0.0,0.0,1.0,False,0.6539830472719552,91036.39378519577,0.6,0.002,-4.69533504909016
864691135408808649,inh_BC,4,4,2,0.0,0.0,1.0,False,0.9798092440555886,210944.3300887357,0.25,0.361,0.05640198930768872
864691135446894482,inh_BC,3,3,2,0.0,0.0,1.0,False,0.9123462870679581,134024.585110483,0.3333333333333333,0.228,-0.41578780734261556
864691135446951570,inh_BC,3,3,2,0.0,0.3333333333333333,0.6666666666666666,True,1.039099964522263,122333.50977003197,0.3333333333333333,0.767,0.5993563520901107
864691135447052690,inh_BC,4,4,2,0.0,0.0,1.0,False,0.8440147360245679,169402.28908553135,0.5,0.068,-1.5554965570660073
864691135455447658,inh_BC,4,4,2,0.0,0.25,0.75,True,0.773637992884089,121558.92743216355,0.5,0.022,-2.786104281773237
864691135469794130,inh_BC,4,4,2,0.0,0.25,0.75,True,0.858899829691768,111076.90782098107,0.25,0.074,-1.5784842142875473
864691135477514152,inh_BC,5,5,2,0.0,0.4,0.6,True,1.0318052557901205,88995.93681195007,0.2,0.681,0.5675101705593162
864691135488580666,inh_BC,3,3,2,0.0,0.0,1.0,False,0.7030547164884755,177024.85418212647,0.6666666666666666,0.056,-2.3281858406567966
864691135489467194,inh_BC,16,16,0,0.5,0.0625,0.4375,True,0.9645991792201296,58451.0290592291,0.1875,0.164,-0.9641182754900758
864691135495730320,inh_BC,6,6,1,0.0,0.6666666666666666,0.3333333333333333,True,0.8597467180402392,95945.14910486288,0.3333333333333333,0.04,-2.0468481406979735
864691135502902338,inh_BC,3,3,2,0.0,0.3333333333333333,0.6666666666666666,True,0.5182980100637777,135077.4978574744,0.6666666666666666,0.011,-2.983278757637882
864691135526056027,inh_BC,3,3,2,0.0,0.0,1.0,False,0.017951689315467007,1880.2501518829886,1.0,0.0,-6.690557088166258
864691135527474267,inh_BC,5,5,2,0.2,0.0,0.8,True,0.82901208055404,181477.3355196118,0.4,0.019,-1.8915527122877942
864691135561736161,inh_BC,3,3,1,0.0,0.6666666666666666,0.3333333333333333,True,0.8267595154011554,99196.97243269479,0.6666666666666666,0.105,-1.3766497457550237
864691135565047895,inh_BC,3,3,1,0.0,0.6666666666666666,0.3333333333333333,True,0.8688416307383293,130661.11967717145,0.6666666666666666,0.101,-1.0483043221974961
864691135570247814,inh_BC,4,4,0,0.5,0.0,0.5,True,0.6143375980612094,13344.853789006302,0.5,0.028,-1.8672908152925773
864691135570291590,inh_BC,3,3,2,0.0,0.0,1.0,False,1.059437061687247,193935.56770211985,0.3333333333333333,0.945,0.8643107331432784
864691135571293421,inh_BC,3,3,2,0.3333333333333333,0.0,0.6666666666666666,True,0.885105663260548,81858.64506339468,0.3333333333333333,0.117,-0.7729381563517083
864691135581550957,inh_BC,3,3,2,0.0,0.0,1.0,False,0.9918663184448197,198052.11576335583,0.3333333333333333,0.448,0.1533162682724166
864691135583032685,inh_BC,16,16,0,0.625,0.125,0.25,True,0.9266820494869779,50120.29932125736,0.25,0.04,-1.7524656028148526
864691135588058564,inh_BC,9,9,2,0.0,0.2222222222222222,0.7777777777777778,True,0.897991418092982,169240.91715698794,0.2222222222222222,0.015,-2.070203982198248
864691135594728747,inh_BC,5,5,1,0.0,0.6,0.4,True,0.8456960485752524,122544.39635216809,0.2,0.035,-2.1216351040279444
864691135615452619,inh_BC,3,3,2,0.0,0.0,1.0,False,1.0647271618042622,171815.69914825735,0.3333333333333333,0.859,0.8717011498026997
864691135617160809,inh_BC,3,3,2,0.3333333333333333,0.0,0.6666666666666666,True,0.7789154021940248,16858.56468926519,0.6666666666666666,0.194,-0.8783985292130289
864691135617319017,inh_BC,3,3,2,0.0,0.3333333333333333,0.6666666666666666,True,0.9385416051443273,145152.63749574358,0.3333333333333333,0.258,-0.39675300568570815
864691135659021954,inh_BC,6,6,2,0.0,0.3333333333333333,0.6666666666666666,True,0.9232572263777321,159753.05756149927,0.3333333333333333,0.107,-1.2931976488908556
864691135725804351,inh_BC,3,3,2,0.0,0.0,1.0,False,0.017526706095394473,5964.048497698338,1.0,0.001,-4.795261797565129
864691135726893887,inh_BC,4,4,0,0.5,0.0,0.5,True,0.702487047514877,75804.86749049865,0.5,0.011,-3.2614938952523045
864691135731185081,inh_BC,3,3,1,0.0,0.6666666666666666,0.3333333333333333,True,0.057276618854191406,9426.801344666106,0.6666666666666666,0.002,-6.714719152912239
864691135739816596,inh_BC,4,4,2,0.0,0.0,1.0,False,0.8049472284098569,243735.5735509065,0.5,0.066,-1.483549288976335
864691135740184427,inh_BC,3,3,1,0.0,0.6666666666666666,0.3333333333333333,True,0.9468024825240655,122917.1093077672,0.3333333333333333,0.315,-0.24419184298585356
864691135741431915,inh_BC,3,3,2,0.0,0.0,1.0,False,0.07840136585041137,13550.775581245807,1.0,0.001,-7.7327560079880815
864691135750124073,inh_BC,3,3,1,0.0,0.6666666666666666,0.3333333333333333,True,0.7260057518221372,61192.226652077305,0.3333333333333333,0.053,-1.6138873625797567
864691135763053622,inh_BC,4,4,2,0.0,0.25,0.75,True,0.8514431997322932,126783.67220224212,0.5,0.087,-1.5578415214192272
864691135772605259,inh_BC,4,4,2,0.25,0.0,0.75,True,0.7950481863955535,107820.05686977725,0.5,0.024,-2.2871597974538957
864691135777903968,inh_BC,5,5,2,0.2,0.2,0.6,True,0.9661784420992996,100188.0979434567,0.2,0.311,-0.33760547322855017
864691135778288573,inh_BC,5,5,2,0.0,0.0,1.0,False,0.7535720812802348,93317.16460023541,0.4,0.015,-3.084744390722418
864691135786632132,inh_BC,5,5,2,0.0,0.0,1.0,False,1.0985824225603278,194324.9043363138,0.2,0.854,0.9859148755705763
864691135855570734,inh_BC,3,3,2,0.0,0.0,1.0,False,0.709264016114634,116373.99354232191,0.6666666666666666,0.09,-1.8181904547936845
864691135860270952,inh_BC,5,5,1,0.2,0.4,0.4,True,0.8360985742689454,54159.20945749221,0.4,0.037,-1.9024260648884161
864691135860313960,inh_BC,10,10,2,0.0,0.1,0.9,True,0.9632086220974062,108059.95925985444,0.2,0.168,-0.8911835064701487
864691135864857214,inh_BC,3,3,2,0.0,0.0,1.0,False,0.024949466976951835,6638.828177970553,1.0,0.0,-7.429960707878509
864691135877342291,inh_BC,3,3,2,0.3333333333333333,0.0,0.6666666666666666,True,1.0592748947772308,143191.92729665805,0.3333333333333333,0.794,0.8033705278269926
864691135938508853,inh_BC,3,3,2,0.0,0.0,1.0,False,1.0861725180014254,146080.6486240813,0.3333333333333333,0.881,1.0486268006761061
864691135947145252,inh_BC,3,3,0,0.3333333333333333,0.3333333333333333,0.3333333333333333,True,0.992471775418711,89878.98184930424,0.3333333333333333,0.471,0.10428563413856302
864691135969350245,inh_BC,14,14,2,0.07142857142857142,0.0,0.9285714285714286,True,0.8734342127347083,115745.54607563175,0.2857142857142857,0.0,-4.334547548960706
864691135970210661,inh_BC,3,3,1,0.0,0.6666666666666666,0.3333333333333333,True,0.6896099741151112,64622.519218345515,0.6666666666666666,0.034,-1.8386613163012862
864691135975377263,inh_BC,4,4,2,0.0,0.25,0.75,True,0.8091553961041484,145506.16543542166,0.5,0.05,-2.121896790258721
864691135975702127,inh_BC,8,8,2,0.125,0.125,0.75,True,0.9788204819880015,114927.8746756953,0.125,0.382,-0.3974944972927949
864691136012379811,inh_BC,3,3,2,0.0,0.0,1.0,False,1.0786619587326138,147080.5397848859,0.3333333333333333,0.96,0.9973629139868764
864691136032100539,inh_BC,3,3,1,0.0,0.6666666666666666,0.3333333333333333,True,0.9103195684154652,48019.36714480505,0.6666666666666666,0.209,-0.7983484099188483
864691136040338174,inh_BC,3,3,2,0.0,0.0,1.0,False,0.9506704418536575,105535.81347807788,0.3333333333333333,0.372,-0.06316358765746566
864691136065993624,inh_BC,4,4,2,0.25,0.0,0.75,True,1.0992510166929252,172789.96794056913,0.25,1.0,1.6107618753889357
864691136089952567,inh_BC,4,4,2,0.25,0.25,0.5,True,0.8715062002091718,51910.44438195307,0.25,0.087,-1.3466887302112898
864691136090303799,inh_BC,3,3,2,0.0,0.3333333333333333,0.6666666666666666,True,0.5812964231104623,74372.69026137558,0.6666666666666666,0.023,-3.1850827694190817
864691136092196788,inh_BC,3,3,1,0.0,0.6666666666666666,0.3333333333333333,True,0.8183692603555994,160852.1788414156,0.3333333333333333,0.068,-1.4475659069052396
864691136100899189,inh_BC,4,4,2,0.0,0.0,1.0,False,0.493786111913847,83393.86215747973,0.75,0.001,-5.779208589828947
864691136106261977,inh_BC,3,3,2,0.3333333333333333,0.0,0.6666666666666666,True,0.9844269160808862,115855.06141689124,0.3333333333333333,0.388,0.08433802336906901
864691136106520793,inh_BC,5,5,0,0.4,0.2,0.4,True,0.9963759725217627,74377.94436157115,0.4,0.483,0.035803592283199466
864691136117766052,inh_BC,3,3,1,0.0,0.6666666666666666,0.3333333333333333,True,1.145004922097917,82728.86822307909,0.3333333333333333,0.962,1.465096062153288
864691136119505176,inh_BC,4,4,2,0.0,0.0,1.0,False,0.8763489051876587,171061.6217627877,0.5,0.089,-1.2685579461459862
864691136119799064,inh_BC,9,9,0,0.5555555555555556,0.2222222222222222,0.2222222222222222,True,0.8400771187322021,81921.38549875245,0.4444444444444444,0.002,-3.7710195829158755
864691136136628861,inh_BC,4,4,2,0.0,0.0,1.0,False,0.7897606995917081,96508.759528659,0.5,0.033,-2.2545588251433397
864691136175643398,inh_BC,3,3,2,0.0,0.0,1.0,False,0.30624840063584735,62779.86775629248,1.0,0.0,-6.150054354121349
864691136195185996,inh_BC,3,3,2,0.0,0.0,1.0,False,0.6410599174576496,143185.66884202286,0.6666666666666666,0.031,-2.848536093405374
864691136195414230,inh_BC,4,4,0,0.5,0.25,0.25,True,0.6576050224006103,20028.183198165836,0.5,0.019,-2.1385083958619764
864691136228444497,inh_BC,9,9,2,0.2222222222222222,0.1111111111111111,0.6666666666666666,True,0.8274725697153714,100363.83589383647,0.3333333333333333,0.002,-2.2102229112663125
864691136274054590,inh_BC,5,5,2,0.2,0.0,0.8,True,0.8880559447624862,95717.22354757313,0.4,0.074,-1.531056135344385
864691136275034637,inh_BC,3,3,2,0.0,0.0,1.0,False,0.690694396084166,120210.01851374393,0.6666666666666666,0.035,-2.5002448527771888
864691136311256154,inh_BC,4,4,2,0.0,0.25,0.75,True,0.9139842673380937,136871.62770018054,0.25,0.206,-0.7667306016295229
864691136328896234,inh_BC,4,4,0,0.5,0.0,0.5,True,0.8966213873258227,114395.19964090303,0.5,0.099,-1.2473621924435778
864691136330072042,inh_BC,3,3,2,0.0,0.0,1.0,False,0.6664172585181839,92310.95148269186,0.6666666666666666,0.028,-2.045315060341384
864691136330246634,inh_BC,9,9,2,0.3333333333333333,0.2222222222222222,0.4444444444444444,True,0.9278752293690447,69200.79930955567,0.2222222222222222,0.085,-1.3513403238055204
864691136362609634,inh_BC,3,3,2,0.0,0.3333333333333333,0.6666666666666666,True,0.28763093936681394,24313.747232658952,0.6666666666666666,0.007,-4.030954050113666
864691136363241954,inh_BC,4,4,2,0.0,0.0,1.0,False,0.4761036446764636,126300.6602185659,0.75,0.0,-4.77680565623019
864691136371836040,inh_BC,3,3,2,0.0,0.3333333333333333,0.6666666666666666,True,0.5770775065237044,90247.21352584091,0.6666666666666666,0.006,-3.360385705067857
864691136389735287,inh_BC,6,6,1,0.0,0.5,0.5,True,0.9510466069362437,111289.11039399382,0.3333333333333333,0.201,-0.7093316062842447
864691136390368895,inh_BC,3,3,2,0.3333333333333333,0.0,0.6666666666666666,True,0.84879567473441,85275.54997640954,0.3333333333333333,0.076,-1.3129207783382633
864691136390701695,inh_BC,4,4,2,0.0,0.0,1.0,False,0.9359463799921717,108185.15814815629,0.25,0.232,-0.5341787766237944
864691136418619031,inh_BC,3,3,2,0.0,0.0,1.0,False,0.9385500338912557,130155.34209867695,0.3333333333333333,0.327,-0.06817100163779409
864691136423871791,inh_BC,3,3,1,0.0,1.0,0.0,False,0.5965098568196886,93119.1982599026,0.6666666666666666,0.036,-3.669188977420953
864691136443801219,inh_BC,4,4,1,0.0,0.75,0.25,True,0.4903126773646965,110936.95959431834,0.75,0.0,-5.456169382143427
864691136452301055,inh_BC,8,8,2,0.25,0.25,0.5,True,1.060832801022339,46270.68148843494,0.375,0.817,0.9336269785065416
864691136487474962,inh_BC,3,3,2,0.0,0.3333333333333333,0.6666666666666666,True,0.9202119939977009,108202.24416983145,0.3333333333333333,0.145,-0.5562418116792335
864691136521573777,inh_BC,4,4,2,0.0,0.0,1.0,False,0.9581009614405729,103720.3331562497,0.5,0.326,-0.2984589018758368
864691136522768017,inh_BC,3,3,2,0.0,0.0,1.0,False,0.5849893948599124,55305.946920149065,0.6666666666666666,0.011,-3.0553894122421132
864691136578529812,inh_BC,7,7,0,0.5714285714285714,0.14285714285714285,0.2857142857142857,True,0.9225067464538521,60362.827805461195,0.2857142857142857,0.125,-1.1550392008817583
864691136618688141,inh_BC,4,4,1,0.25,0.5,0.25,True,0.9909834310372628,81382.3038249192,0.25,0.453,0.02371331011066337
864691136673233287,inh_BC,3,3,2,0.0,0.0,1.0,False,0.0034476596695890787,918.5760745897423,1.0,0.0,-7.551852607312413
864691136674259591,inh_BC,8,8,2,0.125,0.0,0.875,True,0.827285320660984,123188.91692121631,0.375,0.005,-3.5164507321423883
864691136674268807,inh_BC,5,5,0,0.4,0.2,0.4,True,0.8983971377275111,75610.40439382417,0.2,0.068,-1.4626455626542694
864691136716448110,inh_BC,3,3,0,0.6666666666666666,0.0,0.3333333333333333,True,1.0045667153310451,69719.63154918999,0.6666666666666666,0.526,0.08108382366962037
864691136723476989,inh_BC,3,3,2,0.0,0.3333333333333333,0.6666666666666666,True,0.6732008292538872,104835.22799831489,0.6666666666666666,0.023,-2.3500339577372693
864691136813283443,inh_BC,9,9,0,1.0,0.0,0.0,False,0.6786870541955329,14568.040091080384,0.4444444444444444,0.002,-2.682707948705311
864691136923486948,inh_BC,3,3,2,0.0,0.3333333333333333,0.6666666666666666,True,1.05224596594141,237275.8223816155,0.3333333333333333,0.852,0.7427628540186532
864691137021166702,inh_BC,5,5,2,0.0,0.2,0.8,True,0.7501174762138191,85960.10126407933,0.4,0.011,-3.1891976340317933
864691137196921665,inh_BC,5,5,2,0.2,0.2,0.6,True,1.0622740118697507,109388.93254778425,0.2,0.865,0.9960602050716685
864691134886151674,inh_BC_2,16,16,2,0.25,0.25,0.5,True,0.9783097432909803,100438.63046936387,0.25,0.226,-0.7326678206566689
864691134917389066,inh_BC_2,3,3,2,0.0,0.0,1.0,False,0.9930759709576004,171012.07090886755,0.3333333333333333,0.462,0.2263062841081715
864691134940952419,inh_BC_2,3,3,2,0.0,0.3333333333333333,0.6666666666666666,True,1.0435639676670512,88905.59137676253,0.3333333333333333,0.726,0.6350040029327486
864691135014050806,inh_BC_2,7,7,1,0.0,0.7142857142857143,0.2857142857142857,True,0.9192269881625118,49654.92957111598,0.5714285714285714,0.126,-1.1085244161093104
864691135101143584,inh_BC_2,13,13,2,0.15384615384615385,0.07692307692307693,0.7692307692307693,True,1.026232390586765,99131.85803215942,0.15384615384615385,0.798,0.8338427500467518
864691135105337421,inh_BC_2,10,10,0,0.7,0.1,0.2,True,0.9360723532784887,47999.053534982995,0.3,0.138,-1.0921432620408174
864691135122463015,inh_BC_2,5,5,2,0.0,0.4,0.6,True,0.941642703082824,147252.10240502204,0.2,0.167,-0.8201272532352339
864691135234071641,inh_BC_2,3,3,2,0.0,0.0,1.0,False,1.1112672949044722,299043.27343756286,0.3333333333333333,0.926,1.2041214999693381
864691135234074969,inh_BC_2,5,5,2,0.0,0.0,1.0,False,0.9916203170718911,139479.07572457785,0.4,0.461,0.09309507735190285
864691135256184239,inh_BC_2,8,8,2,0.125,0.375,0.5,True,1.018118669403601,108847.59485537035,0.375,0.655,0.47910502688225254
864691135272287761,inh_BC_2,8,8,2,0.0,0.25,0.75,True,1.025979987783118,159948.23243759875,0.125,0.761,0.7293189982783598
864691135274283237,inh_BC_2,4,4,2,0.0,0.0,1.0,False,0.9614659335950158,191719.78400620536,0.25,0.243,-0.3368503394916607
864691135275932389,inh_BC_2,8,8,2,0.0,0.25,0.75,True,0.9624900956231816,166742.92439830975,0.125,0.209,-0.7822593598655818
864691135275983589,inh_BC_2,8,8,0,0.5,0.125,0.375,True,1.0468949248306365,56768.57448379543,0.375,0.755,0.7085732845281991
864691135293265846,inh_BC_2,3,3,1,0.0,0.6666666666666666,0.3333333333333333,True,0.7141249900128454,79473.02624246677,0.6666666666666666,0.049,-1.9486726177388225
864691135304300199,inh_BC_2,3,3,2,0.0,0.0,1.0,False,0.6696743068259321,122356.13371791004,0.6666666666666666,0.037,-2.7819874806596996
864691135304718247,inh_BC_2,4,4,2,0.0,0.0,1.0,False,1.0955240893451612,251792.3252190929,0.5,0.916,1.2318339948654409
864691135323991452,inh_BC_2,3,3,2,0.0,0.0,1.0,False,0.6240124454221266,105677.21030924958,0.6666666666666666,0.019,-2.80461486954459
864691135339171302,inh_BC_2,6,6,1,0.0,0.6666666666666666,0.3333333333333333,True,0.9109102477987211,74500.89171469458,0.3333333333333333,0.117,-1.098788740521702
864691135359539032,inh_BC_2,3,3,2,0.0,0.3333333333333333,0.6666666666666666,True,1.011315117516042,95421.2150496522,0.3333333333333333,0.558,0.25072758216067376
864691135360079448,inh_BC_2,10,10,2,0.0,0.1,0.9,True,1.0239586600971522,131501.60254890964,0.2,0.771,0.7373832279623179
864691135373733832,inh_BC_2,6,6,2,0.0,0.3333333333333333,0.6666666666666666,True,0.9776269990384877,161449.05044004708,0.3333333333333333,0.332,-0.2951593816521515
864691135373892296,inh_BC_2,4,4,2,0.0,0.0,1.0,False,0.8438630299143597,168176.12166298032,0.5,0.071,-1.6550873323719217
864691135374806728,inh_BC_2,3,3,2,0.0,0.0,1.0,False,0.0379824843703717,5611.150784630106,1.0,0.0,-7.641773911418739
864691135416735418,inh_BC_2,3,3,2,0.0,0.0,1.0,False,1.018002697791952,122603.4756523408,0.3333333333333333,0.637,0.4940514292138824
864691135430156592,inh_BC_2,4,4,2,0.0,0.25,0.75,True,0.760684693374478,155779.95508581132,0.5,0.016,-2.9102476446450645
864691135432526322,inh_BC_2,3,3,0,1.0,0.0,0.0,False,0.050807803900469926,1294.6995356127234,1.0,0.001,-3.6839515424342815
864691135446894482,inh_BC_2,4,4,2,0.0,0.0,1.0,False,0.8895362290495502,141282.48648716393,0.5,0.159,-1.1634348442986902
864691135447057042,inh_BC_2,5,5,2,0.0,0.4,0.6,True,1.022533896588174,72977.50548213729,0.2,0.621,0.3578885329873128
864691135455096682,inh_BC_2,6,6,2,0.0,0.0,1.0,False,1.063330450433331,155589.61782200326,0.5,0.945,1.3084595450022418
864691135463787326,inh_BC_2,4,4,2,0.0,0.25,0.75,True,1.0800760341745228,139814.5368146492,0.25,0.923,1.196510166723486
864691135477007528,inh_BC_2,3,3,2,0.0,0.0,1.0,False,0.7014972606875266,110863.5864745933,0.6666666666666666,0.045,-2.477658381657479
864691135488482546,inh_BC_2,5,5,2,0.0,0.0,1.0,False,0.9899376766474101,199347.9824661551,0.2,0.421,0.0029835705417132984
864691135488593722,inh_BC_2,3,3,2,0.0,0.3333333333333333,0.6666666666666666,True,0.8649502417205288,98258.92080987316,0.6666666666666666,0.153,-1.0937029170601378
864691135502774109,inh_BC_2,3,3,2,0.0,0.0,1.0,False,0.006725042871137286,932.3447531837616,1.0,0.0,-7.7999589824349895
864691135526056027,inh_BC_2,7,7,2,0.0,0.2857142857142857,0.7142857142857143,True,1.0079011149197132,197886.87097485916,0.14285714285714285,0.586,0.3280846844011838
864691135526462811,inh_BC_2,3,3,2,0.0,0.3333333333333333,0.6666666666666666,True,0.8015019903847799,186011.64149459716,0.3333333333333333,0.11,-1.5294462698601807
864691135545109800,inh_BC_2,4,4,1,0.0,0.5,0.5,True,0.40171015678717126,56057.965552322836,0.5,0.0,-7.277044494377715
864691135578098949,inh_BC_2,4,4,2,0.0,0.25,0.75,True,0.847254569062596,291069.2848138329,0.5,0.085,-1.370156971020318
864691135582975597,inh_BC_2,3,3,1,0.3333333333333333,0.6666666666666666,0.0,True,0.9906475794501066,133406.2664722023,0.3333333333333333,0.454,0.04486379419194399
864691135583032685,inh_BC_2,4,4,2,0.0,0.0,1.0,False,1.0139897264798732,111015.02125212834,0.25,0.57,0.2875633908501978
864691135583959160,inh_BC_2,5,5,1,0.2,0.4,0.4,True,0.8973592818491795,85158.85036493475,0.4,0.099,-1.2778395843914747
864691135587126002,inh_BC_2,3,3,0,0.6666666666666666,0.3333333333333333,0.0,True,0.6311268623329719,16227.220498778863,0.6666666666666666,0.069,-1.4755925011775146
864691135588058564,inh_BC_2,4,4,2,0.0,0.0,1.0,False,0.9291232218613354,166595.56236281063,0.25,0.135,-0.7775770423588756
864691135593832491,inh_BC_2,3,3,2,0.0,0.0,1.0,False,0.027700388606191614,8755.844337518443,1.0,0.0,-8.288843842159833
864691135616901481,inh_BC_2,3,3,2,0.0,0.0,1.0,False,0.729091841455832,174665.63835177678,0.6666666666666666,0.106,-1.981789731679065
864691135617348969,inh_BC_2,3,3,2,0.0,0.3333333333333333,0.6666666666666666,True,0.9851181125625222,148064.63246877264,0.3333333333333333,0.404,0.18206514671003657
864691135659021954,inh_BC_2,3,3,2,0.0,0.0,1.0,False,0.023371851709927335,4153.284810409376,1.0,0.0,-8.581350586413151
864691135662673604,inh_BC_2,10,10,1,0.0,0.5,0.5,True,0.9795034241792143,93864.9660784066,0.3,0.312,-0.40006296381649764
864691135663726020,inh_BC_2,4,4,2,0.0,0.0,1.0,False,1.0084839069707188,168053.46799671595,0.5,0.542,0.2685680256306938
864691135675330756,inh_BC_2,13,13,2,0.0,0.15384615384615385,0.8461538461538461,True,0.8765057336315167,195890.80075489645,0.23076923076923078,0.002,-3.757140679757145
864691135685202359,inh_BC_2,5,5,2,0.0,0.0,1.0,False,0.8897314819408866,138689.88976065285,0.4,0.074,-1.542725183782369
864691135696957082,inh_BC_2,3,3,1,0.0,0.6666666666666666,0.3333333333333333,True,0.7522688442028167,56685.053640600876,0.3333333333333333,0.091,-1.511988493680691
864691135699487522,inh_BC_2,3,3,2,0.0,0.3333333333333333,0.6666666666666666,True,1.0053699487347565,203087.38160866298,0.3333333333333333,0.553,0.35928487151755417
864691135716412442,inh_BC_2,10,10,2,0.3,0.1,0.6,True,1.0246441514800761,124562.15698781403,0.1,0.769,0.7319999680039964
864691135724945835,inh_BC_2,4,4,2,0.25,0.25,0.5,True,1.0081186662901547,77049.21996340902,0.25,0.539,0.13907316771279996
864691135754523853,inh_BC_2,3,3,2,0.0,0.0,1.0,False,1.0473214635836177,106469.68896954165,0.3333333333333333,0.765,0.6436025138509923
864691135773229307,inh_BC_2,6,6,2,0.16666666666666666,0.0,0.8333333333333334,True,0.9324815080612685,117670.60234036324,0.3333333333333333,0.117,-1.1157220982815323
864691135781991504,inh_BC_2,3,3,0,0.3333333333333333,0.3333333333333333,0.3333333333333333,True,1.0182419729148542,112929.07053019169,0.3333333333333333,0.611,0.370390687778397
864691135782702387,inh_BC_2,3,3,1,0.0,0.6666666666666666,0.3333333333333333,True,1.0286877846869276,128081.56898341615,0.3333333333333333,0.672,0.43774791099060434
864691135785295812,inh_BC_2,4,4,2,0.25,0.0,0.75,True,0.926369888430403,149115.7911357626,0.25,0.165,-0.8563653806518491
864691135800714850,inh_BC_2,6,6,2,0.0,0.3333333333333333,0.6666666666666666,True,0.9840928452028183,179391.1685725921,0.16666666666666666,0.379,-0.2462297995847338
864691135800738146,inh_BC_2,3,3,2,0.3333333333333333,0.0,0.6666666666666666,True,0.985246879582729,45140.621504466944,0.3333333333333333,0.462,-0.027130231689173695
864691135800939362,inh_BC_2,6,6,0,0.3333333333333333,0.3333333333333333,0.3333333333333333,True,0.9728244300963885,67046.24582482628,0.3333333333333333,0.351,-0.2880214075462579
864691135801046882,inh_BC_2,6,6,2,0.0,0.16666666666666666,0.8333333333333334,True,0.9452305039700998,138799.46911552871,0.16666666666666666,0.172,-0.8612003627327252
864691135807191069,inh_BC_2,8,8,0,0.5,0.125,0.375,True,0.8404302471394803,70129.29610198906,0.5,0.002,-3.122914747769456
864691135808495901,inh_BC_2,7,7,2,0.0,0.14285714285714285,0.8571428571428571,True,0.9543225871123111,184700.61515678364,0.2857142857142857,0.206,-0.7982180261177688
864691135841479139,inh_BC_2,13,13,1,0.23076923076923078,0.46153846153846156,0.3076923076923077,True,0.8990101571771705,44634.39190968823,0.15384615384615385,0.018,-1.9753695869739647
864691135850409671,inh_BC_2,3,3,2,0.0,0.0,1.0,False,0.5879877106845136,93173.00545969773,0.6666666666666666,0.004,-3.6091573018499736
864691135851901639,inh_BC_2,5,5,2,0.0,0.0,1.0,False,0.5567128926847017,119073.96804606091,0.4,0.0,-6.77314570393703
864691135858920040,inh_BC_2,3,3,2,0.0,0.3333333333333333,0.6666666666666666,True,1.1232961944273758,274490.81648483174,0.3333333333333333,0.92,1.187592794978917
864691135860143720,inh_BC_2,6,6,2,0.0,0.0,1.0,False,0.49522724698450027,49803.557905322945,0.8333333333333334,0.0,-7.811340253177456
864691135864977884,inh_BC_2,4,4,2,0.0,0.0,1.0,False,0.9001050269560923,224068.8616757701,0.5,0.135,-1.1173166268762813
864691135865779932,inh_BC_2,3,3,2,0.0,0.3333333333333333,0.6666666666666666,True,0.7891490863031185,196770.07070970803,0.6666666666666666,0.087,-1.5821959923641271
864691135866162908,inh_BC_2,14,14,1,0.07142857142857142,0.5,0.42857142857142855,True,0.986710970873662,98816.83077471123,0.14285714285714285,0.346,-0.41645105713178004
864691135877159251,inh_BC_2,5,5,1,0.2,0.4,0.4,True,0.8328854588305632,132684.6605992348,0.4,0.024,-2.4836739163215915
864691135884159344,inh_BC_2,3,3,0,0.6666666666666666,0.0,0.3333333333333333,True,0.9742176466628517,70873.56566925351,0.6666666666666666,0.398,-0.2471914495161552
864691135885246320,inh_BC_2,3,3,2,0.0,0.0,1.0,False,1.0754923780995895,212779.33447222356,0.3333333333333333,0.79,0.6710298536878123
864691135888467593,inh_BC_2,3,3,2,0.0,0.3333333333333333,0.6666666666666666,True,0.930316499810772,114484.75236308166,0.3333333333333333,0.263,-0.3866910812274473
864691135938503684,inh_BC_2,12,12,0,0.6666666666666666,0.3333333333333333,0.0,True,0.7475223101206339,31602.132280944694,0.4166666666666667,0.0,-3.7153463123115773
864691135941190004,inh_BC_2,5,5,2,0.0,0.4,0.6,True,0.7794234216141614,102449.37838107531,0.4,0.011,-3.178743040404589
864691135947120993,inh_BC_2,3,3,2,0.0,0.0,1.0,False,0.9682519274222517,225763.09934874205,0.3333333333333333,0.307,-0.006812610415501471
864691135974639727,inh_BC_2,5,5,2,0.0,0.4,0.6,True,0.9333576787839617,151169.54216356325,0.2,0.17,-0.8713621632997735
864691135975702127,inh_BC_2,7,7,0,0.42857142857142855,0.14285714285714285,0.42857142857142855,True,1.0102118419757211,71646.23088464973,0.2857142857142857,0.58,0.2358479616255836
864691135976041283,inh_BC_2,6,6,2,0.16666666666666666,0.16666666666666666,0.6666666666666666,True,1.007517079301081,91672.76884572503,0.16666666666666666,0.563,0.23036147069886198
864691135988487171,inh_BC_2,3,3,2,0.0,0.3333333333333333,0.6666666666666666,True,0.9536520975681967,98415.41849214939,0.3333333333333333,0.31,-0.20888105980131783
864691135988668928,inh_BC_2,3,3,2,0.0,0.0,1.0,False,1.0833673893717157,323532.27175637404,0.3333333333333333,0.893,0.8955356370548444
864691135991486145,inh_BC_2,3,3,1,0.0,1.0,0.0,False,0.5717647079131046,146628.0134395873,0.6666666666666666,0.002,-4.067480533901758
864691136001642954,inh_BC_2,3,3,0,0.3333333333333333,0.3333333333333333,0.3333333333333333,True,1.1009773005987011,80489.21167032003,0.3333333333333333,0.849,1.097250152611179
864691136009890476,inh_BC_2,12,12,2,0.25,0.08333333333333333,0.6666666666666666,True,0.9268038914139114,101449.87676900359,0.16666666666666666,0.025,-2.099224393540813
864691136021841400,inh_BC_2,3,3,1,0.0,0.6666666666666666,0.3333333333333333,True,0.7775516380998007,170158.86252183965,0.6666666666666666,0.093,-1.8930602380325119
864691136024816953,inh_BC_2,3,3,2,0.0,0.3333333333333333,0.6666666666666666,True,1.038379119923375,176625.0337676845,0.3333333333333333,0.749,0.6399090977454558
864691136039763966,inh_BC_2,4,4,1,0.25,0.5,0.25,True,1.056479466963704,43632.21657450399,0.25,0.659,0.4635791135401319
864691136039835134,inh_BC_2,7,7,1,0.14285714285714285,0.5714285714285714,0.2857142857142857,True,0.6859000696978598,43134.9430819825,0.5714285714285714,0.0,-4.452813263356392
864691136101157749,inh_BC_2,7,7,0,0.5714285714285714,0.2857142857142857,0.14285714285714285,True,0.7154210918234888,33453.08420151534,0.42857142857142855,0.001,-3.5505154529240017
864691136119799064,inh_BC_2,3,3,2,0.0,0.3333333333333333,0.6666666666666666,True,0.9524682290436941,151100.44381354775,0.3333333333333333,0.267,-0.12310256099668528
864691136123993382,inh_BC_2,3,3,2,0.0,0.3333333333333333,0.6666666666666666,True,0.5610140441764786,142444.51545742012,0.6666666666666666,0.017,-3.3180359342489925
864691136134710411,inh_BC_2,9,9,1,0.0,0.5555555555555556,0.4444444444444444,True,0.871786814378286,60738.09024948055,0.4444444444444444,0.006,-2.4596071223647624
864691136135667595,inh_BC_2,7,7,2,0.0,0.0,1.0,False,0.29677856399073943,81120.67340251047,0.8571428571428571,0.0,-12.998870165263861
864691136136647805,inh_BC_2,15,15,2,0.2,0.2,0.6,True,0.9202818595968922,107412.74275050488,0.13333333333333333,0.004,-2.802031132922932
864691136144614196,inh_BC_2,3,3,2,0.0,0.0,1.0,False,0.5130085792619542,100760.12622437575,1.0,0.001,-4.549786108324574
864691136228444497,inh_BC_2,8,8,2,0.0,0.25,0.75,True,0.889021083799025,185405.40925725008,0.375,0.019,-2.106186665876046
864691136228447569,inh_BC_2,27,27,2,0.3333333333333333,0.25925925925925924,0.4074074074074074,True,0.9819494172118272,104611.90517804095,0.1111111111111111,0.211,-0.8307476346349847
864691136267685364,inh_BC_2,4,4,1,0.0,0.5,0.5,True,1.0271885240123437,98260.1754565402,0.25,0.644,0.48285367689868747
864691136287626179,inh_BC_2,5,5,2,0.0,0.2,0.8,True,0.7292147144185207,128410.15392162942,0.6,0.009,-3.827787501274441
864691136297843739,inh_BC_2,5,5,2,0.2,0.2,0.6,True,0.8593258873608054,114724.82127221678,0.2,0.016,-1.8212765420118768
864691136310184538,inh_BC_2,11,11,2,0.0,0.0,1.0,False,0.9568896140989973,203344.42897573128,0.18181818181818182,0.102,-1.1778914193973862
864691136310887002,inh_BC_2,4,4,2,0.0,0.25,0.75,True,0.86956945545243,230109.95267079375,0.25,0.146,-1.138253684019259
864691136311213914,inh_BC_2,5,5,1,0.2,0.8,0.0,True,0.7462021101787055,37122.18663945507,0.6,0.026,-2.161211461679633
864691136329080554,inh_BC_2,4,4,2,0.0,0.0,1.0,False,0.9177567426040898,172042.5379394422,0.25,0.158,-0.9260098544556195
864691136371073416,inh_BC_2,3,3,2,0.0,0.3333333333333333,0.6666666666666666,True,1.1773085089893451,87667.0499344468,0.3333333333333333,0.975,1.473368901238593
864691136379256277,inh_BC_2,4,4,1,0.0,0.5,0.5,True,1.0242274158710627,141285.2622697605,0.25,0.693,0.5600969909060222
864691136379793877,inh_BC_2,3,3,2,0.0,0.0,1.0,False,0.016349397392682753,4458.5067177754545,1.0,0.0,-7.940507847201587
864691136380291797,inh_BC_2,3,3,2,0.0,0.0,1.0,False,0.6805559270279308,142178.01559314516,0.6666666666666666,0.02,-2.656945516447262
864691136389735287,inh_BC_2,6,6,2,0.0,0.0,1.0,False,0.8269702612414095,107050.25065361592,0.3333333333333333,0.005,-2.5421768076617117
864691136418768023,inh_BC_2,3,3,1,0.3333333333333333,0.6666666666666666,0.0,True,1.0465556347517417,86728.35602980164,0.3333333333333333,0.712,0.5567647292865309
864691136424289839,inh_BC_2,4,4,1,0.0,0.5,0.5,True,0.9521704417406879,84972.12161061513,0.25,0.329,-0.298351555733801
864691136436373918,inh_BC_2,8,8,2,0.375,0.0,0.625,True,0.3962155784626587,77388.50916685897,0.5,0.0,-10.204036601350955
864691136445105795,inh_BC_2,6,6,2,0.0,0.16666666666666666,0.8333333333333334,True,1.037289653602799,179525.9611472152,0.16666666666666666,0.79,0.7788858657962301
864691136522973329,inh_BC_2,11,11,2,0.18181818181818182,0.2727272727272727,0.5454545454545454,True,0.9190178865136309,113720.02032819703,0.18181818181818182,0.02,-2.335465934696555
864691136554341538,inh_BC_2,3,3,2,0.0,0.0,1.0,False,0.21344577380412308,21944.951241582534,0.6666666666666666,0.0,-6.110162026837011
864691136578529812,inh_BC_2,5,5,2,0.0,0.0,1.0,False,0.36689059567626636,44798.07511825771,0.8,0.0,-9.358852550164938
864691136594814626,inh_BC_2,4,4,1,0.0,0.5,0.5,True,0.8100808835110929,72357.55063531459,0.5,0.08,-1.4316287522576654
864691136674268807,inh_BC_2,4,4,2,0.25,0.0,0.75,True,0.9868849876606322,216252.39203378352,0.25,0.415,-0.12594694057322278
864691136758228078,inh_BC_2,12,12,2,0.0,0.25,0.75,True,0.9806767604850508,165318.58189566294,0.16666666666666666,0.257,-0.5798970958720918
864691136840277102,inh_BC_2,3,3,2,0.0,0.0,1.0,False,0.6815397802030035,81622.19582675693,0.6666666666666666,0.024,-2.1735710391958896
864691136904582066,inh_BC_2,3,3,2,0.0,0.0,1.0,False,0.9707037735937516,199689.91341128727,0.3333333333333333,0.362,-0.2044707573111081
864691136911637489,inh_BC_2,12,12,0,0.4166666666666667,0.16666666666666666,0.4166666666666667,True,0.9314378512970104,64722.53383232138,0.25,0.063,-1.5312421017683167
864691136913343473,inh_BC_2,4,4,2,0.0,0.0,1.0,False,0.7846464735128011,64809.457025862845,0.5,0.033,-1.920007650822556
864691136923785700,inh_BC_2,3,3,1,0.0,0.6666666666666666,0.3333333333333333,True,0.18853181443750486,36169.646053301374,0.6666666666666666,0.003,-7.121986235889386
864691136974736156,inh_BC_2,5,5,2,0.0,0.0,1.0,False,0.9138837613780354,165529.52344916982,0.4,0.095,-1.2019374516077508
864691134918499338,inh_MC,5,5,2,0.2,0.2,0.6,True,0.9451650125298673,100687.45635473219,0.4,0.255,-0.5056142573962067
864691134941444451,inh_MC,9,9,1,0.3333333333333333,0.5555555555555556,0.1111111111111111,True,0.8799250658122598,41127.81748490255,0.2222222222222222,0.086,-1.3143264003841797
864691134965433119,inh_MC,3,3,2,0.0,0.3333333333333333,0.6666666666666666,True,1.0150988365075055,99737.58684554212,0.3333333333333333,0.569,0.3088583995436677
864691134965653279,inh_MC,5,5,2,0.0,0.0,1.0,False,0.911731785151573,120738.70403812316,0.4,0.167,-0.8136805140061361
864691135014237590,inh_MC,3,3,2,0.0,0.0,1.0,False,0.8434598468866231,72982.87754157728,0.6666666666666666,0.256,-0.7211762572051015
864691135059545755,inh_MC,3,3,2,0.0,0.0,1.0,False,1.0222846269318335,262644.8705226003,0.3333333333333333,0.624,0.3828150416453747
864691135059827099,inh_MC,4,4,2,0.0,0.25,0.75,True,0.7817615818970743,99640.98323259446,0.5,0.038,-2.075390510606853
864691135066700868,inh_MC,3,3,2,0.0,0.0,1.0,False,0.7366167827312529,133397.87374250614,0.6666666666666666,0.108,-1.654620018129308
864691135101289504,inh_MC,3,3,1,0.3333333333333333,0.6666666666666666,0.0,True,1.0717536198463884,26557.359087919747,0.6666666666666666,0.564,0.12100983597616882
864691135114287513,inh_MC,4,4,2,0.0,0.0,1.0,False,0.0307047293783609,9376.945640479584,1.0,0.0,-8.50452691563456
864691135114328985,inh_MC,3,3,2,0.0,0.0,1.0,False,0.17110571319045137,46946.51573873746,1.0,0.0,-6.085753741287446
864691135114472857,inh_MC,6,6,2,0.16666666666666666,0.16666666666666666,0.6666666666666666,True,1.0448924943869293,124475.08114917342,0.16666666666666666,0.822,0.8490608329535595
864691135114487705,inh_MC,3,3,0,1.0,0.0,0.0,False,0.02015983417216646,1364.1313845001941,1.0,0.0,-5.215306959883953
864691135119056861,inh_MC,4,4,0,0.5,0.25,0.25,True,0.9973136264417811,141810.4407268845,0.5,0.486,-0.008799179210215982
864691135123429927,inh_MC,3,3,2,0.0,0.0,1.0,False,0.7282345379379451,62787.740529079056,0.6666666666666666,0.041,-1.5727379157172803
864691135123815975,inh_MC,8,8,2,0.125,0.0,0.875,True,0.6652408058382437,130394.93407001357,0.625,0.0,-6.708260874246134
864691135135748121,inh_MC,3,3,0,0.3333333333333333,0.3333333333333333,0.3333333333333333,True,0.9828040007382991,66115.96753745344,0.3333333333333333,0.455,0.19833408787894283
864691135135756569,inh_MC,3,3,2,0.0,0.3333333333333333,0.6666666666666666,True,0.7590265054994804,113052.08106090479,0.6666666666666666,0.103,-1.4858663972583728
864691135183101698,inh_MC,4,4,2,0.0,0.25,0.75,True,0.4841470061921365,60414.27944192275,0.5,0.0,-4.341851060134926
864691135213710464,inh_MC,3,3,2,0.0,0.0,1.0,False,0.7095205492805976,124240.05604768272,0.6666666666666666,0.034,-2.0815585316721177
864691135214160184,inh_MC,9,9,2,0.0,0.3333333333333333,0.6666666666666666,True,0.7274264224883958,145257.861201706,0.4444444444444444,0.0,-6.326963858481365
864691135271343525,inh_MC,6,6,2,0.0,0.0,1.0,False,0.7141992797224261,126409.22116133421,0.5,0.008,-4.098198161827297
864691135279377569,inh_MC,3,3,2,0.0,0.3333333333333333,0.6666666666666666,True,0.9400449837234061,114434.27375468868,0.3333333333333333,0.349,-0.10436309091934261
864691135324293276,inh_MC,3,3,1,0.0,0.6666666666666666,0.3333333333333333,True,0.24281448957677737,44451.61427090518,0.3333333333333333,0.003,-5.870402428518152
864691135335937513,inh_MC,5,5,2,0.0,0.0,1.0,False,0.3803912538980035,83607.29404122342,0.8,0.0,-8.944112783044757
864691135341142961,inh_MC,4,4,2,0.0,0.0,1.0,False,0.9622568060037945,106898.50487979008,0.25,0.365,-0.14797431048981677
864691135349839831,inh_MC,3,3,0,0.3333333333333333,0.3333333333333333,0.3333333333333333,True,1.1119635427225518,136313.76344471623,0.3333333333333333,0.826,0.9396580877619912
864691135368295929,inh_MC,20,20,2,0.0,0.0,1.0,False,0.6876973491535208,173393.60173430407,0.55,0.0,-13.54120428640486
864691135373930184,inh_MC,3,3,1,0.0,1.0,0.0,False,0.6499009920633068,43941.72678789058,0.6666666666666666,0.041,-1.5804561929974934
864691135386650965,inh_MC,4,4,2,0.25,0.25,0.5,True,1.0830148189721267,38667.829476211315,0.25,0.661,0.39554102060511215
864691135387988609,inh_MC,4,4,2,0.0,0.25,0.75,True,0.8040222823843042,83058.06119492045,0.5,0.041,-1.957783122465692
864691135395617525,inh_MC,3,3,0,0.6666666666666666,0.0,0.3333333333333333,True,0.9645427342186839,63593.18188235482,0.6666666666666666,0.403,-0.3029159644809504
864691135396580129,inh_MC,4,4,1,0.0,0.5,0.5,True,0.7312744668502212,33458.36419020217,0.5,0.043,-1.7099369596807288
864691135397928737,inh_MC,4,4,2,0.0,0.25,0.75,True,0.5865614348870524,106266.40698330414,0.75,0.0,-5.188148526178502
864691135408388297,inh_MC,4,4,2,0.0,0.0,1.0,False,0.8205989825168785,124064.72979942562,0.25,0.045,-1.9789966370403198
864691135417313722,inh_MC,7,7,2,0.2857142857142857,0.2857142857142857,0.42857142857142855,True,0.9605445545042235,91551.46446442493,0.2857142857142857,0.273,-0.5689760042766392
864691135430148912,inh_MC,4,4,2,0.0,0.0,1.0,False,0.8355352393453224,124996.2112764403,0.25,0.094,-1.3688351293040937
864691135442029384,inh_MC,8,8,1,0.0,0.75,0.25,True,0.7119204461846507,42440.51060532998,0.5,0.0,-3.749567781739829
864691135442076744,inh_MC,3,3,2,0.0,0.0,1.0,False,0.742250894402392,117419.09620594466,0.6666666666666666,0.052,-1.7175724959427032
864691135446792082,inh_MC,4,4,2,0.0,0.0,1.0,False,0.7003925357039318,155184.1885859053,0.5,0.021,-2.819530261903488
864691135446894482,inh_MC,4,4,2,0.0,0.0,1.0,False,0.060188469341978225,10834.086441926907,1.0,0.0,-10.035898499279325
864691135455400554,inh_MC,3,3,2,0.0,0.3333333333333333,0.6666666666666666,True,1.1988638059398582,75380.7514296538,0.3333333333333333,0.938,1.4154925943985124
864691135463557277,inh_MC,6,6,2,0.0,0.16666666666666666,0.8333333333333334,True,0.9086207405329502,141432.86775786532,0.3333333333333333,0.09,-1.3442077712851523
864691135463850397,inh_MC,4,4,1,0.25,0.5,0.25,True,1.0410704699376374,37219.92516119465,0.25,0.574,0.20159326617543008
864691135464054941,inh_MC,3,3,2,0.0,0.0,1.0,False,0.7456379942752265,191550.45398864182,0.6666666666666666,0.06,-2.1699554342780933
864691135464162366,inh_MC,3,3,1,0.0,0.6666666666666666,0.3333333333333333,True,1.0060004285181183,63244.24336492162,0.3333333333333333,0.521,0.11750121112246581
864691135473217330,inh_MC,3,3,0,1.0,0.0,0.0,False,0.40143824685957186,21451.45141179463,0.6666666666666666,0.003,-3.4398809673043496
864691135473477426,inh_MC,3,3,2,0.0,0.0,1.0,False,1.066522223570923,148659.3961128247,0.3333333333333333,0.854,0.8784120646662885
864691135479574982,inh_MC,6,6,2,0.0,0.0,1.0,False,0.968866035826786,172571.1723003123,0.3333333333333333,0.31,-0.317619820914772
864691135479713734,inh_MC,4,4,1,0.0,0.5,0.5,True,0.9941556821189201,81196.41439969049,0.5,0.473,0.06468635976846221
864691135492080871,inh_MC,5,5,2,0.0,0.0,1.0,False,0.8823358106048013,111309.27830321703,0.4,0.108,-1.218020056169563
864691135495477648,inh_MC,3,3,2,0.0,0.0,1.0,False,0.8601030230244276,127365.58366947983,0.3333333333333333,0.195,-0.6534864048766551
864691135503188917,inh_MC,3,3,0,0.3333333333333333,0.3333333333333333,0.3333333333333333,True,1.0918555860607728,42427.42338054536,0.3333333333333333,0.653,0.3633931178460784
864691135511496656,inh_MC,3,3,2,0.0,0.0,1.0,False,0.24465300389763775,21172.75153689773,0.6666666666666666,0.006,-4.209524350060915
864691135511863760,inh_MC,3,3,2,0.0,0.0,1.0,False,0.8671459751484974,110931.22830813634,0.3333333333333333,0.223,-0.5872334159873416
864691135527472987,inh_MC,4,4,2,0.0,0.25,0.75,True,0.16958437759531111,36636.155956607305,0.75,0.0,-8.099641981466364
864691135539125362,inh_MC,23,23,2,0.0,0.043478260869565216,0.9565217391304348,True,0.7747020156074328,186932.31761752587,0.391304347826087,0.0,-10.563802116453717
864691135566089495,inh_MC,4,4,0,0.5,0.0,0.5,True,0.5979877521413729,58711.28311119039,0.5,0.0,-4.351429337070804
864691135569147116,inh_MC,3,3,2,0.0,0.0,1.0,False,0.7649737850317253,134667.8244489466,0.6666666666666666,0.082,-1.4624476194228577
864691135569194220,inh_MC,3,3,2,0.0,0.3333333333333333,0.6666666666666666,True,0.6175391837348405,111592.66857021174,0.6666666666666666,0.023,-2.5242686214065486
864691135577956101,inh_MC,33,33,1,0.09090909090909091,0.45454545454545453,0.45454545454545453,True,0.8902914518287698,112646.87669548276,0.21212121212121213,0.0,-5.294073013494364
864691135578121989,inh_MC,5,5,2,0.0,0.2,0.8,True,0.8812973581093897,120903.40071392753,0.2,0.068,-1.4665134759079097
864691135585564280,inh_MC,3,3,1,0.0,0.6666666666666666,0.3333333333333333,True,1.0209311321184533,144616.8626331931,0.3333333333333333,0.617,0.37254800563685087
864691135586548092,inh_MC,5,5,2,0.0,0.4,0.6,True,0.8176886579241377,130410.28423769955,0.4,0.025,-2.485168929780255
864691135586570108,inh_MC,3,3,2,0.0,0.0,1.0,False,1.0364248361023891,180988.55410598396,0.3333333333333333,0.774,0.697766929235683
864691135591687691,inh_MC,4,4,2,0.0,0.0,1.0,False,0.9310905647762524,127310.60170769373,0.5,0.204,-0.6189412607403758
864691135615208139,inh_MC,11,11,2,0.0,0.0,1.0,False,0.9119646735027218,171094.3853824257,0.18181818181818182,0.03,-2.1506089427732897
864691135659081602,inh_MC,5,5,2,0.0,0.0,1.0,False,0.7413935258972303,184096.9531233407,0.6,0.012,-3.014619042747613
864691135661637872,inh_MC,4,4,0,0.75,0.25,0.0,True,0.9433261516271282,33450.05109776309,0.5,0.391,-0.29761777913123205
864691135688058592,inh_MC,3,3,0,0.3333333333333333,0.3333333333333333,0.3333333333333333,True,0.8064454183451065,135901.89031737638,0.3333333333333333,0.048,-1.7357567112968526
864691135688446944,inh_MC,10,10,2,0.2,0.1,0.7,True,0.935775811367559,128713.84744163814,0.2,0.091,-1.2811237311194767
864691135693839039,inh_MC,4,4,2,0.0,0.0,1.0,False,0.8993267409558016,129030.98132175802,0.5,0.169,-0.9519322012715296
864691135694246079,inh_MC,3,3,2,0.0,0.0,1.0,False,0.7665496678245389,93634.23859296968,0.6666666666666666,0.093,-1.3136543593758596
864691135694281919,inh_MC,3,3,1,0.0,0.6666666666666666,0.3333333333333333,True,0.5291139127956118,116928.33458003354,0.3333333333333333,0.008,-3.549345737636638
864691135700724514,inh_MC,3,3,2,0.0,0.0,1.0,False,1.0164438706712335,231111.26300334907,0.3333333333333333,0.605,0.5112528980075912
864691135726971967,inh_MC,8,8,2,0.25,0.25,0.5,True,0.931047861452206,149715.17467691246,0.25,0.094,-1.2620769365852087
864691135738913393,inh_MC,3,3,2,0.0,0.0,1.0,False,0.9307369846529023,179704.79081291505,0.3333333333333333,0.346,-0.12123178942553149
864691135740751764,inh_MC,4,4,2,0.0,0.0,1.0,False,0.9706676735394825,165926.0576994586,0.25,0.359,-0.12092290428693653
864691135755239117,inh_MC,3,3,1,0.0,0.6666666666666666,0.3333333333333333,True,1.1860428103402147,109716.00646121714,0.3333333333333333,0.971,1.9798975773479184
864691135756025042,inh_MC,3,3,2,0.0,0.0,1.0,False,0.6907742329544397,66424.9621956804,0.6666666666666666,0.049,-1.6419280314996234
864691135773074939,inh_MC,3,3,1,0.0,0.6666666666666666,0.3333333333333333,True,0.8920160706600112,63766.235482388314,0.3333333333333333,0.184,-0.6528263579322463
864691135778815421,inh_MC,3,3,2,0.0,0.0,1.0,False,0.858197294424153,104695.59021911646,0.3333333333333333,0.249,-0.5328169679841461
864691135782229328,inh_MC,4,4,2,0.0,0.25,0.75,True,0.9266400144805327,201315.9386720054,0.5,0.194,-0.7729624192030795
864691135782241616,inh_MC,4,4,1,0.0,0.5,0.5,True,0.973391919090544,61358.45098831275,0.25,0.406,-0.12778061922056377
864691135782265936,inh_MC,3,3,2,0.0,0.0,1.0,False,0.92979630102066,129729.56479029078,0.3333333333333333,0.351,-0.07232531285764823
864691135801132130,inh_MC,3,3,2,0.0,0.0,1.0,False,0.6256315761014734,102789.72638165695,0.6666666666666666,0.032,-2.518130324281706
864691135801163874,inh_MC,4,4,2,0.0,0.25,0.75,True,0.8789341911187613,95298.35806943575,0.5,0.123,-1.1394922586424627
864691135808631069,inh_MC,3,3,0,0.6666666666666666,0.0,0.3333333333333333,True,1.0902684361805042,53038.140696356306,0.3333333333333333,0.693,0.4824053849503253
864691135810773452,inh_MC,3,3,2,0.0,0.0,1.0,False,0.6547705565623642,90617.24580030183,0.6666666666666666,0.032,-2.174607032089965
864691135857302830,inh_MC,4,4,2,0.0,0.25,0.75,True,1.0918597256464917,107086.5967634879,0.25,0.872,1.019928077188474
864691135859686504,inh_MC,3,3,2,0.0,0.0,1.0,False,1.0429004050230433,228394.9914242489,0.3333333333333333,0.836,0.7498664153241227
864691135867009413,inh_MC,3,3,2,0.0,0.3333333333333333,0.6666666666666666,True,0.5136489898047543,111816.60760185034,0.6666666666666666,0.016,-3.2389306897539134
864691135884981104,inh_MC,3,3,2,0.0,0.0,1.0,False,1.072061092338036,225051.14990026993,0.3333333333333333,0.828,0.8225478026086711
864691135919488688,inh_MC,7,7,0,0.42857142857142855,0.2857142857142857,0.2857142857142857,True,0.9203288102251703,52028.256252553096,0.42857142857142855,0.173,-0.8900254999246212
864691135919711920,inh_MC,6,6,2,0.16666666666666666,0.16666666666666666,0.6666666666666666,True,0.8580358385276569,125363.89606767434,0.3333333333333333,0.038,-1.9796106671252722
864691135919756208,inh_MC,6,6,2,0.0,0.0,1.0,False,0.9497683477678589,135435.5171482197,0.3333333333333333,0.215,-0.570842678841323
864691135927509716,inh_MC,3,3,2,0.3333333333333333,0.0,0.6666666666666666,True,0.792471763115536,76530.07015648972,0.3333333333333333,0.198,-0.8680345557821888
864691135937582340,inh_MC,4,4,1,0.0,0.5,0.5,True,0.8664187908511342,66831.60359572862,0.25,0.126,-1.1159727614405408
864691135938727989,inh_MC,3,3,2,0.3333333333333333,0.0,0.6666666666666666,True,0.7411124298534482,71231.74951229218,0.3333333333333333,0.069,-1.36344747564875
864691135989943040,inh_MC,3,3,1,0.0,0.6666666666666666,0.3333333333333333,True,0.7437291087350327,118436.08613203053,0.6666666666666666,0.045,-1.872398342985773
864691135992790209,inh_MC,3,3,2,0.0,0.0,1.0,False,0.49248075834234223,111891.77357729706,0.6666666666666666,0.006,-3.5834102288907665
864691136021865976,inh_MC,7,7,2,0.14285714285714285,0.14285714285714285,0.7142857142857143,True,0.7601902629590545,109702.34637911769,0.42857142857142855,0.003,-3.9827388718550867
864691136085424492,inh_MC,3,3,2,0.0,0.0,1.0,False,0.402592067619937,89299.37245027465,0.6666666666666666,0.005,-4.480384615878462
864691136105933529,inh_MC,9,9,1,0.2222222222222222,0.6666666666666666,0.1111111111111111,True,0.854799953376703,49256.50492647894,0.4444444444444444,0.048,-1.5767516256378866
864691136117224612,inh_MC,3,3,2,0.0,0.0,1.0,False,0.9975975002383874,174709.0720182963,0.3333333333333333,0.479,0.39952576798622874
864691136117626532,inh_MC,3,3,0,0.3333333333333333,0.3333333333333333,0.3333333333333333,True,0.8501464632406401,53406.1250956458,0.3333333333333333,0.137,-0.9062114422585252
864691136117885604,inh_MC,3,3,2,0.0,0.3333333333333333,0.6666666666666666,True,1.0050576697412066,117575.10349496915,0.3333333333333333,0.524,0.2133887951649374
864691136119691544,inh_MC,5,5,2,0.2,0.0,0.8,True,0.13510606727113422,10306.451359920682,0.8,0.0,-8.263106083056766
864691136144674612,inh_MC,4,4,2,0.0,0.0,1.0,False,1.0117152764825015,105021.89267060217,0.25,0.55,0.2506981668019265
864691136194917334,inh_MC,3,3,2,0.0,0.0,1.0,False,0.4697699110952082,61068.01673247584,0.6666666666666666,0.013,-3.452575600872455
864691136195208424,inh_MC,3,3,2,0.0,0.3333333333333333,0.6666666666666666,True,1.0377239234227544,107726.153679306,0.3333333333333333,0.671,0.5999356160262728
864691136195380556,inh_MC,3,3,1,0.0,1.0,0.0,False,0.8047917820438384,20553.901196075,0.6666666666666666,0.305,-0.5550607908917162
864691136195824204,inh_MC,3,3,2,0.0,0.0,1.0,False,0.7212346508403393,112605.60388380838,0.6666666666666666,0.051,-1.821744140467645
864691136195891788,inh_MC,4,4,1,0.25,0.5,0.25,True,0.9430495350605425,97507.71580783448,0.25,0.284,-0.45032867728787407
864691136210699964,inh_MC,4,4,1,0.0,0.75,0.25,True,0.857314569904667,68354.23329057677,0.25,0.126,-0.9990115619922784
864691136238779964,inh_MC,3,3,1,0.0,0.6666666666666666,0.3333333333333333,True,0.999593475116306,81494.65554833406,0.3333333333333333,0.499,0.1569982032547626
864691136239074620,inh_MC,5,5,2,0.0,0.0,1.0,False,0.5415505282669125,138842.7160505189,0.8,0.0,-6.620040189371255
864691136239118908,inh_MC,4,4,2,0.25,0.25,0.5,True,0.8937558153065535,65843.06623306015,0.25,0.18,-0.8657968998299517
864691136274014142,inh_MC,3,3,1,0.0,0.6666666666666666,0.3333333333333333,True,1.076927215002272,126598.5233029391,0.3333333333333333,0.855,0.9931640909587202
864691136296728603,inh_MC,3,3,2,0.0,0.3333333333333333,0.6666666666666666,True,1.0417814100127623,161859.92446441407,0.3333333333333333,0.792,0.7038479002826032
864691136311267930,inh_MC,4,4,1,0.0,1.0,0.0,False,0.45298821347384527,76220.07993008576,0.5,0.004,-5.398369438326945
864691136335054515,inh_MC,5,5,1,0.4,0.6,0.0,True,0.8952984319173002,54280.35906241697,0.4,0.15,-1.0576030881942007
864691136363241698,inh_MC,3,3,2,0.0,0.0,1.0,False,0.7573162694834672,133027.66796213808,0.3333333333333333,0.071,-1.5831070184905134
864691136379892693,inh_MC,7,7,1,0.0,0.5714285714285714,0.42857142857142855,True,0.9266377718304145,102013.53988379028,0.2857142857142857,0.124,-1.1094292605620015
864691136389771024,inh_MC,6,6,2,0.0,0.16666666666666666,0.8333333333333334,True,0.9191880819987472,169581.2772190992,0.3333333333333333,0.135,-1.0731117364368186
864691136389852944,inh_MC,3,3,1,0.0,0.6666666666666666,0.3333333333333333,True,0.6787470035085553,48659.64972964305,0.3333333333333333,0.035,-2.3052469195110783
864691136389921911,inh_MC,3,3,1,0.0,1.0,0.0,False,0.5599388954110128,95297.23246031262,0.6666666666666666,0.016,-3.7678338371882014
864691136419944087,inh_MC,3,3,0,0.6666666666666666,0.0,0.3333333333333333,True,0.7570511656987423,36566.76022273535,0.6666666666666666,0.057,-1.492853162220846
864691136424252463,inh_MC,4,4,1,0.0,0.5,0.5,True,0.5008983033708568,56574.749370298814,0.5,0.004,-4.216809511811623
864691136437548190,inh_MC,6,6,2,0.0,0.16666666666666666,0.8333333333333334,True,0.758994522951056,168572.45200622128,0.5,0.004,-3.833767328032837
864691136437698206,inh_MC,3,3,2,0.0,0.3333333333333333,0.6666666666666666,True,1.0799777356294673,167557.83770877522,0.3333333333333333,0.941,0.992868285373795
864691136452249087,inh_MC,8,8,1,0.125,0.5,0.375,True,1.049819661706203,118876.04095944691,0.125,0.864,1.0384075830080666
864691136484049708,inh_MC,3,3,2,0.0,0.3333333333333333,0.6666666666666666,True,1.0902669609251718,112597.55845930059,0.3333333333333333,0.902,0.9423132102764905
864691136488692242,inh_MC,4,4,1,0.0,1.0,0.0,False,0.8320002228935321,98138.09177038359,0.5,0.09,-1.3770277423964847
864691136618553563,inh_MC,3,3,2,0.0,0.3333333333333333,0.6666666666666666,True,0.5671702142094209,96750.39708021497,0.6666666666666666,0.025,-3.804217380227715
864691136619729037,inh_MC,5,5,2,0.2,0.2,0.6,True,0.8654765634813465,114787.01181480961,0.2,0.062,-1.6637524113551543
864691136619850381,inh_MC,5,5,2,0.0,0.0,1.0,False,0.7147075112411041,147420.17575854226,0.6,0.009,-3.5619644048619294
864691136674327431,inh_MC,9,9,2,0.0,0.0,1.0,False,0.8833773687273966,175232.8315115021,0.3333333333333333,0.011,-2.604981893562132
864691136742085212,inh_MC,4,4,1,0.0,0.5,0.5,True,0.9350525437676723,125615.09412562416,0.5,0.212,-0.7556491491945593
864691136742107484,inh_MC,3,3,2,0.0,0.3333333333333333,0.6666666666666666,True,0.6217759440815754,87365.79089377866,0.3333333333333333,0.021,-2.499931826576415
864691136904594610,inh_MC,4,4,2,0.0,0.25,0.75,True,0.6155199040569277,67652.72255050862,0.5,0.003,-3.784650887859907
864691136912943345,inh_MC,12,12,2,0.0,0.4166666666666667,0.5833333333333334,True,1.0128190435100566,112588.04952426442,0.25,0.62,0.38852658097307285
864691136925693002,inh_MC,14,14,2,0.0,0.0,1.0,False,0.44032316648476993,122273.17545240735,0.7857142857142857,0.0,-17.129077516149056
864691136974813212,inh_MC,3,3,2,0.0,0.0,1.0,False,0.9434049381387235,218152.78024120803,0.3333333333333333,0.244,-0.3315411815752247
864691136975099164,inh_MC,3,3,1,0.0,0.6666666666666666,0.3333333333333333,True,0.9878917019255683,181047.4647925157,0.3333333333333333,0.456,0.2554621131860239
864691136975137564,inh_MC,3,3,0,0.3333333333333333,0.3333333333333333,0.3333333333333333,True,0.9726143654143288,61101.323894369394,0.3333333333333333,0.425,-0.08586443683199776
864691136991004565,inh_MC,5,5,2,0.0,0.0,1.0,False,0.9327169949488338,154817.00798574925,0.4,0.188,-0.8318593468845145
864691137019996526,inh_MC,6,6,0,0.6666666666666666,0.3333333333333333,0.0,True,0.8167431380388399,64052.514126380906,0.6666666666666666,0.01,-2.503892811257332
864691137021140334,inh_MC,4,4,1,0.0,0.75,0.25,True,0.48726938398663544,98378.5668571102,0.75,0.001,-4.740097182246279
864691137198458177,inh_MC,4,4,1,0.0,0.75,0.25,True,0.7398615596787027,134937.6322352552,0.5,0.024,-2.547852376774475
864691134918687754,inh_MC_2,4,4,2,0.0,0.0,1.0,False,0.9372427097624659,251140.38174222564,0.5,0.272,-0.411250389671005
864691134948808700,inh_MC_2,3,3,2,0.0,0.3333333333333333,0.6666666666666666,True,0.4787514273344267,28919.85896867911,0.6666666666666666,0.022,-2.518166901488291
864691135133874848,inh_MC_2,3,3,2,0.0,0.0,1.0,False,0.7724397823053893,53147.72610740413,0.6666666666666666,0.034,-1.6682974281206007
864691135183273730,inh_MC_2,5,5,1,0.4,0.6,0.0,True,0.7944360825492875,19642.60817048459,0.4,0.224,-0.8107718951710122
864691135269688741,inh_MC_2,3,3,2,0.0,0.0,1.0,False,0.0294401453035402,7181.096914202625,1.0,0.0,-5.220248581587959
864691135273858833,inh_MC_2,3,3,2,0.0,0.3333333333333333,0.6666666666666666,True,1.1492046648356402,133421.79475059436,0.3333333333333333,0.943,1.195939017580361
864691135276293349,inh_MC_2,7,7,2,0.2857142857142857,0.14285714285714285,0.5714285714285714,True,0.8708965502045232,44944.716380734324,0.42857142857142855,0.104,-1.234324819158816
864691135279678881,inh_MC_2,4,4,2,0.0,0.25,0.75,True,0.6020171109401418,50537.55887662227,0.75,0.015,-2.7841832792017596
864691135342042821,inh_MC_2,4,4,2,0.0,0.0,1.0,False,0.9027078778560654,204296.26560368366,0.5,0.242,-0.5064329962680528
864691135346509471,inh_MC_2,3,3,1,0.0,0.6666666666666666,0.3333333333333333,True,1.0243715348067781,118867.76953143677,0.3333333333333333,0.584,0.4186427063559172
864691135360079448,inh_MC_2,3,3,2,0.0,0.0,1.0,False,0.7837251986937711,207672.81916930308,0.6666666666666666,0.17,-1.036774170736401
864691135382976218,inh_MC_2,4,4,0,0.75,0.25,0.0,True,0.5154043647330201,12554.15911553983,0.5,0.049,-1.614619963758491
864691135387903105,inh_MC_2,3,3,2,0.0,0.0,1.0,False,0.7155353109154512,226410.9906206542,0.6666666666666666,0.116,-1.2896525158359828
864691135397455649,inh_MC_2,3,3,1,0.0,0.6666666666666666,0.3333333333333333,True,0.950571917304007,193002.90973960795,0.3333333333333333,0.375,-0.005829232236631048
864691135397928737,inh_MC_2,3,3,1,0.0,0.6666666666666666,0.3333333333333333,True,0.9122143404345034,91189.15139265842,0.3333333333333333,0.229,-0.4179073151995988
864691135417313722,inh_MC_2,3,3,2,0.0,0.3333333333333333,0.6666666666666666,True,1.1010157278912946,193418.84276471127,0.3333333333333333,0.913,0.9586323879880402
864691135463662749,inh_MC_2,3,3,2,0.0,0.0,1.0,False,0.6462142518303284,164770.43153564856,0.6666666666666666,0.049,-1.6858164976336585
864691135467531916,inh_MC_2,6,6,2,0.0,0.0,1.0,False,0.6920169607657869,117160.7123511724,0.6666666666666666,0.005,-3.435221208014982
864691135469912402,inh_MC_2,4,4,2,0.0,0.0,1.0,False,0.751063178192945,149227.82904056134,0.5,0.05,-1.8800082761494614
864691135472961586,inh_MC_2,4,4,2,0.0,0.0,1.0,False,1.1169974135742227,262166.514138148,0.25,0.902,1.1002929921089895
864691135475912768,inh_MC_2,3,3,2,0.0,0.0,1.0,False,1.1019619961842038,257390.69243175382,0.3333333333333333,0.902,0.9682333950211918
864691135495730320,inh_MC_2,3,3,0,0.6666666666666666,0.3333333333333333,0.0,True,0.32606618682363975,7812.4631814814975,0.6666666666666666,0.021,-1.9186884041895629
864691135498698259,inh_MC_2,3,3,2,0.0,0.3333333333333333,0.6666666666666666,True,0.6618968857840923,93006.41522426624,0.3333333333333333,0.017,-2.885199817347218
864691135503095133,inh_MC_2,3,3,2,0.0,0.0,1.0,False,0.8600959707687688,226009.12594205947,0.3333333333333333,0.28,-0.4692001426393367
864691135518381962,inh_MC_2,3,3,2,0.0,0.0,1.0,False,0.610911177742845,188056.75231733322,0.6666666666666666,0.037,-2.0631250963922296
864691135565039639,inh_MC_2,3,3,1,0.3333333333333333,0.6666666666666666,0.0,True,1.20024617613119,72892.54654738204,0.3333333333333333,0.877,1.0574417685739836
864691135570518918,inh_MC_2,3,3,2,0.0,0.0,1.0,False,0.6984222635744001,147788.10067743037,0.6666666666666666,0.085,-1.691286657358867
864691135572130085,inh_MC_2,3,3,2,0.0,0.0,1.0,False,0.1126199217609235,23946.3535797073,1.0,0.002,-5.020491308558347
864691135585373304,inh_MC_2,3,3,1,0.0,1.0,0.0,False,0.5874118578923762,75539.66447681065,0.6666666666666666,0.034,-2.0476336270765327
864691135588058564,inh_MC_2,3,3,2,0.0,0.0,1.0,False,0.703180133361977,147824.30415326447,0.6666666666666666,0.085,-1.3702852337694804
864691135590990859,inh_MC_2,3,3,0,0.3333333333333333,0.3333333333333333,0.3333333333333333,True,1.1617366464332957,100977.34327547124,0.3333333333333333,0.916,1.2663795983406019
864691135615452619,inh_MC_2,4,4,2,0.0,0.25,0.75,True,0.8669615195512859,114095.27382806277,0.5,0.135,-0.9955980490292949
864691135617290089,inh_MC_2,5,5,1,0.2,0.4,0.4,True,0.9686137130223292,77080.64105631663,0.2,0.381,-0.2880609087170361
864691135617319017,inh_MC_2,6,6,1,0.0,0.8333333333333334,0.16666666666666666,True,0.270581839999755,85682.91504039046,0.5,0.0,-8.334120107061413
864691135640274491,inh_MC_2,4,4,0,0.5,0.0,0.5,True,0.9706922886712734,60411.05228775918,0.25,0.422,-0.16835738031442526
864691135684416754,inh_MC_2,3,3,2,0.0,0.3333333333333333,0.6666666666666666,True,0.7405101664634552,76929.71659524293,0.3333333333333333,0.063,-1.5164473756285652
864691135688243680,inh_MC_2,3,3,2,0.0,0.3333333333333333,0.6666666666666666,True,1.0263492666512117,193549.76983539585,0.3333333333333333,0.591,0.5103381342480288
864691135693766079,inh_MC_2,6,6,2,0.0,0.16666666666666666,0.8333333333333334,True,0.7672352987717316,184210.88732746124,0.5,0.008,-2.8818458239771525
864691135719900721,inh_MC_2,4,4,1,0.0,0.5,0.5,True,0.16150383835477344,51829.51677503035,0.5,0.002,-5.836961710889335
864691135726887999,inh_MC_2,3,3,2,0.0,0.0,1.0,False,1.0547214351447165,245807.22800006098,0.3333333333333333,0.756,0.7097880309530128
864691135738280836,inh_MC_2,3,3,2,0.0,0.0,1.0,False,0.9423055877662022,226062.67862660158,0.3333333333333333,0.351,-0.0524395956760359
864691135749001769,inh_MC_2,3,3,1,0.0,0.6666666666666666,0.3333333333333333,True,0.45615853345719,27453.83321430118,0.6666666666666666,0.013,-2.644101395405325
864691135749865513,inh_MC_2,3,3,2,0.0,0.0,1.0,False,0.97290313584171,277736.87216770765,0.3333333333333333,0.422,0.17544220254937098
864691135754891469,inh_MC_2,4,4,2,0.0,0.0,1.0,False,0.7078622268957909,151623.0356795731,0.5,0.042,-2.067091227494203
864691135777903968,inh_MC_2,4,4,2,0.0,0.0,1.0,False,1.06503608420825,333243.0476748232,0.25,0.751,0.7532494870876255
864691135782115152,inh_MC_2,5,5,2,0.0,0.0,1.0,False,0.47233978517082753,154388.77303229022,0.8,0.005,-4.379826934772574
864691135782191184,inh_MC_2,6,6,2,0.0,0.16666666666666666,0.8333333333333334,True,0.9374799527026676,87419.73913518216,0.5,0.239,-0.6354525989600973
864691135786632132,inh_MC_2,5,5,2,0.2,0.0,0.8,True,0.4035105426384177,124481.77671105464,0.6,0.001,-5.653582993406973
864691135801132130,inh_MC_2,3,3,2,0.0,0.0,1.0,False,0.96233495500182,147877.29998790994,0.3333333333333333,0.421,0.09540504009429661
864691135810507468,inh_MC_2,3,3,2,0.0,0.0,1.0,False,0.698820553435804,192123.11972053698,0.6666666666666666,0.07,-1.5806261746221462
864691135837469843,inh_MC_2,3,3,2,0.0,0.0,1.0,False,0.7425027470898247,122186.49322271773,0.6666666666666666,0.094,-1.2678060205570931
864691135851826119,inh_MC_2,3,3,2,0.0,0.0,1.0,False,0.047584836423597655,9531.44253066092,1.0,0.0,-5.599101669748841
864691135856110382,inh_MC_2,4,4,2,0.0,0.0,1.0,False,0.08120047635055036,22342.270055589877,1.0,0.002,-6.6360464183796175
864691135857043758,inh_MC_2,3,3,2,0.0,0.0,1.0,False,0.052365898964245254,12842.228214188537,1.0,0.003,-5.308739987770355
864691135865700828,inh_MC_2,7,7,2,0.2857142857142857,0.14285714285714285,0.5714285714285714,True,0.4890206032500627,48331.04924715704,0.42857142857142855,0.0,-7.015113479238466
864691135866162908,inh_MC_2,4,4,2,0.0,0.25,0.75,True,0.9558395804237768,220355.49545319634,0.25,0.333,-0.15966537564173305
864691135877342291,inh_MC_2,4,4,1,0.0,0.5,0.5,True,0.6786696213156413,237460.08496807722,0.5,0.048,-2.1919733308900677
864691135910978217,inh_MC_2,6,6,2,0.0,0.16666666666666666,0.8333333333333334,True,0.2795551280276225,89334.36565870132,0.8333333333333334,0.0,-8.292582604036257
864691135937159172,inh_MC_2,3,3,1,0.0,0.6666666666666666,0.3333333333333333,True,0.15682988726928018,27731.0007049752,0.6666666666666666,0.001,-4.7654456434828845
864691135937354500,inh_MC_2,3,3,2,0.0,0.0,1.0,False,0.5003995356334469,57376.948815387055,0.6666666666666666,0.031,-2.2467674126267223
864691135940689665,inh_MC_2,10,10,1,0.3,0.4,0.3,True,0.9637946077682086,70385.59831904169,0.2,0.3,-0.5376323108702663
864691135975702127,inh_MC_2,4,4,2,0.0,0.0,1.0,False,0.8572222082539672,142260.6119361732,0.5,0.129,-1.0442820814492706
864691135989352704,inh_MC_2,3,3,1,0.0,1.0,0.0,False,0.0520587919678794,21166.649716996773,0.6666666666666666,0.007,-4.109062619628187
864691136011900835,inh_MC_2,3,3,2,0.0,0.0,1.0,False,0.6460648885040706,155939.7431907605,0.6666666666666666,0.055,-2.2383987968370773
864691136050866675,inh_MC_2,3,3,2,0.0,0.0,1.0,False,0.8646657845061578,156375.14613880485,0.6666666666666666,0.193,-0.6926795454821976
864691136057638104,inh_MC_2,4,4,1,0.0,0.5,0.5,True,0.4924044830528955,89253.70322522848,0.5,0.001,-3.9106732738884094
864691136090094135,inh_MC_2,3,3,2,0.0,0.0,1.0,False,0.01674099528401872,3200.0673545015597,1.0,0.001,-5.246032761692749
864691136092188340,inh_MC_2,6,6,2,0.0,0.3333333333333333,0.6666666666666666,True,0.8451104233229977,34470.2849690016,0.5,0.15,-1.053257715751063
864691136092364212,inh_MC_2,9,9,0,1.0,0.0,0.0,False,0.23730666191147234,5874.7047977632465,0.5555555555555556,0.0,-4.087951332764929
864691136109199800,inh_MC_2,3,3,1,0.0,1.0,0.0,False,0.638101131506156,48792.42709590064,0.6666666666666666,0.054,-1.5781519117364857
864691136117766052,inh_MC_2,3,3,2,0.0,0.3333333333333333,0.6666666666666666,True,0.17637131107953227,33067.05162629959,0.6666666666666666,0.0,-4.6308423284304725
864691136144584500,inh_MC_2,3,3,2,0.0,0.0,1.0,False,0.748783149136659,200316.37932492528,0.6666666666666666,0.078,-1.4727937807861806
864691136175643398,inh_MC_2,3,3,2,0.0,0.3333333333333333,0.6666666666666666,True,0.608715111900204,210948.74077237854,0.6666666666666666,0.062,-1.5435599629376957
864691136194570060,inh_MC_2,3,3,2,0.0,0.0,1.0,False,0.008629382871745838,2642.797777824133,1.0,0.001,-5.117171059629128
864691136195307752,inh_MC_2,3,3,2,0.0,0.0,1.0,False,0.7964752008229514,158848.64894456265,0.6666666666666666,0.232,-0.8326997589232695
864691136274248382,inh_MC_2,3,3,2,0.0,0.3333333333333333,0.6666666666666666,True,0.876480790064703,122194.89241695583,0.3333333333333333,0.303,-0.48541161574200603
864691136311256154,inh_MC_2,3,3,2,0.0,0.0,1.0,False,0.735952745789618,76557.19760165668,0.6666666666666666,0.086,-1.3713967739115858
864691136362788578,inh_MC_2,4,4,2,0.25,0.25,0.5,True,0.9322058422662906,96642.99996040827,0.25,0.272,-0.4764559215235379
864691136444824451,inh_MC_2,8,8,2,0.0,0.0,1.0,False,0.8987329980521619,169978.58591535845,0.375,0.074,-1.5154177830220452
864691136483909164,inh_MC_2,3,3,2,0.0,0.3333333333333333,0.6666666666666666,True,0.5541607148976146,33603.97021070004,0.6666666666666666,0.03,-2.1265394102753103
864691136488692242,inh_MC_2,3,3,2,0.0,0.3333333333333333,0.6666666666666666,True,0.8730129777774466,110665.59752416267,0.3333333333333333,0.219,-0.608678050946087
864691136579103764,inh_MC_2,3,3,1,0.0,0.6666666666666666,0.3333333333333333,True,0.8871264231902036,88979.05700461565,0.3333333333333333,0.215,-0.4749260606835586
864691136723476989,inh_MC_2,5,5,2,0.0,0.0,1.0,False,0.4318247868757546,54274.452673229986,0.8,0.0,-4.91039727855193
864691136741535836,inh_MC_2,3,3,2,0.0,0.0,1.0,False,0.7052547510707166,98877.46736646665,0.6666666666666666,0.08,-1.3488654885147264
864691136742107484,inh_MC_2,3,3,2,0.0,0.3333333333333333,0.6666666666666666,True,1.0873962647110522,376890.4684904976,0.3333333333333333,0.882,0.8658909151381297
864691136816784750,inh_MC_2,5,5,2,0.0,0.0,1.0,False,0.08474039981158593,17716.81172520604,1.0,0.0,-9.239251064808949
864691136925825354,inh_MC_2,3,3,0,0.6666666666666666,0.0,0.3333333333333333,True,0.8675001960962716,122028.50025658317,0.6666666666666666,0.022,-1.845673428767723
864691136926560074,inh_MC_2,3,3,2,0.0,0.3333333333333333,0.6666666666666666,True,0.8299129093177463,19665.40605062163,0.6666666666666666,0.299,-0.5475627845649349
864691136974824732,inh_MC_2,3,3,2,0.0,0.0,1.0,False,0.020794215327366326,4620.789535508889,1.0,0.003,-4.982125541755481
864691136975088156,inh_MC_2,3,3,2,0.0,0.0,1.0,False,0.6466017752611989,186762.58519071233,0.6666666666666666,0.054,-1.7341607660279952
864691137020765806,inh_MC_2,6,6,2,0.0,0.16666666666666666,0.8333333333333334,True,0.6886017335324461,23141.192772959974,0.6666666666666666,0.035,-1.7457712205964162
864691134989492090,inh_BPC,4,4,1,0.0,0.5,0.5,True,1.1005890716971152,137395.5329765415,0.25,0.668,0.6034861785943634
864691135273485073,inh_BPC,5,5,1,0.0,0.8,0.2,True,,inf,0.4,1.0,
864691135279450785,inh_BPC,6,6,2,0.0,0.3333333333333333,0.6666666666666666,True,0.948110389211401,67981.69909553512,0.5,0.326,-0.2947596575710417
864691135293300150,inh_BPC,9,9,1,0.0,0.8888888888888888,0.1111111111111111,True,,inf,0.5555555555555556,1.0,
864691135368459001,inh_BPC,5,5,2,0.2,0.2,0.6,True,,inf,0.2,1.0,
864691135383669466,inh_BPC,8,8,1,0.0,0.5,0.5,True,,inf,0.375,1.0,
864691135469522002,inh_BPC,5,5,1,0.0,0.6,0.4,True,,inf,0.2,1.0,
864691135469724242,inh_BPC,7,7,1,0.0,0.5714285714285714,0.42857142857142855,True,,inf,0.2857142857142857,1.0,
864691135475694656,inh_BPC,3,3,1,0.0,1.0,0.0,False,0.0,0.0,1.0,0.041,-1.8752568462417911
864691135489264442,inh_BPC,20,20,2,0.0,0.35,0.65,True,,inf,0.5,1.0,
864691135489677882,inh_BPC,3,3,1,0.3333333333333333,0.6666666666666666,0.0,True,0.10634184139579177,15880.25863873865,0.6666666666666666,0.006,-3.337090739551896
864691135503003997,inh_BPC,5,5,1,0.0,0.6,0.4,True,,inf,0.4,1.0,
864691135503324341,inh_BPC,3,3,1,0.3333333333333333,0.6666666666666666,0.0,True,1.1670546771883954,97304.2870901799,0.6666666666666666,0.839,0.8657526664846991
864691135572202733,inh_BPC,3,3,2,0.0,0.3333333333333333,0.6666666666666666,True,1.091145006062014,144341.39039610222,0.3333333333333333,0.704,0.4887130597178657
864691135655382978,inh_BPC,11,11,1,0.0,0.7272727272727273,0.2727272727272727,True,,inf,0.5454545454545454,1.0,
864691135688243680,inh_BPC,4,4,2,0.0,0.25,0.75,True,0.7081698058401575,24027.337755687422,0.75,0.139,-1.1340490029446693
864691135738921329,inh_BPC,5,5,1,0.0,0.8,0.2,True,0.7529164686871034,58525.875127918654,0.2,0.084,-1.4917139440461487
864691135740634219,inh_BPC,3,3,0,0.3333333333333333,0.3333333333333333,0.3333333333333333,True,1.7177085840384636,180554.85572548152,0.3333333333333333,0.823,
864691135772774651,inh_BPC,29,29,1,0.13793103448275862,0.4482758620689655,0.41379310344827586,True,,inf,0.13793103448275862,1.0,
864691135778700477,inh_BPC,3,3,1,0.0,0.6666666666666666,0.3333333333333333,True,0.19306070042844986,19233.509677770453,0.6666666666666666,0.007,-2.363287640650085
864691135778740413,inh_BPC,3,3,1,0.0,0.6666666666666666,0.3333333333333333,True,1.118065726840276,59823.036200155875,0.6666666666666666,0.825,1.0121475386626362
864691135801566306,inh_BPC,4,4,1,0.0,0.75,0.25,True,,inf,0.5,1.0,
864691135808432925,inh_BPC,3,3,1,0.3333333333333333,0.6666666666666666,0.0,True,,inf,0.6666666666666666,1.0,
864691135841962211,inh_BPC,5,5,1,0.0,0.8,0.2,True,0.9877351153306151,108096.59442600484,0.2,0.488,
864691135860136552,inh_BPC,4,4,1,0.0,1.0,0.0,False,0.8036637134972595,85552.71155835086,0.5,0.305,
864691135868131350,inh_BPC,3,3,2,0.0,0.3333333333333333,0.6666666666666666,True,,inf,0.6666666666666666,1.0,
864691135919630768,inh_BPC,8,8,1,0.0,0.875,0.125,True,,inf,0.375,1.0,
864691135953216547,inh_BPC,6,6,1,0.0,0.6666666666666666,0.3333333333333333,True,,inf,0.3333333333333333,1.0,
864691135954917640,inh_BPC,3,3,2,0.0,0.0,1.0,False,,inf,0.6666666666666666,1.0,
864691136032072635,inh_BPC,3,3,1,0.0,1.0,0.0,False,0.05274457011474013,5705.417622798507,0.6666666666666666,0.001,
864691136195419606,inh_BPC,3,3,2,0.0,0.3333333333333333,0.6666666666666666,True,,inf,0.3333333333333333,1.0,
864691136237733647,inh_BPC,7,7,2,0.14285714285714285,0.2857142857142857,0.5714285714285714,True,,inf,0.42857142857142855,1.0,
864691136298125851,inh_BPC,3,3,2,0.0,0.3333333333333333,0.6666666666666666,True,0.5318717622863673,82910.57138139366,0.3333333333333333,0.069,-1.8494830626850975
864691136330407914,inh_BPC,4,4,1,0.0,0.5,0.5,True,0.9020513501602205,147817.33726653483,0.25,0.29,-0.43435594989672166
864691136389585015,inh_BPC,8,8,2,0.125,0.375,0.5,True,,inf,0.375,1.0,
864691136389679223,inh_BPC,3,3,1,0.0,1.0,0.0,False,,inf,0.3333333333333333,1.0,
864691136445277315,inh_BPC,6,6,2,0.0,0.3333333333333333,0.6666666666666666,True,,inf,0.3333333333333333,1.0,
864691136452437503,inh_BPC,8,8,1,0.0,0.5,0.5,True,0.5506410067484921,77838.26489131639,0.25,0.001,-4.502130234099251
864691136601891793,inh_BPC,3,3,2,0.0,0.3333333333333333,0.6666666666666666,True,,inf,0.3333333333333333,1.0,
864691136674203015,inh_BPC,3,3,1,0.0,1.0,0.0,False,0.9799510192279117,157275.32972350335,0.3333333333333333,0.441,0.07833152038300693
864691136724901373,inh_BPC,5,5,2,0.0,0.4,0.6,True,0.8196559653940321,90829.51790223205,0.4,0.317,
864691136724994301,inh_BPC,3,3,2,0.0,0.3333333333333333,0.6666666666666666,True,0.9676292767364453,189830.76368234694,0.3333333333333333,0.455,-0.019838895150284395
864691136904509106,inh_BPC,3,3,1,0.0,0.6666666666666666,0.3333333333333333,True,0.3382568459244873,25596.240403299435,0.3333333333333333,0.079,-2.0688409170444424
864691136904615602,inh_BPC,6,6,1,0.0,0.6666666666666666,0.3333333333333333,True,0.6625058774692536,69402.24272413232,0.3333333333333333,0.02,-2.6984486375190175
864691136904656818,inh_BPC,5,5,1,0.0,0.6,0.4,True,1.0113128743428355,77978.42765181031,0.2,0.538,0.25146962890604596
864691136924098788,inh_BPC,3,3,1,0.0,0.6666666666666666,0.3333333333333333,True,0.5651508496056303,91499.58543212416,0.3333333333333333,0.04,-2.2126929837100353
864691137197468481,inh_BPC,22,22,1,0.09090909090909091,0.5454545454545454,0.36363636363636365,True,,inf,0.18181818181818182,1.0,
864691134947693308,inh_BPC_2,3,3,2,0.0,0.0,1.0,False,0.4376931357203334,55598.328620061315,0.6666666666666666,0.122,-1.3294832313706295
864691134948889852,inh_BPC_2,7,7,2,0.0,0.14285714285714285,0.8571428571428571,True,0.9869288590748276,125538.82692737866,0.14285714285714285,0.482,0.08553987318842278
864691135114472857,inh_BPC_2,4,4,2,0.0,0.25,0.75,True,0.5691148270012026,70960.4610637701,0.25,0.112,-1.366201475907993
864691135136112153,inh_BPC_2,4,4,2,0.0,0.25,0.75,True,0.955683414368814,252307.77442613803,0.25,0.467,0.05756494420112235
864691135181939970,inh_BPC_2,4,4,2,0.25,0.0,0.75,True,0.2687759841177486,54575.244545700785,0.5,0.003,-3.130435668985914
864691135257364399,inh_BPC_2,9,9,2,0.0,0.0,1.0,False,1.0032001018884995,205546.49226560903,0.3333333333333333,0.512,0.2256542041251954
864691135275946213,inh_BPC_2,3,3,2,0.0,0.0,1.0,False,1.2750719182117338,313206.4694348361,0.3333333333333333,0.722,0.8958401672113367
864691135334800873,inh_BPC_2,6,6,2,0.0,0.0,1.0,False,0.9117521057147716,60665.7752318844,0.6666666666666666,0.243,-0.7891917211431283
864691135430724850,inh_BPC_2,3,3,2,0.3333333333333333,0.0,0.6666666666666666,True,1.6760515374875509,144333.19127035706,0.3333333333333333,0.93,1.4469599373738855
864691135433518834,inh_BPC_2,3,3,2,0.0,0.0,1.0,False,1.0733628247865399,343770.1689945388,0.6666666666666666,0.645,0.36079389960154395
864691135447628372,inh_BPC_2,3,3,2,0.0,0.0,1.0,False,0.9671456826885139,245343.3078416523,0.3333333333333333,0.464,-0.02273334823767691
864691135491415135,inh_BPC_2,3,3,2,0.0,0.3333333333333333,0.6666666666666666,True,0.9387064129646486,219539.25536750094,0.3333333333333333,0.382,-0.27103422703515245
864691135491849447,inh_BPC_2,3,3,1,0.0,0.6666666666666666,0.3333333333333333,True,0.6921994813361866,187265.1523194842,0.3333333333333333,0.036,
864691135492595807,inh_BPC_2,4,4,2,0.0,0.0,1.0,False,1.0013907876170434,72186.59485224975,0.75,0.524,-0.12315891910126447
864691135541372868,inh_BPC_2,4,4,2,0.0,0.0,1.0,False,0.873240216926554,101934.9489627147,0.5,0.403,-0.2604271405884836
864691135586628988,inh_BPC_2,4,4,2,0.0,0.25,0.75,True,0.8258812477951083,136209.78024111644,0.25,0.151,-1.1132396169724887
864691135594581547,inh_BPC_2,4,4,2,0.0,0.25,0.75,True,0.4715405026820912,142077.91381204882,0.75,0.008,-2.2811994593390406
864691135661638640,inh_BPC_2,3,3,2,0.3333333333333333,0.0,0.6666666666666666,True,1.0032622955174382,349918.4311440028,0.3333333333333333,0.511,
864691135719524145,inh_BPC_2,6,6,2,0.3333333333333333,0.0,0.6666666666666666,True,0.5613852150266861,87555.17864030115,0.3333333333333333,0.038,-1.9137945295252416
864691135755054541,inh_BPC_2,6,6,2,0.0,0.16666666666666666,0.8333333333333334,True,inf,inf,0.3333333333333333,1.0,
864691135777111997,inh_BPC_2,4,4,2,0.0,0.0,1.0,False,1.0270482948824302,74139.11915637192,0.75,0.64,0.20081149596041623
864691135778218429,inh_BPC_2,4,4,2,0.0,0.0,1.0,False,0.06070391963658207,19153.536614049302,1.0,0.0,-4.101668752436155
864691135874865806,inh_BPC_2,3,3,1,0.0,0.6666666666666666,0.3333333333333333,True,0.7140351563321422,129636.34649393086,0.3333333333333333,0.057,-1.398664247354958
864691135877536083,inh_BPC_2,3,3,2,0.0,0.0,1.0,False,0.06037444086693895,4348.63795830678,1.0,0.002,-1.9523095019844718
864691135927620308,inh_BPC_2,3,3,2,0.0,0.0,1.0,False,0.7315820544117897,150560.08698484694,0.3333333333333333,0.303,-0.6047366754134763
864691135938589956,inh_BPC_2,6,6,2,0.0,0.16666666666666666,0.8333333333333334,True,0.7927416359444783,5789.838400340832,0.8333333333333334,0.386,-0.37633902990126905
864691135954797320,inh_BPC_2,3,3,1,0.0,1.0,0.0,False,0.4507369879847238,122294.73167617335,0.3333333333333333,0.043,-1.609084327819092
864691136009447340,inh_BPC_2,3,3,2,0.0,0.0,1.0,False,0.9991946217532913,282186.7131202317,0.6666666666666666,0.498,0.04759174779064965
864691136025061177,inh_BPC_2,7,7,2,0.0,0.14285714285714285,0.8571428571428571,True,,inf,0.7142857142857143,1.0,
864691136134859915,inh_BPC_2,4,4,1,0.0,0.75,0.25,True,0.06643598094408021,15879.693229485236,0.75,0.0,-3.571780182244593
864691136195718988,inh_BPC_2,3,3,2,0.0,0.3333333333333333,0.6666666666666666,True,1.3611273532256214,345270.83143996,0.3333333333333333,0.937,1.271011044269991
864691136335054515,inh_BPC_2,3,3,2,0.0,0.0,1.0,False,0.0,0.0,1.0,0.416,-0.8805880081930293
864691136484356908,inh_BPC_2,3,3,2,0.0,0.0,1.0,False,0.0,0.0,1.0,0.391,-0.9364227312489903
864691136602919889,inh_BPC_2,3,3,2,0.0,0.0,1.0,False,1.1888672963146711,282687.3463643034,0.3333333333333333,0.681,0.7735259781372584
864691136618560475,inh_BPC_2,4,4,2,0.0,0.25,0.75,True,0.4696002940625044,131495.97099700742,0.25,0.033,-2.087598096261517
864691136926769226,inh_BPC_2,10,10,2,0.3,0.1,0.6,True,1.0922962419922626,244882.7693608222,0.2,0.775,0.8538801404575972
